date,company,document_title,document_url
2026-06-19 12:35:33,https://investors.graphicpkg.com/governance/governance-documents/default.aspx,GPHC+Amended+and+Restated+Certificate+of+Incorporation+6 12 2026+(signed)+(1),https://d1io3yog0oux5.cloudfront.net/_8bf2073ca9b82fd1db7acffee3ebf65e/graphicpkg/db/2275/21803/file/GPHC+Amended+and+Restated+Certificate+of+Incorporation+6-12-2026+%28signed%29+%281%29.pdf
2026-06-19 12:35:33,https://investors.graphicpkg.com/governance/governance-documents/default.aspx,Graphic Packaging Holding Company Conflict Minerals Report 2025 Download,https://d1io3yog0oux5.cloudfront.net/_8bf2073ca9b82fd1db7acffee3ebf65e/graphicpkg/db/2275/21415/file/2025+Conflict+Minerals+Report.pdf
2026-06-28 05:09:41,https://www.rainbowhospitals.in/investors-relations/policies-and-programs,"Closure of Trading Window - June 30, 2026",https://d31scedd5hpubp.cloudfront.net/investor_files/Closure_of_Trading_Window_-_June_30__2026.pdf
2026-06-28 05:09:41,https://www.rainbowhospitals.in/investors-relations/policies-and-programs,"Intimation of Allotment of Equity Shares - June 25, 2026",https://d31scedd5hpubp.cloudfront.net/investor_files/Intimation_of_Allotment_of_Equity_Shares_-_June_25__2026.pdf
2026-06-28 05:09:41,https://www.sapphirefoods.in/investors-relation/updates,Sapphire Foods - Intimation of ESG Report for FY 2025-26,https://www.sapphirefoods.in/storage/app/media/Sapphire%20Foods%20-%20Intimation%20of%20ESG%20Report%20for%20FY%202025-26.pdf
2026-06-28 05:09:41,https://www.sapphirefoods.in/investors-relation/updates,Sapphire Foods - Intimation of BRSR for FY 2025-26,https://www.sapphirefoods.in/storage/app/media/Sapphire%20Foods%20-%20Intimation%20of%20BRSR%20for%20FY%202025-26.pdf
2026-06-28 05:09:41,https://www.sapphirefoods.in/investors-relation/updates,Sapphire Foods - Notice of AGM and Annual Report for FY 2025-26,https://www.sapphirefoods.in/storage/app/media/Sapphire%20Foods%20-%20Notice%20of%20AGM%20and%20Annual%20Report%20for%20FY%202025-26.pdf
2026-06-28 05:09:41,https://www.sapphirefoods.in/investors-relation/updates,Sapphire Foods - Newspaper Advt (Intimation of AGM) - 27-06-2026,https://www.sapphirefoods.in/storage/app/media/sapphire-foods-newspaper-advt-intimation-agm-27-06-2026.pdf
2026-06-28 05:09:41,https://www.sapphirefoods.in/investors-relation/updates,Sapphire Foods - Update on GST Litigation - 26-06-2026,https://www.sapphirefoods.in/storage/app/media/Sapphire%20Foods%20-%20Update%20on%20GST%20Litigation%20-%2026-06-2026.pdf
2026-06-28 05:09:41,https://www.sapphirefoods.in/investors-relation/updates,sapphire foods notice 17th agm 26 27,https://www.sapphirefoods.in/storage/app/media/sapphire-foods-notice-17th-agm-26-27.pdf
2026-06-28 05:09:41,https://www.sapphirefoods.in/investors-relation/updates,Sapphire Foods - Intimation of 17th AGM,https://www.sapphirefoods.in/storage/app/media/Sapphire%20Foods%20-%20Intimation%20of%2017th%20AGM.pdf
2026-06-28 05:09:40,https://www.rakbank.ae/en/loans/personal-loans/personal-loan/,Key fact statement arrow_forward,https://rakb01mstr81n7oprod.dxcloud.episerver.net/globalassets/rakbank/all-pdfs/001---key-fact-statements/bilingual/kfs088-personal-loan-expat.pdf
2026-06-28 05:09:40,https://www.ltts.com/investors/exchange-announcements,"Intimation of Board Meeting – July 14, 2026",https://www.ltts.com/sites/default/files/investors/exchange-announcements/LTTSBMIntimation14072026sd.pdf
2026-06-28 05:09:40,https://www.sapphirefoods.in/investors-relation/annual-reports,annual report 2025 26,https://www.sapphirefoods.in/storage/app/media/annual-report-2025-26.pdf
2026-06-28 05:09:40,https://www.sapphirefoods.in/investors-relation/annual-reports,Gamma Pizzakraft Lanka (Private) Limited FY26,https://www.sapphirefoods.in/storage/app/media/gamma-pizzakraft-lanka-private-limited-fy26.pdf
2026-06-28 05:09:40,https://www.sapphirefoods.in/investors-relation/annual-reports,french restaurants private limited fy26,https://www.sapphirefoods.in/storage/app/media/french-restaurants-private-limited-fy26.pdf
2026-06-28 05:09:40,https://www.sapphirefoods.in/investors-relation/annual-reports,ESG Report 2025 26 27June,https://www.sapphirefoods.in/storage/app/media/ESG%20Report_2025-26-27June.pdf
2026-06-28 05:09:40,https://ir.fulcrumtx.com/financial-information/sec-filings,"Filed by ""insiders"" prior intended sale of restricted stock.",https://ir.fulcrumtx.com/static-files/9e2a4f66-80ba-41f8-aed1-b564d4041b53
2026-06-28 05:09:40,https://ir.fulcrumtx.com/financial-information/sec-filings,"Filed by ""insiders"" prior intended sale of restricted stock.",https://ir.fulcrumtx.com/static-files/0ad2080e-42b6-4f70-ae83-ce2b62d495c8
2026-06-28 05:09:44,https://suriagroup.com.my/investorrelations/,Notice of EGM,https://suriagroup.com.my/wp-content/uploads/2026/06/Notice-of-EGM.pdf
2026-06-28 05:09:44,https://suriagroup.com.my/investorrelations/,Proxy Form,https://suriagroup.com.my/wp-content/uploads/2026/06/Proxy-Form.pdf
2026-06-28 05:09:39,https://www.blsinternational.com/announcements.php,"Intimation of closure of Trading Window w.e.f July 01, 2026",https://www.blsinternational.com/assets/pdf/announcements/Intimation of closure of trading window_signed.pdf
2026-06-29 04:25:34,https://nalcoindia.com/company/policies-docs/,Sexual Harassment of Women at Workplace – formation of Internal Complaints Committee Posted Date: 29/06/2026,https://nalcoindia.com/wp-content/uploads/2023/08/IC_Circular_HQ_MR_SP_merged.pdf
2026-06-29 04:25:34,https://www.cab.jo/investor-relations/sustainabilty-reports-2,Sustainability Report for 2025,https://www.cab.jo/wp-content/uploads/2026/06/CAB_Sustainability_Report.pdf
2026-06-29 04:25:36,https://www.arabpotash.com/En/List/Annual_Reports,apc english annual report 2025,https://www.arabpotash.com/ebv4.0/root_storage/en/eb_list_page/apc_english_annual_report_2025.pdf
2026-06-29 04:25:36,https://www.fticonsulting.com/about/governance,modern slavery statement australia fy2025 under review,https://www.fticonsulting.com/-/media/files/us-files/our-firm/guidelines/modern-slavery-statement-australia-fy2025-under-review.pdf?rev=92b4e6c41a4447f6b311e5d0980c68a8
2026-06-29 13:44:18,https://www.mrcb.com.my/corporate-governance.html,"Gifts, Hospitality, Donations, and Similar Benefits Policy v2","https://www.mrcb.com.my/assets/images/pages/pdf/cg/Gifts, Hospitality, Donations, and Similar Benefits Policy_v2.pdf"
2026-06-29 13:44:18,https://www.cera-india.com/investor-relations/financial-information,CERA Annual Report 2025-26 VIEW PDF,https://www.cera-india.com/sites/default/files/2026-06/CERA%20Annual%20Report%202025-26.pdf
2026-06-29 13:44:18,https://www.alokind.com/annualreport.html,Annual Report for the year 2025 26,https://www.alokind.com/assets/pdf/investor-relations/annual-reports/Annual_Report_for_the_year_2025_26.pdf
2026-06-29 13:44:18,https://www.cabnet.asia/annual-reports,1782724713 annual report 2026,https://www.cabnet.asia/data/cms/images/1782724713_annual-report-2026.pdf?iframe
2026-06-29 13:44:18,https://www.cabnet.asia/annual-reports,1782724749 cg report 2026,https://www.cabnet.asia/data/cms/images/1782724749_cg-report-2026.pdf?iframe
2026-06-29 13:44:18,https://www.moonpig.group/,moonpig group plc fy26 full year results investor factsheet,https://www.moonpig.group/media/0tqhyd35/moonpig-group-plc-fy26-full-year-results-investor-factsheet.pdf
2026-06-29 13:44:18,https://www.moonpig.group/,moonpig group plc fy26 full year results announcement,https://www.moonpig.group/media/mrknsquo/moonpig-group-plc-fy26-full-year-results-announcement.pdf
2026-06-29 13:44:18,https://www.irbinvit.co.in/announcement/,Audited Consolidated & Standalone Financial Results of IRB InvIT Fund (‘The Trust’) for the Half Year and Financial year ended,https://www.irbinvit.co.in/wp-content/uploads/2026/06/IntimationofBM_IRBInvITFund_sd.pdf
2026-06-29 13:44:19,https://nalcoindia.com/sustainability/sustainable-development-reports/,KYC updation letter 13 08 2025 b,https://nalcoindia.com/wp-content/uploads/2026/06/KYC-updation-letter-13-08-2025-b.pdf
2026-06-29 13:44:19,https://www.cera-india.com/investor-relations/disclosure-of-events-under-regulation-30-of-sebi-lodr-regulations-2015,Closure of Trading Window 30.06.2026 VIEW PDF,https://www.cera-india.com/sites/default/files/2026-06/Closure%20of%20Trading%20Window%2030.06.2026.pdf
2026-06-29 13:44:19,https://www.rainbowhospitals.in/investors-relations/policies-and-programs,Intimation regarding 28th AGM,https://d31scedd5hpubp.cloudfront.net/investor_files/Intimation_regarding_28th_AGM.pdf
2026-06-29 13:44:19,https://www.bankneocommerce.co.id/en/company-information/good-corporate-government#RUPS Announcements,Pedoman dan Tata Tertib Kerja (Piagam) Dewan Komisaris Tahun 2026 (web),https://www-cms.bankneo.co.id/storage/files/1/Tata Kelola/Pedoman Kerja Direksi dan Komisaris/Pedoman dan Tata Tertib Kerja (Piagam) Dewan Komisaris Tahun 2026 (web).pdf
2026-06-29 13:44:19,https://www.sapphirefoods.in/investors-relation/updates,Sapphire Foods - Newspaper Advt (Notice of AGM) - 28-06-2026,https://www.sapphirefoods.in/storage/app/media/sapphire-foods-newspaper-advt-notice-agm-28-06-2026.pdf
2026-06-29 13:44:15,https://en.wynnmacaulimited.com/announcements-and-circulars,Grant of Awards,https://en.wynnmacaulimited.com/static-files/2028e668-7eae-46c8-b1e7-9385d129dacb 
2026-06-29 13:44:15,https://mahindralogistics.com/corporate-announcement,Silent Period Announcement Q1FY2027 Published on: 26 June 2026,https://mahindralogistics.com/tabs/cms/files/Silent-Period-Announcement-Q1FY2027.pdf
2026-06-29 13:44:15,https://mahindralogistics.com/financial-results/quaterly-result/,Board Meeting Intimation – Q1FY2026 Published on: 26 June 2026,https://mahindralogistics.com/tabs/cms/files/Board-Meeting-Intimation-Q1FY2026.pdf
2026-06-29 13:44:15,https://www.biosig.com/investors,2026 05 14 Streamex Corp Reports Q1 2026 Financial Results 421,https://d1io3yog0oux5.cloudfront.net/_c6584461407d407bbb96770763583cbf/biosigtech/news/2026-05-14_Streamex_Corp_Reports_Q1_2026_Financial_Results_421.pdf
2026-06-29 13:44:15,https://www.foresight.group/document-library,04 Jul 2023 FY23 Download Datapack Download Transcript Download Results Announcement Download Sustainability Report Download Presentation Download Report View Highlights,https://www.foresight.group/media/qhdb1x52/fghl-fy26-results-announcement.pdf
2026-06-29 13:44:15,https://www.foresight.group/document-library,04 Jul 2023 FY23 Download Datapack Download Transcript Download Results Announcement Download Sustainability Report Download Presentation Download Report View Highlights,https://www.foresight.group/media/viflix4k/fy26-results-presentation.pdf
2026-06-29 13:44:15,https://www.foresight.group/document-library,04 Jul 2023 FY23 Download Datapack Download Transcript Download Results Announcement Download Sustainability Report Download Presentation Download Report View Highlights,https://www.foresight.group/media/cpyoxwda/fghl_ar26.pdf
2026-06-29 13:44:15,https://www.irbinvit.co.in/annual-reports/,Transcript of 4 th Annual General Meeting (AGM) of IRB InvIT Fund,https://www.irbinvit.co.in/wp-content/uploads/2026/06/Annual-Report-–-2025-26.pdf
2026-06-29 13:44:15,https://www.irbinvit.co.in/annual-reports/,Transcript of 4 th Annual General Meeting (AGM) of IRB InvIT Fund,https://www.irbinvit.co.in/wp-content/uploads/2026/06/Notice-of-9th-Annual-Meeting.pdf
2026-06-29 13:44:15,https://www.bridgepoint.eu/,bridgepoint group plc consensus 29 jun 2026.downloadasset,https://www.bridgepoint.eu/content/dam/bridgepoint/corporate2022/documents/financial-information/consensus/bridgepoint-group-plc-consensus-29-jun-2026.pdf.downloadasset.pdf
2026-06-29 13:44:15,https://www.bridgepoint.eu/shareholders,bridgepoint group plc consensus 29 jun 2026,https://www.bridgepoint.eu/content/dam/bridgepoint/corporate2022/documents/financial-information/consensus/bridgepoint-group-plc-consensus-29-jun-2026.pdf
2026-06-29 13:44:15,https://www.bridgepoint.eu/shareholders/results-reports-and-presentations,bridgepoint group kayne anderson real estatement announcement 20260629.downloadasset,https://www.bridgepoint.eu/content/dam/bridgepoint/corporate2022/documents/financial-information/results_reports_presentations/2026/bridgepoint-group-kayne-anderson-real-estatement-announcement-20260629.pdf.downloadasset.pdf
2026-06-29 13:44:15,https://www.bridgepoint.eu/shareholders/results-reports-and-presentations,bridgepoint group kayne anderson real estatement presentation.downloadasset,https://www.bridgepoint.eu/content/dam/bridgepoint/corporate2022/documents/financial-information/results_reports_presentations/2026/bridgepoint-group-kayne-anderson-real-estatement-presentation.pdf.downloadasset.pdf
2026-06-29 13:44:15,https://www.freedomholdingcorp.com/investors/esg-for-investors,Tear+Sheet,https://d1io3yog0oux5.cloudfront.net/_3b2697cd62921aab59f642f8f52f1ead/freedomholdingcorp/files/Tear+Sheet.pdf
2026-06-29 13:44:27,https://www.rcbc.com/annual-reports,RCBC 2025 Annual and Sustainability Report,https://www.rcbc.com/uploads/media/RCBC-Annual-Report-2025-1.pdf
2026-06-29 13:44:27,https://www.bashneft.ru/disclosure/facts/,"О дате, на которую определяются (фиксируются) лица, имеющие право на осуществление прав по ценным бумагам эмитента 29.06.2026 (PDF: 219.16 КБ)",https://www.bashneft.ru/upload/iblock/f49/3zhkux30mpb1o2dt7uwwqnnunqaw405n/4.О_начисленных_дивидендах_ПАА.pdf
2026-06-29 13:44:27,https://www.bashneft.ru/disclosure/facts/,"О дате, на которую определяются (фиксируются) лица, имеющие право на осуществление прав по ценным бумагам эмитента 29.06.2026 (PDF: 219.16 КБ)",https://www.bashneft.ru/upload/iblock/da6/u8rseqbjikb3t32c6h9ncu9rejcpx9mp/3.О_начисленных_дивидендах_ОА.pdf
2026-06-29 13:44:27,https://www.bashneft.ru/disclosure/facts/,"О дате, на которую определяются (фиксируются) лица, имеющие право на осуществление прав по ценным бумагам эмитента 29.06.2026 (PDF: 219.16 КБ)",https://www.bashneft.ru/upload/iblock/12e/06s7w19hg2tye201unitmxnrkjowddgf/2.О_дате_списка_по_дивидендам.pdf
2026-06-29 13:44:27,https://www.bashneft.ru/disclosure/facts/,"О выплаченных доходах по ценным бумагам эмитента, а также об иных выплатах, причитающихся владельцам ценных бумаг эмитента 11.06.2026 (PDF: 234.06",https://www.bashneft.ru/upload/iblock/289/wtowtc6hise6jjo66l5t4dpbo95ph47t/1.Решения_ГОСА_26.06.2026_раскрытие.pdf
2026-06-29 13:44:27,https://www.zueblin.ch/en/mediacenter/#reports,epra sustainability reporting 2025,https://www.zueblin.ch/site/assets/files/4602/epra_sustainability_reporting_2025.pdf
2026-06-29 13:44:27,https://investors.vertumotors.com/announcements/#share,Transaction In Own Shares,https://investors.vertumotors.com/custom/147342.pdf
2026-06-29 13:44:27,https://www.freedomholdingcorp.com/investors,2026 06 01 Freedom Holding Corp FRHC Reports 2026 99,https://d1io3yog0oux5.cloudfront.net/_3b2697cd62921aab59f642f8f52f1ead/freedomholdingcorp/news/2026-06-01_Freedom_Holding_Corp_FRHC_Reports_2026_99.pdf
2026-06-29 13:44:27,https://www.freedomholdingcorp.com/investors,20260602+ +Corporate+presentation+ +Freedom+Holding+Corp,https://d1io3yog0oux5.cloudfront.net/_3b2697cd62921aab59f642f8f52f1ead/freedomholdingcorp/db/357/3297/pdf/20260602+-+Corporate+presentation+-+Freedom+Holding+Corp.pdf
2026-06-29 13:44:16,http://en.wynnmacaulimited.com/announcements-and-circulars,Grant of Awards,http://en.wynnmacaulimited.com/static-files/2028e668-7eae-46c8-b1e7-9385d129dacb 
2026-06-29 13:44:16,https://www.sciencegroup.com/news/,"29 June, 2026 Transaction in own shares",https://www.sciencegroup.com/wp-content/uploads/2026/06/Buyback-26.06.2026.pdf
2026-06-29 13:44:16,https://www.cera-india.com/investor-relations/corporate-governance,Corporate Governance Report for the year ended 31st March 2026 VIEW PDF,https://www.cera-india.com/sites/default/files/2026-06/Corporate%20Governance%20Report%20for%20the%20year%20ended%2031st%20March%202026.pdf
2026-06-29 13:44:16,https://www.picknpayinvestor.co.za/governance.php,pick n pay board diversity policy 2026,https://www.picknpayinvestor.co.za/pdf/governance/2026/pick-n-pay-board-diversity-policy-2026.pdf
2026-06-29 13:44:19,https://www.foresight.group/about-us/sustainability,"As a long-established leader in responsible investing, we believe that sustainability drives performance, underpins good governance and strengthens the relationships",https://www.foresight.group/media/q4eneo25/sustainability-web_fghl_ar26.pdf
2026-06-29 13:44:19,https://www.foresight.group/about-us/sustainability,TCFD Foresight Group LLP Asset Manager Report 2026,https://www.foresight.group/media/oe3jw1e1/llp-tcfd-compliance-statement-fy26.pdf
2026-06-29 13:44:19,https://www.foresightgroup.eu/about-us/sustainability,"As a long-established leader in responsible investing, we believe that sustainability drives performance, underpins good governance and strengthens the relationships",https://www.foresightgroup.eu/media/q4eneo25/sustainability-web_fghl_ar26.pdf
2026-06-29 13:44:19,https://www.foresightgroup.eu/about-us/sustainability,TCFD Foresight Group LLP Asset Manager Report 2026,https://www.foresightgroup.eu/media/oe3jw1e1/llp-tcfd-compliance-statement-fy26.pdf
2026-06-29 13:44:19,https://www.maxindia.com/corporate-policies,familarization program 2025 26,https://www.maxindia.com/static/uploads/corporatepolicy/familarization-program-2025-26.pdf
2026-06-29 13:44:19,https://www.nutexhealth.com/governance-documents/,NUTX Code of Business Conduct and Ethics Udated 2025 07 06,https://nutexhealth.com/wp-content/uploads/2026/03/NUTX-Code-of-Business-Conduct-and-Ethics_Udated-2025-07-06.pdf
2026-06-29 13:44:19,https://www.nutexhealth.com/governance-documents/,2025 01 22 Securities Trading Policy Updated 3 25 2025,https://nutexhealth.com/wp-content/uploads/2026/03/2025-01-22-Securities-Trading-Policy-Updated-3-25-2025.pdf
2026-06-29 13:44:19,https://www.nutexhealth.com/governance-documents/,2024 04 11 Nutex Board Diversity Matrix Disclosure,https://nutexhealth.com/wp-content/uploads/2026/03/2024-04-11-Nutex-Board-Diversity-Matrix-Disclosure.pdf
2026-06-29 13:44:19,https://www.nutexhealth.com/governance-documents/,NUTX Clawback Policy,https://nutexhealth.com/wp-content/uploads/2026/03/NUTX-Clawback-Policy.pdf
2026-06-29 13:44:19,https://www.arabpotash.com/En/List/Annual_Reports,apc english annual report 2025 med,https://www.arabpotash.com/ebv4.0/root_storage/en/eb_list_page/apc_english_annual_report_2025_med.pdf
2026-06-29 13:44:19,https://www.cab.jo/investor-relations/financial-statements,"Annual Report December 31, 2025",https://www.cab.jo/wp-content/uploads/2026/04/CAB-Annual-report-2025-ENGLISH.pdf
2026-06-30 04:18:26,https://www.gerresheimer.com/en/sustainability/downloads,Gerresheimer Separate Non financial Report 2025 protected,https://www.gerresheimer.com/fileadmin/user_upload/user_upload/gerresheimer/ir/downloads/reports/2025/Non_financial_report/Gerresheimer_Separate_Non-financial_Report_2025_protected.pdf
2026-06-30 04:18:26,https://www.globalworth.com/sustainability/reports/,Globalworth Sustainable Development Report 2025,https://www.globalworth.com/wp-content/uploads/2026/06/Globalworth_Sustainable_Development_Report_2025.pdf
2026-06-30 04:18:26,https://www.graphicpkg.com/sustainability/sustainability-reporting/,2025 Impact Report compressed,https://www.graphicpkg.com/custom-content/uploads/2026/06/2025-Impact-Report-compressed.pdf
2026-06-30 04:18:26,https://www.graphicpkg.com/sustainability/sustainability-reporting/,2025 Executive Summary,https://www.graphicpkg.com/custom-content/uploads/2026/06/2025-Executive-Summary.pdf
2026-06-30 04:18:26,https://www.graphicpkg.com/sustainability/sustainability-reporting/,2025 ESG Data Summary,https://www.graphicpkg.com/custom-content/uploads/2026/06/2025-ESG-Data-Summary.pdf
2026-06-30 04:18:26,https://www.sm-energy.com/sustainability/governance,Nominating+and+Governance+Committee+Charter+(Adopted+5.21.26),https://d1io3yog0oux5.cloudfront.net/_def6c739cd94f993fd4aee70f911e7b6/smenergy/db/3852/35602/file/Nominating+and+Governance+Committee+Charter+%28Adopted+5.21.26%29.pdf
2026-06-30 04:18:26,https://www.sm-energy.com/sustainability/governance,Operations+and+EHS+Committee+Charter+(Adopted+5.21.26),https://d1io3yog0oux5.cloudfront.net/_def6c739cd94f993fd4aee70f911e7b6/smenergy/db/3852/35603/file/Operations+and+EHS+Committee+Charter+%28Adopted+5.21.26%29.pdf
2026-06-30 04:18:26,https://www.thedesigngroup.com/reports-presentations/,2026 Annual Report,https://www.thedesigngroup.com/wp-content/uploads/2026/06/01_Web_DG_AR26.pdf
2026-06-30 04:18:23,https://www.rubis.fr/en/media-library/publications/,Letter to Shareholders #12 – June 2026,https://www.rubis.fr/app/uploads/sites/2/2026/06/rubis-letter-shareholders-12.pdf
2026-06-30 04:18:23,https://investor.sonoco.com/governance/governance-documents/default.aspx,Spain 2025 Public CbCR Report (English),https://s204.q4cdn.com/935421280/files/doc_document_list/2026/Jun/29/SONOCOPRODUCTSCOMPANY_pCbCR_2025-12-31_en-ff2fa4.pdf
2026-06-30 04:18:23,https://investor.sonoco.com/governance/governance-documents/default.aspx,Spain 2025 Public CbCR Report (Spanish),https://s204.q4cdn.com/935421280/files/doc_document_list/2026/Jun/29/SONOCOPRODUCTSCOMPANY_pCbCR_2025-12-31_es-d203f0.pdf
2026-06-30 04:18:25,https://www.ltts.com/investors/exchange-announcements,Presentation of Analyst Meet,https://www.ltts.com/sites/default/files/investors/exchange-announcements/LTTSRegulation30EIAnalystDay.pdf
2026-06-30 04:18:25,https://www.ltts.com/investors/exchange-announcements,Request for re-classification received from Nabha Power Limited,https://www.ltts.com/sites/default/files/investors/exchange-announcements/LTTSRequestforReclassification.pdf
2026-06-30 04:18:25,https://www.dalmiacement.com/investors-relations/shareholders-Information,DBL AGM INSPECTION 2026,https://www.dalmiacement.com/assets/pdf/shareholder-Information/Annual-General-Meeting/fy26/DBL AGM INSPECTION 2026.pdf
2026-06-30 04:18:25,https://ir.zegnagroup.com/financial-documents/annual-reports/default.aspx,Zegna Key dividend Information ENG Vfinal,https://s29.q4cdn.com/118983938/files/doc_downloads/2026/06/Zegna-Key-dividend-Information-ENG_-Vfinal.pdf
2026-06-30 04:18:25,https://ir.zegnagroup.com/financial-documents/annual-reports/default.aspx,Zegna Key Dividend Information ITA Vfinal,https://s29.q4cdn.com/118983938/files/doc_downloads/2026/06/Zegna-Key-Dividend-Information-ITA_-Vfinal.pdf
2026-06-30 04:18:25,https://ir.zegnagroup.com/financial-documents/annual-reports/default.aspx,Zegna Dividend Q A ENG Vfinal,https://s29.q4cdn.com/118983938/files/doc_downloads/2026/06/Zegna-Dividend-Q-A-ENG_-Vfinal.pdf
2026-06-30 04:18:25,https://ir.zegnagroup.com/financial-documents/annual-reports/default.aspx,Q&A Dividend distribution - ITA,https://s29.q4cdn.com/118983938/files/doc_downloads/2026/06/Zegna-Dividend-Q-A-ITA_-Vfinal.pdf
2026-06-30 04:18:25,https://www.freedomholdingcorp.com/investors/esg-for-investors,Tear+Sheet,https://d1io3yog0oux5.cloudfront.net/_975b398c77e4e0898e4107c44d71996e/freedomholdingcorp/files/Tear+Sheet.pdf
2026-06-30 04:18:25,https://www.sm-energy.com/investors/corporate-governance/board-committees,Nominating+and+Governance+Committee+Charter+(Adopted+5.21.26),https://d1io3yog0oux5.cloudfront.net/_def6c739cd94f993fd4aee70f911e7b6/smenergy/db/3721/35600/file/Nominating+and+Governance+Committee+Charter+%28Adopted+5.21.26%29.pdf
2026-06-30 04:18:25,https://www.sm-energy.com/investors/corporate-governance/board-committees,Operations+and+EHS+Committee+Charter+(Adopted+5.21.26),https://d1io3yog0oux5.cloudfront.net/_def6c739cd94f993fd4aee70f911e7b6/smenergy/db/3721/35601/file/Operations+and+EHS+Committee+Charter+%28Adopted+5.21.26%29.pdf
2026-06-30 04:18:23,https://www.hasi.com/sustainability,6a427858d125ad8126d39bc3 HASI Sustainability & Impact Report 2025,https://cdn.prod.website-files.com/686ff8b55ddf1cb3401c8c94/6a427858d125ad8126d39bc3_HASI%20Sustainability%20%26%20Impact%20Report%202025.pdf
2026-06-30 04:18:23,https://suriagroup.com.my/investorrelations/,Circular to Shareholders,https://suriagroup.com.my/wp-content/uploads/2026/06/Circular-to-Shareholder.pdf
2026-06-30 04:18:23,https://suriagroup.com.my/investorrelations/,Administrative Notes for EGM,https://suriagroup.com.my/wp-content/uploads/2026/06/EGM-Administrative-Notes.pdf
2026-06-30 04:18:23,https://www.rcbc.com/annual-reports,RCBC Annual Report 2025 Digital AFS Part 1,https://www.rcbc.com/uploads/media/RCBC-Annual-Report-2025-Digital-AFS-Part-1.pdf
2026-06-30 04:18:23,https://www.rcbc.com/annual-reports,RCBC Annual Report 2025 Digital AFS Part 2,https://www.rcbc.com/uploads/media/RCBC-Annual-Report-2025-Digital-AFS-Part-2.pdf
2026-06-30 04:18:23,https://www.rcbc.com/annual-reports,RCBC Annual Report 2025 Digital Products Services,https://www.rcbc.com/uploads/media/RCBC-Annual-Report-2025-Digital-Products-Services.pdf
2026-06-30 04:18:23,https://www.freedomholdingcorp.com/investors,2026 06 01 Freedom Holding Corp FRHC Reports 2026 99,https://d1io3yog0oux5.cloudfront.net/_975b398c77e4e0898e4107c44d71996e/freedomholdingcorp/news/2026-06-01_Freedom_Holding_Corp_FRHC_Reports_2026_99.pdf
2026-06-30 04:18:23,https://www.freedomholdingcorp.com/investors,20260602+ +Corporate+presentation+ +Freedom+Holding+Corp,https://d1io3yog0oux5.cloudfront.net/_975b398c77e4e0898e4107c44d71996e/freedomholdingcorp/db/357/3297/pdf/20260602+-+Corporate+presentation+-+Freedom+Holding+Corp.pdf
2026-06-30 04:18:22,https://www.sm-energy.com/,"Latest Presentation Jun 2, 2026 Investor Presentation – June 2026",https://d1io3yog0oux5.cloudfront.net/_def6c739cd94f993fd4aee70f911e7b6/smenergy/db/3711/35673/pdf/2026.06+SM+Investor+Presentation_Updated.pdf
2026-06-30 04:18:22,https://investors.blackdiamondtherapeutics.com/sec-filings,Report of unscheduled material events or corporate event,https://investors.blackdiamondtherapeutics.com/static-files/09f51faa-72af-4b9d-9b5a-dc2ed5c14c5c
2026-06-30 04:18:22,https://investors.blackdiamondtherapeutics.com/sec-filings,Report of unscheduled material events or corporate event,https://investors.blackdiamondtherapeutics.com/static-files/c7c5558b-efda-415f-98d0-dd3ba7126299
2026-06-30 04:18:22,https://investors.blackdiamondtherapeutics.com/sec-filings,Report of unscheduled material events or corporate event,https://investors.blackdiamondtherapeutics.com/static-files/356d975f-a0dc-4d88-9884-dd53ad45a292
2026-06-30 04:18:22,https://investors.blackdiamondtherapeutics.com/sec-filings,Statement of changes in beneficial ownership of securities,https://investors.blackdiamondtherapeutics.com/static-files/3681430d-eed0-4d36-9851-9b26c8b9a7b0
2026-06-30 04:18:22,https://investors.blackdiamondtherapeutics.com/sec-filings,Statement of changes in beneficial ownership of securities,https://investors.blackdiamondtherapeutics.com/static-files/8f6252f6-e93e-4e6b-9076-26484afb1fca
2026-06-30 04:18:22,https://investors.blackdiamondtherapeutics.com/sec-filings,Statement of changes in beneficial ownership of securities,https://investors.blackdiamondtherapeutics.com/static-files/0fcde9da-4e42-4c1f-a23e-586efb45d940
2026-06-30 04:18:22,https://investors.blackdiamondtherapeutics.com/sec-filings,Statement of changes in beneficial ownership of securities,https://investors.blackdiamondtherapeutics.com/static-files/8c421adf-2940-4c84-824c-612449001717
2026-06-30 04:18:22,https://investors.blackdiamondtherapeutics.com/sec-filings,Statement of changes in beneficial ownership of securities,https://investors.blackdiamondtherapeutics.com/static-files/1c934c58-0cd1-4699-9c82-45eae948c96f
2026-06-30 04:18:22,https://investors.blackdiamondtherapeutics.com/sec-filings,Statement of changes in beneficial ownership of securities,https://investors.blackdiamondtherapeutics.com/static-files/c036ec65-1d16-4918-b6eb-8d79b8c21881
2026-06-30 04:18:22,https://investors.blackdiamondtherapeutics.com/sec-filings,Statement of changes in beneficial ownership of securities,https://investors.blackdiamondtherapeutics.com/static-files/370459e1-a60e-4e96-b552-ff09eb5f2b52
2026-06-30 04:18:22,https://investors.blackdiamondtherapeutics.com/sec-filings,Statement of changes in beneficial ownership of securities,https://investors.blackdiamondtherapeutics.com/static-files/836cba71-e4d7-4e81-964b-3d806d828c7e
2026-06-30 04:18:22,https://investors.blackdiamondtherapeutics.com/sec-filings,Statement of changes in beneficial ownership of securities,https://investors.blackdiamondtherapeutics.com/static-files/03d2c12b-5719-4850-bc02-88f0c1c4a443
2026-06-30 04:18:22,https://investors.blackdiamondtherapeutics.com/sec-filings,Statement of changes in beneficial ownership of securities,https://investors.blackdiamondtherapeutics.com/static-files/76156993-05d3-478b-b029-0921cd3158c7
2026-06-30 04:18:22,https://investors.blackdiamondtherapeutics.com/sec-filings,Statement of changes in beneficial ownership of securities,https://investors.blackdiamondtherapeutics.com/static-files/9160bd0e-928d-4e71-8a6d-f591d6e3f594
2026-06-30 04:18:22,https://investors.blackdiamondtherapeutics.com/sec-filings,Statement of changes in beneficial ownership of securities,https://investors.blackdiamondtherapeutics.com/static-files/c6acbae8-7f23-4f20-8f00-f1f406d84377
2026-06-30 04:18:22,https://investors.blackdiamondtherapeutics.com/sec-filings,Statement of changes in beneficial ownership of securities,https://investors.blackdiamondtherapeutics.com/static-files/9f2ac7a9-b473-4b88-ac06-28123f7d73ae
2026-06-30 04:18:22,https://investors.blackdiamondtherapeutics.com/sec-filings,Statement of changes in beneficial ownership of securities,https://investors.blackdiamondtherapeutics.com/static-files/f6a70b69-4955-486e-a592-9cb964a02846
2026-06-30 04:18:22,https://investors.blackdiamondtherapeutics.com/sec-filings,Statement of changes in beneficial ownership of securities,https://investors.blackdiamondtherapeutics.com/static-files/bbe53ce9-e23b-43f7-8ddd-031862c8db8f
2026-06-30 04:18:22,https://investors.blackdiamondtherapeutics.com/sec-filings,Statement of changes in beneficial ownership of securities,https://investors.blackdiamondtherapeutics.com/static-files/f29522aa-1c2a-4239-8b1b-40d5d0d6c564
2026-06-30 04:18:22,https://investors.blackdiamondtherapeutics.com/sec-filings,Statement of changes in beneficial ownership of securities,https://investors.blackdiamondtherapeutics.com/static-files/e131a558-3ab2-4085-aea7-5ec639214cca
2026-06-30 04:18:22,https://investors.blackdiamondtherapeutics.com/sec-filings,Statement of changes in beneficial ownership of securities,https://investors.blackdiamondtherapeutics.com/static-files/db00ba99-6778-4fdd-a7dd-078925df6398
2026-06-30 04:18:25,https://www.tecsys.com/about-us/investors,4th Quarter Fiscal 2026 Report,https://www.tecsys.com/hubfs/Financial%20Statements/FY26Q4/Q4%20FY26%20Tecsys%20Financial%20Report.pdf?hsLang=en
2026-06-30 04:18:25,https://www.tecsys.com/about-us/investors,Investor Presentation Q4 FY2026,https://www.tecsys.com/hubfs/Financial%20Statements/FY26Q4/Investor%20Presentation%20Q4%20FY2026.pdf?hsLang=en
2026-06-30 04:18:25,https://www.nutexhealth.com/investor-materials/,final 030626 Nutex Health Q4 FY 2025 10K earnings 161181,https://nutexhealth.com/wp-content/uploads/2026/03/final-030626-Nutex-Health-Q4-FY-2025-10K-earnings-161181.pdf
2026-06-30 04:18:25,https://www.nutexhealth.com/investor-materials/,2nd and 3rd Q Investor call 12 2 25,https://nutexhealth.com/wp-content/uploads/2025/12/2nd-and-3rd-Q-Investor-call-12-2-25.pdf
2026-06-30 04:18:25,https://www.nutexhealth.com/investor-materials/,final 082525 nutex health q2 2025 update conf call 13755543,https://nutexhealth.com/wp-content/uploads/2025/09/final-082525-nutex-health-q2-2025-update-conf-call-13755543.pdf
2026-06-30 04:18:25,https://www.nutexhealth.com/investor-materials/,final 050126 Nutex Health 2026 Q1 Earnings Call 13759992,https://nutexhealth.com/wp-content/uploads/2026/05/final-050126-Nutex-Health-2026-Q1-Earnings-Call-13759992.pdf
2026-06-30 04:18:25,https://www.nutexhealth.com/investor-materials/,final 051425 nutex health inc q1 25 results conf call 13753610,https://nutexhealth.com/wp-content/uploads/2025/05/final-051425-nutex-health-inc-q1-25-results-conf-call-13753610.pdf
2026-06-30 04:18:25,https://www.nutexhealth.com/investor-materials/,final 040125 Nutex Health Q4 2024 Results 13751523,https://nutexhealth.com/wp-content/uploads/2025/04/final-040125-Nutex-Health-Q4-2024-Results-13751523.pdf
2026-06-30 04:18:25,https://www.nutexhealth.com/investor-materials/,118 EarningsCallTranscript,https://nutexhealth.com/wp-content/uploads/2024/11/118_EarningsCallTranscript.pdf
2026-06-30 04:18:25,https://www.nutexhealth.com/investor-materials/,FINAL 080924 Nutex Health Q2 2024 Financial Results 13748160,https://nutexhealth.com/wp-content/uploads/2024/08/FINAL-080924-Nutex-Health-Q2-2024-Financial-Results-13748160.pdf
2026-06-30 04:18:25,https://www.nutexhealth.com/investor-materials/,final 051024 Nutex Health Q1 2024 Financial Results Earnings Call 13746493,https://nutexhealth.com/wp-content/uploads/2024/05/final-051024-Nutex-Health-Q1-2024-Financial-Results-Earnings-Call-13746493.pdf
2026-06-30 14:38:07,https://www.iifl.com/finance/investor-relations/financials,IIFL Home Finance Signed FS 2025 2026,https://storage.googleapis.com/iifl-finance-storage/files/investor/financials/IIFL_Home_Finance_Signed_FS_2025-2026.pdf
2026-06-30 14:38:07,https://www.iifl.com/finance/investor-relations/financials,IIFL Samasta Signed FS 2025 2026,https://storage.googleapis.com/iifl-finance-storage/files/investor/financials/IIFL_Samasta_Signed_FS_2025-2026.pdf
2026-06-30 14:38:07,https://www.iifl.com/finance/investor-relations/financials,IIFL Fintech Signed FS 2025 2026,https://storage.googleapis.com/iifl-finance-storage/files/investor/financials/IIFL_Fintech_Signed_FS_2025-2026.pdf
2026-06-30 14:38:07,https://ir.olaplex.com/corporate-governance/board-committees,OLPX+ +Compensation+Committee+Charter+(Effective+2.3.2025),https://d1io3yog0oux5.cloudfront.net/_bf3ea6c3dd0132f0e942da72ac03ea35/olaplex/db/2237/20726/file/OLPX+-+Compensation+Committee+Charter+%28Effective+2.3.2025%29.pdf
2026-06-30 14:38:07,https://ir.olaplex.com/corporate-governance/board-committees,OLPX+ +Nominating+and+Corporate+Governance+Committee+Charter+(Effective+2.3.2025),https://d1io3yog0oux5.cloudfront.net/_bf3ea6c3dd0132f0e942da72ac03ea35/olaplex/db/2237/20727/file/OLPX+-+Nominating+and+Corporate+Governance+Committee+Charter+%28Effective+2.3.2025%29.pdf
2026-06-30 14:38:09,https://www.cera-india.com/investor-relations/disclosure-of-events-under-regulation-30-of-sebi-lodr-regulations-2015,Newspaper Publication – Notice of 28th Annual General Meeting – 30-06-2026 VIEW PDF,https://www.cera-india.com/sites/default/files/2026-06/Newspaper%20Publication%20%E2%80%93%20Notice%20of%2028th%20Annual%20General%20Meeting%20%E2%80%93%2030-06-2026_0.pdf
2026-06-30 14:38:09,https://www.birlasoft.com/company/investors/policies-reports-filings,Shares liable to be transferred to IEPF - 2018-19,https://www.birlasoft.com/sites/default/files/resources/downloads/investors/shares-liable-to-be-transferred-to-iepf-2018-19.pdf
2026-06-30 14:38:09,https://www.digi-communications.ro/en/corporate/corporate-governance,Digi Communications NV - Share Option Plan as amended on 29.06.2026,https://www.digi-communications.ro/en/see-file/Digi-Communications-NV-Share-Option-Plan-as-amended-on-29.06.2026.pdf
2026-06-30 14:38:09,https://www.digi-communications.ro/en/corporate/corporate-governance,Digi Remuneration Policy of the Members of the Board of Directors as amended on 29.06.2026,https://www.digi-communications.ro/en/see-file/Digi-Remuneration-Policy-of-the-Members-of-the-Board-of-Directors-as-amended-on-29.06.2026.pdf
2026-06-30 14:38:09,https://ir.olaplex.com/corporate-governance/governance-documents,OLPX+ +Corporate+Governance+Guidelines+(Effective+2.3.2025),https://d1io3yog0oux5.cloudfront.net/_bf3ea6c3dd0132f0e942da72ac03ea35/olaplex/db/2237/20724/file/OLPX+-+Corporate+Governance+Guidelines+%28Effective+2.3.2025%29.pdf
2026-06-30 14:38:09,https://www.are.com/corporate-responsibility.html#SocialResponsibilityPillars,"As a mission-driven company, we are guided by the conviction that enduring business performance and meaningful societal impact are inherently",https://www.are.com/cr/ARECR2025.pdf
2026-06-30 14:38:11,https://www.bsdcity.com/investor/financial-reports/,BSDE Q1 2026,https://www.bsdcity.com/app/uploads/2026/06/BSDE-Q1-2026.pdf
2026-06-30 14:38:11,https://www.cpipg.com/shareholder-corner-en,6a43716114372435868775,https://cpipg.com/storage/app/uploads/public/6a4/371/611/6a43716114372435868775.pdf
2026-06-30 14:38:11,https://en.wynnmacaulimited.com/announcements-and-circulars,Continuing Connected Transaction – Resort Marketing Services Agreements,https://en.wynnmacaulimited.com/static-files/22c02855-dc4c-4acc-b291-7b95c82dd6f6 
2026-06-30 14:38:11,https://www.sbicard.com/en/who-we-are/corporate-announcements.page,Intimation under Regulation 57(1) _ Series 30_ 29.06.2026,https://www.sbicard.com/sbi-card-en/assets/docs/pdf/who-we-are/notices/SEFilingInterestPayment30June2026.pdf
2026-06-30 14:38:11,https://www.foresight.group/document-library,04 Jul 2023 FY23 Download Datapack Download Transcript Download Results Announcement Download Sustainability Report Download Presentation Download Report View Highlights,https://www.foresight.group/media/vtpjcmwe/web__fghl_ar26.pdf
2026-06-30 14:38:11,https://opc-energy.com/en/corporate-governance/,"OPC emphasizes equal opportunities and equal employment conditions for all its employees, regardless of gender. As part of the Male",https://opc-energy.com/wp-content/uploads/2026/06/דוח-פומבי-חוק-שכר-שווה-15.6.2026.cleaned.pdf
2026-06-30 14:38:11,https://www.bridgepoint.eu/,modern slavery and human trafficking statement 31 Dec 2025,https://www.bridgepoint.eu/content/dam/bridgepoint/corporate2022/documents/governance/policies/modern-slavery-and-human-trafficking-statement-31%20Dec%202025.pdf
2026-06-30 14:38:11,https://ir.zegnagroup.com/financial-documents/annual-reports/default.aspx,ImportantNotice ZEGNA 1166 639183360995268227,https://s29.q4cdn.com/118983938/files/doc_downloads/2026/06/ImportantNotice_ZEGNA_1166_639183360995268227.pdf
2026-06-30 14:38:04,https://www.deutsche-boerse.com/dbg-en/responsibility/sustainability/esg-reporting-ratings/tcfd,Statement of Deutsche Börse Group on the UK Modern Slavery Act,https://www.deutsche-boerse.com/resource/blob/5358420/ae9fffc1df2223ab6f3757b2ee738ab4/data/uk-modern-slavery-act-statement-2025_en.pdf
2026-06-30 14:38:04,https://www.popular.com/en/corporate-sustainability/,"Advancing the social and economic well-being of our employees, customers, and communities has been central to Popular’s values since our",https://documents.popular.com/pdfs/SOC/reporte-sustentabilidad-2025.pdf
2026-06-30 14:38:04,https://www.picknpayinvestor.co.za/sustainability-reports-and-policies.php,2026 Sustainability Databook PDF 474KB,https://www.picknpayinvestor.co.za/pdf/sustainability-reports/2026/pnp-2026-sustainability-databook.pdf
2026-06-30 14:38:04,https://www.hasi.com/sustainability,6a43d05b9c6bef664e821fd5 HASI Internal Carbon Price,https://cdn.prod.website-files.com/686ff8b55ddf1cb3401c8c94/6a43d05b9c6bef664e821fd5_HASI%20Internal%20Carbon%20Price.pdf
2026-06-30 14:38:04,https://www.rcbc.com/annual-reports,RCBC 2025 Audit of the Financial Statements Part 1,https://www.rcbc.com/uploads/media/RCBC-AR-2025-Digital-AFS-Part-1.pdf
2026-06-30 14:38:04,https://www.rcbc.com/annual-reports,RCBC 2025 Audit of the Financial Statements Part 2,https://www.rcbc.com/uploads/media/RCBC-AR-2025-Digital-AFS-Part-2.pdf
2026-06-30 14:38:04,https://www.picknpayinvestor.co.za/reports-results-and-presentations.php,integrated annual report 2026 spread,https://www.picknpayinvestor.co.za/pdf/annual-report/2026/integrated-annual-report-2026-spread.pdf
2026-06-30 14:38:04,https://www.picknpayinvestor.co.za/reports-results-and-presentations.php,integrated annual report 2026 singles,https://www.picknpayinvestor.co.za/pdf/annual-report/2026/integrated-annual-report-2026-singles.pdf
2026-06-30 14:38:04,https://www.picknpayinvestor.co.za/reports-results-and-presentations.php,The Group has not prepared a separate corporate governance report in 2026. All 2026 Board Committee Reports are included in,https://www.picknpayinvestor.co.za/pdf/annual-report/2026/pnp-king-iv-application-report-2026.pdf
2026-06-30 14:38:04,https://investors.vertumotors.com/announcements/#share,Transaction In Own Shares,https://investors.vertumotors.com/custom/147352.pdf
2026-06-30 14:38:04,https://investors.graphicpkg.com/financials/default.aspx#annual,1Q26+GPK+Earnings+Presentation+vF,https://d1io3yog0oux5.cloudfront.net/_23bb8f0c1eac61fb3d27f33658ea92e9/graphicpkg/db/2288/21867/presentation/1Q26+GPK+Earnings+Presentation+vF.pdf
2026-06-30 14:38:04,https://investors.graphicpkg.com/governance/governance-documents/default.aspx,GPK+ +Amended+and+Restated+By Laws+(AB+Draft+5.27.26)(.8)+(002),https://d1io3yog0oux5.cloudfront.net/_23bb8f0c1eac61fb3d27f33658ea92e9/graphicpkg/db/2275/21424/file/GPK+-+Amended+and+Restated+By-Laws+%28AB+Draft+5.27.26%29%28.8%29+%28002%29.pdf
2026-06-30 14:38:04,https://investors.graphicpkg.com/governance/governance-documents/default.aspx,GPHC+Amended+and+Restated+Certificate+of+Incorporation+6 12 2026+(signed)+(1),https://d1io3yog0oux5.cloudfront.net/_23bb8f0c1eac61fb3d27f33658ea92e9/graphicpkg/db/2275/21803/file/GPHC+Amended+and+Restated+Certificate+of+Incorporation+6-12-2026+%28signed%29+%281%29.pdf
2026-06-30 14:38:04,https://investors.graphicpkg.com/governance/governance-documents/default.aspx,Graphic Packaging Holding Company Conflict Minerals Report 2025 Download,https://d1io3yog0oux5.cloudfront.net/_23bb8f0c1eac61fb3d27f33658ea92e9/graphicpkg/db/2275/21415/file/2025+Conflict+Minerals+Report.pdf
2026-06-30 14:38:04,http://www.ashtrom.com/investors-relations/notices-to-investors,p1752740 00pdf safe,https://cdn-cms2.ashtrom.co.il/media/q2onvr5i/p1752740-00pdf_safe.pdf
2026-06-30 14:38:04,https://www.mapmyindia.com/investor,Board Meeting intimation 30 June 2026.,https://cdn-public.mappls.com/about-mappls/assets/investor_doc/2026-27/BM_INTIMATION_30_June_2026.pdf
2026-06-30 14:38:04,https://www.mapmyindia.com/investor,BM Outcome 30 June 2026,https://cdn-public.mappls.com/about-mappls/assets/investor_doc/2026-27/BM_Outcome_30_June_2026.pdf
2026-06-30 14:38:04,https://www.mapmyindia.com/investor,Press release RV JMD 30 June 2026,https://cdn-public.mappls.com/about-mappls/assets/investor_doc/2026-27/Press_release_RV_JMD.pdf
2026-06-30 14:38:04,https://www.gpw.pl/ri-current-reports?geri_id,Policy of Remuneration of Members of the Management Board and the Supervisory Board of GPW PDF 233kB,https://www.gpw.pl/pub/GPW/files/PDF/regulacje/Policy_of_Remuneration_and_Resolution.pdf
2026-06-30 14:38:04,https://www.gpw.pl/ri-current-reports?geri_id,Policy of Gender Balance and Diversity on the Boards of GPW PDF 176kB,https://www.gpw.pl/pub/GPW/files/PDF/regulacje/Policy_of_Gender_Balance_Diversity_GPW.pdf
2026-06-30 14:38:03,https://www.cibeg.com/en/investor-relations/ir-library/investor-toolkit,Earnings Release 1Q2026 .pdf 306.0 KB,https://www.cibeg.com/-/media/project/downloads/investor-relations/ir-library/earning-releases/2026/1q26-press-release.pdf
2026-06-30 14:38:03,https://www.cibeg.com/en/investor-relations/ir-library/investor-toolkit,IR PPT 1Q2026 .pdf 3.5 MB,https://www.cibeg.com/-/media/project/downloads/investor-relations/ir-library/ir-and-esg-presentations/2026/1q26-ir-ppt.pdf
2026-06-30 14:38:03,https://www.cibeg.com/en/investor-relations/ir-library/investor-toolkit,ESG - 1Q2026 .pdf 3.7 MB,https://www.cibeg.com/-/media/project/downloads/investor-relations/ir-library/ir-and-esg-presentations/2026/1q26-ir-esg-ppt.pdf
2026-06-30 14:38:03,https://www.cibeg.com/en/investor-relations/ir-library/investor-toolkit,cib condensed financial statements consolidation may11 english,https://www.cibeg.com/-/media/project/downloads/investor-relations/ir-library/financial-statements/2026/q1/cib-condensed-financial-statements-consolidation-may11-english.pdf
2026-06-30 14:38:03,https://www.cibeg.com/en/investor-relations/ir-library/investor-toolkit,cib condensed financial statements standalone may11 english,https://www.cibeg.com/-/media/project/downloads/investor-relations/ir-library/financial-statements/2026/q1/cib-condensed-financial-statements-standalone-may11-english.pdf
2026-06-30 14:38:03,http://en.wynnmacaulimited.com/announcements-and-circulars,Continuing Connected Transaction – Resort Marketing Services Agreements,http://en.wynnmacaulimited.com/static-files/22c02855-dc4c-4acc-b291-7b95c82dd6f6 
2026-06-30 14:38:03,https://ir.jobyaviation.com/,Joby Aviation 2026 Q1 Shareholder+Letter compressed,https://d1io3yog0oux5.cloudfront.net/_87a80f97c37108a3987f3c3ded295b6c/jobyaviation/db/1086/9884/pdf/Joby_Aviation_2026_Q1_Shareholder+Letter_compressed.pdf
2026-06-30 14:38:03,https://ir.jobyaviation.com/,2026 05 05 Joby Reports First Quarter 2026 Financial 182,https://d1io3yog0oux5.cloudfront.net/_87a80f97c37108a3987f3c3ded295b6c/jobyaviation/news/2026-05-05_Joby_Reports_First_Quarter_2026_Financial_182.pdf
2026-06-30 14:38:03,https://ir.jobyaviation.com/,Joby Aviation 2026 Q1 Shareholder+Letter compressed,https://d1io3yog0oux5.cloudfront.net/_87a80f97c37108a3987f3c3ded295b6c/jobyaviation/db/1110/9881/shareholder_letter/Joby_Aviation_2026_Q1_Shareholder+Letter_compressed.pdf
2026-06-30 14:38:03,https://www.sciencegroup.com/news/,"30 June, 2026 Transaction in own shares",https://www.sciencegroup.com/wp-content/uploads/2026/06/Buyback-29.06.2026.pdf
2026-06-30 14:38:03,https://www.globaldata.com/newsletter-subscription/,Modern Slavery Act 2015 slavery and human trafficking statement letterhead 2025 signed 1,https://www.globaldata.com/wp-content/uploads/2026/06/Modern-Slavery-Act-2015-slavery-and-human-trafficking-statement-letterhead-2025-signed-1.pdf
2026-06-30 14:38:06,https://www.bharatforge.com/sustainability/downloads,may 2026,https://www.bharatforge.com/assets/pdf/sustainability/downloads/may-2026.pdf
2026-06-30 14:38:06,https://www.bharatforge.com/sustainability/downloads,Waste Management Project June 2026,https://www.bharatforge.com/assets/pdf/csr/Waste-Management-Project-June-2026.pdf
2026-06-30 14:38:06,https://ir.jobyaviation.com/corporate-governance/governance-documents,Global+Anti Bribery+and+Anti Corruption+Compliance+Policy.docx,https://d1io3yog0oux5.cloudfront.net/_87a80f97c37108a3987f3c3ded295b6c/jobyaviation/db/1097/9753/file/Global+Anti-Bribery+and+Anti-Corruption+Compliance+Policy.docx.pdf
2026-06-30 14:38:06,https://ir.jobyaviation.com/corporate-governance/governance-documents,Sustainability+Statement.docx,https://d1io3yog0oux5.cloudfront.net/_87a80f97c37108a3987f3c3ded295b6c/jobyaviation/db/1097/9764/file/Sustainability+Statement.docx.pdf
2026-06-30 14:38:06,https://sumichem.co.in/investors-relations.php#Governance,4). Draft 2nd Supplement to Contract for appointment of Dr. Suresh Ramachandran,https://sumichem.co.in/content/uploads/Register of Director.pdf
2026-06-30 14:38:06,https://sumichem.co.in/investors-relations.php#Governance,4). Draft 2nd Supplement to Contract for appointment of Dr. Suresh Ramachandran,https://sumichem.co.in/content/uploads/Original Contract for Appointment of Dr. Suresh Ramachandran.pdf
2026-06-30 14:38:06,https://sumichem.co.in/investors-relations.php#Governance,4). Draft 2nd Supplement to Contract for appointment of Dr. Suresh Ramachandran,https://sumichem.co.in/content/uploads/Supplement_to_Contract_Dr. Suresh Ramachandran.pdf
2026-06-30 14:38:06,https://sumichem.co.in/investors-relations.php#Governance,4). Draft 2nd Supplement to Contract for appointment of Dr. Suresh Ramachandran,https://sumichem.co.in/content/uploads/DRAFT 2nd Supplement to Contract _Dr Suresh Ramachandran.pdf
2026-06-30 14:38:06,https://sumichem.co.in/investors-relations.php#Governance,4). Draft 2nd Supplement to Contract for appointment of Dr. Suresh Ramachandran,https://sumichem.co.in/content/uploads/Register of Contract MBP-4_2025-26_organized.pdf
2026-06-30 14:38:06,https://sumichem.co.in/investors-relations.php#Governance,Annual Report FY 2025-2026 (PDF/2MB/ENGLISH) Download,https://sumichem.co.in/content/uploads/annual-report/SCIL_FINAL_AR_2025-26_web_ready-30-06-2026-08-54-37.pdf
2026-06-30 14:38:06,https://sumichem.co.in/investors-relations.php#Governance,Subsidiaries Annual Report FY 2025-2026 (PDF/2MB/ENGLISH) Download,https://sumichem.co.in/content/uploads/annual-report/BARRIX_Full_AR_2025_26_FINAL-30-06-2026-09-40-09.pdf
2026-06-30 14:38:06,https://eupe.com.my/investors,ECB Annual Report 2026 full,https://eupe.com.my/sites/default/files/node/annual-report/files/2026-06/ECB_Annual%20Report%202026_full.pdf
2026-06-30 14:38:06,https://eupe.com.my/investors,Statement / Circular to Shareholders,https://eupe.com.my/sites/default/files/node/annual-report/files/2026-06/ECB%20-%20Letter%20to%20Shareholders%20AR26.pdf
2026-06-30 14:38:06,https://eupe.com.my/investors,ECB SBB (Statement) RRPT (Circular) FY2026,https://eupe.com.my/sites/default/files/node/annual-report/files/2026-06/ECB%20-%20SBB%20%28Statement%29%20%20RRPT%20%28Circular%29%20FY2026.pdf
2026-06-30 14:38:06,https://eupe.com.my/investors,ECB Corporate Governance Report FY2026,https://eupe.com.my/sites/default/files/node/annual-report/files/2026-06/ECB%20-%20Corporate%20Governance%20Report%20FY2026.pdf
2026-06-30 14:38:06,https://eupe.com.my/investors,Statement / Circular to Shareholders,https://eupe.com.my/sites/default/files/node/annual-report/files/2026-06/ECB%20-%2030th%20AGM~Notice%20of%20AGM.pdf
2026-06-30 14:38:06,https://eupe.com.my/investors,Statement / Circular to Shareholders,https://eupe.com.my/sites/default/files/node/annual-report/files/2026-06/ECB_Proxy%20Form%202026.pdf
2026-06-30 14:38:06,https://eupe.com.my/investors,Statement / Circular to Shareholders,https://eupe.com.my/sites/default/files/node/annual-report/files/2026-06/ECB%20-%20Administrative%20Guide.pdf
2026-06-30 14:38:06,https://eupe.com.my/investors,Statement / Circular to Shareholders,https://eupe.com.my/sites/default/files/node/annual-report/files/2026-06/ECB%20-%20Requisition%20Form%20AR26.pdf
2026-06-30 14:38:06,https://www.picknpayinvestor.co.za/index.php,2026 Notice of AGM (spreads) – PDF 352 KB,https://www.picknpayinvestor.co.za/pdf/annual-report/2026/pnp-notice-of-2026-agm-spreads.pdf
2026-06-30 14:38:06,https://www.picknpayinvestor.co.za/index.php,2026 AGM Proxy Form (singles) – PDF 100KB,https://www.picknpayinvestor.co.za/pdf/annual-report/2026/pnp-2026-agm-proxy-form.pdf
2026-06-30 14:38:06,https://ir.olaplex.com/,2026 05 11 OLAPLEX Reports First Quarter 2026 68,https://d1io3yog0oux5.cloudfront.net/_bf3ea6c3dd0132f0e942da72ac03ea35/olaplex/news/2026-05-11_OLAPLEX_Reports_First_Quarter_2026_68.pdf
2026-06-30 14:38:06,https://www.shareindia.com/about-us/investor-relations,Updated Draft Scheme of Amalgamation dated 24.06.2026,https://www.shareindia.com/wp-content/uploads/data/uploads/Investor_Relations_Files/Updated-Scheme-24-06-2026.pdf
2026-06-30 14:38:06,https://investors.graphicpkg.com/,GPK Investor+Presentation+June+2026+vF2,https://d1io3yog0oux5.cloudfront.net/_23bb8f0c1eac61fb3d27f33658ea92e9/graphicpkg/db/2291/21662/downloadable_file/GPK_Investor+Presentation+June+2026+vF2.pdf
2026-06-30 14:38:06,https://investors.graphicpkg.com/,GPK Investor+Presentation+June+2026+vF2,https://d1io3yog0oux5.cloudfront.net/_23bb8f0c1eac61fb3d27f33658ea92e9/graphicpkg/db/2265/21879/pdf/GPK_Investor+Presentation+June+2026+vF2.pdf
2026-06-30 14:38:06,https://www.jindaltextiles.com/investor.php,Jindal Mobilitric Private Limited 2025 2026,https://www.jindaltextiles.com/investor-data/accountsofsubsidiary/2025-26/Jindal Mobilitric Private Limited 2025-2026.pdf
2026-06-30 14:38:06,https://www.jindaltextiles.com/investor.php,Planet Spinning Mills Private Limited 2025 2026,https://www.jindaltextiles.com/investor-data/accountsofsubsidiary/2025-26/Planet Spinning Mills Private Limited 2025-2026.pdf
2026-06-30 14:38:06,https://www.jindaltextiles.com/investor.php,Familiarization Programme JWL 2025-2026,https://www.jindaltextiles.com/investor-data/term/Familarization_Programme_JWL_2025-2026.pdf
2026-07-01 14:41:50,https://www.jollibee.com.ph/investors/sec-reports/sustainability-report/,2020 Annual Stockholders` Meeting video recording,https://bucketeer-3eb16243-2c1c-43d2-be4e-1c2b3664d293.s3.amazonaws.com/2026/07/2026-DRAFT.pdf
2026-07-01 14:41:50,https://www.jollibee.com.ph/investors/sec-reports/sustainability-report/,2020 Annual Stockholders` Meeting video recording,https://bucketeer-3eb16243-2c1c-43d2-be4e-1c2b3664d293.s3.amazonaws.com/2026/07/2025.pdf
2026-07-01 14:41:50,https://www.clevelandcliffs.com/news/fact-center,"James Graham – Executive Vice President, Human Resources, Chief Legal and Administrative Officer & Secretary",https://d1io3yog0oux5.cloudfront.net/_f75fc1cd3fd01833a4114733daa8f015/clevelandcliffs/db/1188/10363/file/CLF_ExecBio_JamesGraham_052022.pdf
2026-07-01 14:41:50,https://www.clevelandcliffs.com/news/fact-center,"Nicholas Kohlhas - Executive Vice President, Operations",https://d1io3yog0oux5.cloudfront.net/_f75fc1cd3fd01833a4114733daa8f015/clevelandcliffs/db/1188/12086/file/CLF_ExecBio_Kohlhas_062026.pdf
2026-07-01 14:41:50,https://www.clevelandcliffs.com/news/fact-center,CC FactSheet BurnsHarbor 062026,https://d1io3yog0oux5.cloudfront.net/_f75fc1cd3fd01833a4114733daa8f015/clevelandcliffs/db/1188/10379/file/CC_FactSheet_BurnsHarbor_062026.pdf
2026-07-01 14:41:50,https://www.clevelandcliffs.com/news/fact-center,CLF FactSheet HibbingTaconite 52026,https://d1io3yog0oux5.cloudfront.net/_f75fc1cd3fd01833a4114733daa8f015/clevelandcliffs/db/1188/10374/file/CLF_FactSheet_HibbingTaconite_52026.pdf
2026-07-01 14:41:50,https://www.clevelandcliffs.com/news/fact-center,CC FactSheet MansfieldWorks 072026,https://d1io3yog0oux5.cloudfront.net/_f75fc1cd3fd01833a4114733daa8f015/clevelandcliffs/db/1188/10392/file/CC_FactSheet_MansfieldWorks_072026.pdf
2026-07-01 14:41:50,https://www.clevelandcliffs.com/news/fact-center,CLF FactSheet NorthshoreMining 052026,https://d1io3yog0oux5.cloudfront.net/_f75fc1cd3fd01833a4114733daa8f015/clevelandcliffs/db/1188/10376/file/CLF_FactSheet_NorthshoreMining_052026.pdf
2026-07-01 14:41:50,https://www.clevelandcliffs.com/news/fact-center,CLF CC FactSheet Warren 062026,https://d1io3yog0oux5.cloudfront.net/_f75fc1cd3fd01833a4114733daa8f015/clevelandcliffs/db/1188/10373/file/CLF_CC_FactSheet_Warren_062026.pdf
2026-07-01 14:41:50,https://www.mrcb.com.my/corporate-governance.html,"Gifts, Hospitality, Donations & Similar Benefits Policy","https://www.mrcb.com.my/assets/images/pages/pdf/cg/PP_Gifts, Hospitality, Donations, and Similar Benefits_v2.pdf"
2026-07-01 14:41:50,https://www.clevelandcliffs.com/investors/corporate-governance/governance-documents,Compensation and Organization Committee Charter,https://d1io3yog0oux5.cloudfront.net/_f75fc1cd3fd01833a4114733daa8f015/clevelandcliffs/db/1097/10048/file/2024+07+24+Comp+Cmte+Charter+FINAL.pdf
2026-07-01 14:41:50,https://www.clevelandcliffs.com/investors/corporate-governance/governance-documents,2024+07+24+Strategy+and+Sustainability+Committee+Charter+FINAL,https://d1io3yog0oux5.cloudfront.net/_f75fc1cd3fd01833a4114733daa8f015/clevelandcliffs/db/1097/10050/file/2024+07+24+Strategy+and+Sustainability+Committee+Charter+FINAL.pdf
2026-07-01 14:41:50,https://www.clevelandcliffs.com/investors/corporate-governance/governance-documents,2024+07+24+Corporate+Governance+Guidelines+FINAL,https://d1io3yog0oux5.cloudfront.net/_f75fc1cd3fd01833a4114733daa8f015/clevelandcliffs/db/1097/11088/file/2024+07+24+Corporate+Governance+Guidelines+FINAL.pdf
2026-07-01 14:41:50,https://www.clevelandcliffs.com/investors/corporate-governance/governance-documents,CLF Policy Environmental 052021,https://d1io3yog0oux5.cloudfront.net/_f75fc1cd3fd01833a4114733daa8f015/clevelandcliffs/db/1097/10798/file/CLF_Policy_Environmental_052021.pdf
2026-07-01 14:41:50,https://www.clevelandcliffs.com/investors/corporate-governance/governance-documents,CLF Policy RelatedPartyTransactions 012020,https://d1io3yog0oux5.cloudfront.net/_f75fc1cd3fd01833a4114733daa8f015/clevelandcliffs/db/1097/10801/file/CLF_Policy_RelatedPartyTransactions_012020.pdf
2026-07-01 14:41:50,https://www.iifl.com/finance/investor-relations/financials,Draft MGT 7 2025 26,https://storage.googleapis.com/iifl-finance-storage/files/investor/financials/Draft_MGT-7_2025-26.pdf
2026-07-01 14:41:50,https://www.blueowlcapitalcorporation.com/investors/financial-results/financial-results,2026 05 06 Blue Owl Capital Corporation Announces March 31 92,https://www.blueowlcapitalcorporation.com/_assets/_59f9b43a17a59b95c079426c62436a05/blueowlcapitalcorporation/news/2026-05-06_Blue_Owl_Capital_Corporation_Announces_March_31_92.pdf
2026-07-01 14:41:50,https://www.blueowlcapitalcorporation.com/investors/financial-results/financial-results,OBDC+Q1+2026+Earnings+Call+Transcript,https://www.blueowlcapitalcorporation.com/_assets/_59f9b43a17a59b95c079426c62436a05/blueowlcapitalcorporation/db/2246/28752/webcast_transcript/OBDC+Q1+2026+Earnings+Call+Transcript.pdf
2026-07-01 14:41:50,https://www.blueowlcapitalcorporation.com/investors/financial-results/financial-results,Q1'26+OBDC+Earnings+Presentation+(05.06.26),https://www.blueowlcapitalcorporation.com/_assets/_59f9b43a17a59b95c079426c62436a05/blueowlcapitalcorporation/db/2246/28752/earnings_presentation/Q1%2726+OBDC+Earnings+Presentation+%2805.06.26%29.pdf
2026-07-01 14:41:50,https://www.blueowlcapitalcorporation.com/investors/financial-results/financial-results,Q1+2026+OBDC+Tearsheet+(05.07.26) vF,https://www.blueowlcapitalcorporation.com/_assets/_59f9b43a17a59b95c079426c62436a05/blueowlcapitalcorporation/db/2246/28752/tear_sheet/Q1+2026+OBDC+Tearsheet+%2805.07.26%29_vF.pdf
2026-07-01 14:41:50,https://www.blueowlcapitalcorporation.com/investors/financial-results/financial-results,2026 02 18 Blue Owl Capital Corporation Announces December 90,https://www.blueowlcapitalcorporation.com/_assets/_59f9b43a17a59b95c079426c62436a05/blueowlcapitalcorporation/news/2026-02-18_Blue_Owl_Capital_Corporation_Announces_December_90.pdf
2026-07-01 14:41:50,https://www.blueowlcapitalcorporation.com/investors/financial-results/financial-results,2025 11 05 Blue Owl Capital Corporation Announces September 86,https://www.blueowlcapitalcorporation.com/_assets/_59f9b43a17a59b95c079426c62436a05/blueowlcapitalcorporation/news/2025-11-05_Blue_Owl_Capital_Corporation_Announces_September_86.pdf
2026-07-01 14:41:50,https://www.blueowlcapitalcorporation.com/investors/financial-results/financial-results,2025 08 06 Blue Owl Capital Corporation Announces June 30 83,https://www.blueowlcapitalcorporation.com/_assets/_59f9b43a17a59b95c079426c62436a05/blueowlcapitalcorporation/news/2025-08-06_Blue_Owl_Capital_Corporation_Announces_June_30_83.pdf
2026-07-01 14:41:50,https://www.blueowlcapitalcorporation.com/investors/financial-results/financial-results,2025 05 07 Blue Owl Capital Corporation Announces March 31 81,https://www.blueowlcapitalcorporation.com/_assets/_59f9b43a17a59b95c079426c62436a05/blueowlcapitalcorporation/news/2025-05-07_Blue_Owl_Capital_Corporation_Announces_March_31_81.pdf
2026-07-01 14:41:50,https://www.blueowlcapitalcorporation.com/investors/financial-results/financial-results,2025 02 19 Blue Owl Capital Corporation Reports Full Year 79,https://www.blueowlcapitalcorporation.com/_assets/_59f9b43a17a59b95c079426c62436a05/blueowlcapitalcorporation/news/2025-02-19_Blue_Owl_Capital_Corporation_Reports_Full_Year_79.pdf
2026-07-01 14:41:50,https://www.blueowlcapitalcorporation.com/investors/financial-results/financial-results,2024 11 06 Blue Owl Capital Corporation Reports Third 73,https://www.blueowlcapitalcorporation.com/_assets/_59f9b43a17a59b95c079426c62436a05/blueowlcapitalcorporation/news/2024-11-06_Blue_Owl_Capital_Corporation_Reports_Third_73.pdf
2026-07-01 14:41:50,https://www.blueowlcapitalcorporation.com/investors/financial-results/financial-results,2024 08 07 Blue Owl Capital Corporation Reports Second 71,https://www.blueowlcapitalcorporation.com/_assets/_59f9b43a17a59b95c079426c62436a05/blueowlcapitalcorporation/news/2024-08-07_Blue_Owl_Capital_Corporation_Reports_Second_71.pdf
2026-07-01 14:41:50,https://www.blueowlcapitalcorporation.com/investors/financial-results/financial-results,2024 05 08 Blue Owl Capital Corporation Reports First 68,https://www.blueowlcapitalcorporation.com/_assets/_59f9b43a17a59b95c079426c62436a05/blueowlcapitalcorporation/news/2024-05-08_Blue_Owl_Capital_Corporation_Reports_First_68.pdf
2026-07-01 14:41:50,https://www.blueowlcapitalcorporation.com/investors/financial-results/financial-results,2024 02 21 Blue Owl Capital Corporation Reports Full Year 66,https://www.blueowlcapitalcorporation.com/_assets/_59f9b43a17a59b95c079426c62436a05/blueowlcapitalcorporation/news/2024-02-21_Blue_Owl_Capital_Corporation_Reports_Full_Year_66.pdf
2026-07-01 14:41:50,https://www.blueowlcapitalcorporation.com/investors/financial-results/financial-results,2023 11 08 Blue Owl Capital Corporation Reports Third 64,https://www.blueowlcapitalcorporation.com/_assets/_59f9b43a17a59b95c079426c62436a05/blueowlcapitalcorporation/news/2023-11-08_Blue_Owl_Capital_Corporation_Reports_Third_64.pdf
2026-07-01 14:41:50,https://www.blueowlcapitalcorporation.com/investors/financial-results/financial-results,2023 08 09 Blue Owl Capital Corporation Reports Second 62,https://www.blueowlcapitalcorporation.com/_assets/_59f9b43a17a59b95c079426c62436a05/blueowlcapitalcorporation/news/2023-08-09_Blue_Owl_Capital_Corporation_Reports_Second_62.pdf
2026-07-01 14:41:50,https://www.blueowlcapitalcorporation.com/investors/financial-results/financial-results,2023 05 10 Owl Rock Capital Corp Reports First Quarter Net 56,https://www.blueowlcapitalcorporation.com/_assets/_59f9b43a17a59b95c079426c62436a05/blueowlcapitalcorporation/news/2023-05-10_Owl_Rock_Capital_Corp_Reports_First_Quarter_Net_56.pdf
2026-07-01 14:41:50,https://www.blueowlcapitalcorporation.com/investors/financial-results/financial-results,2023 02 22 Owl Rock Capital Corp Reports Full Year Results 54,https://www.blueowlcapitalcorporation.com/_assets/_59f9b43a17a59b95c079426c62436a05/blueowlcapitalcorporation/news/2023-02-22_Owl_Rock_Capital_Corp_Reports_Full_Year_Results_54.pdf
2026-07-01 14:41:50,https://www.blueowlcapitalcorporation.com/investors/financial-results/financial-results,2022 11 02 Owl Rock Capital Corp Reports Third Quarter Net 50,https://www.blueowlcapitalcorporation.com/_assets/_59f9b43a17a59b95c079426c62436a05/blueowlcapitalcorporation/news/2022-11-02_Owl_Rock_Capital_Corp_Reports_Third_Quarter_Net_50.pdf
2026-07-01 14:41:50,https://www.blueowlcapitalcorporation.com/investors/financial-results/financial-results,2022 08 03 Owl Rock Capital Corp Reports Second Quarter Net 46,https://www.blueowlcapitalcorporation.com/_assets/_59f9b43a17a59b95c079426c62436a05/blueowlcapitalcorporation/news/2022-08-03_Owl_Rock_Capital_Corp_Reports_Second_Quarter_Net_46.pdf
2026-07-01 14:41:50,https://www.blueowlcapitalcorporation.com/investors/financial-results/financial-results,2022 05 04 Owl Rock Capital Corp Reports First Quarter Net 44,https://www.blueowlcapitalcorporation.com/_assets/_59f9b43a17a59b95c079426c62436a05/blueowlcapitalcorporation/news/2022-05-04_Owl_Rock_Capital_Corp_Reports_First_Quarter_Net_44.pdf
2026-07-01 14:41:50,https://www.blueowlcapitalcorporation.com/investors/financial-results/financial-results,2022 02 23 Owl Rock Capital Corp Reports Full Year Results 5,https://www.blueowlcapitalcorporation.com/_assets/_59f9b43a17a59b95c079426c62436a05/blueowlcapitalcorporation/news/2022-02-23_Owl_Rock_Capital_Corp_Reports_Full_Year_Results_5.pdf
2026-07-01 14:41:50,https://www.blueowlcapitalcorporation.com/investors/financial-results/financial-results,2021 11 03 Owl Rock Capital Corp Reports Third Quarter Net 7,https://www.blueowlcapitalcorporation.com/_assets/_59f9b43a17a59b95c079426c62436a05/blueowlcapitalcorporation/news/2021-11-03_Owl_Rock_Capital_Corp_Reports_Third_Quarter_Net_7.pdf
2026-07-01 14:41:50,https://www.blueowlcapitalcorporation.com/investors/financial-results/financial-results,2021 08 04 Owl Rock Capital Corp Reports Second Quarter Net 9,https://www.blueowlcapitalcorporation.com/_assets/_59f9b43a17a59b95c079426c62436a05/blueowlcapitalcorporation/news/2021-08-04_Owl_Rock_Capital_Corp_Reports_Second_Quarter_Net_9.pdf
2026-07-01 14:41:50,https://www.blueowlcapitalcorporation.com/investors/financial-results/financial-results,2021 05 05 Owl Rock Capital Corp Reports First Quarter Net 13,https://www.blueowlcapitalcorporation.com/_assets/_59f9b43a17a59b95c079426c62436a05/blueowlcapitalcorporation/news/2021-05-05_Owl_Rock_Capital_Corp_Reports_First_Quarter_Net_13.pdf
2026-07-01 14:41:50,https://www.blueowlcapitalcorporation.com/investors/financial-results/financial-results,2021 02 23 Owl Rock Capital Corp Reports Full Year Results 18,https://www.blueowlcapitalcorporation.com/_assets/_59f9b43a17a59b95c079426c62436a05/blueowlcapitalcorporation/news/2021-02-23_Owl_Rock_Capital_Corp_Reports_Full_Year_Results_18.pdf
2026-07-01 14:41:50,https://www.blueowlcapitalcorporation.com/investors/financial-results/financial-results,2020 11 04 Owl Rock Capital Corp Reports Third Quarter Net 21,https://www.blueowlcapitalcorporation.com/_assets/_59f9b43a17a59b95c079426c62436a05/blueowlcapitalcorporation/news/2020-11-04_Owl_Rock_Capital_Corp_Reports_Third_Quarter_Net_21.pdf
2026-07-01 14:41:50,https://www.blueowlcapitalcorporation.com/investors/financial-results/financial-results,2020 08 04 Owl Rock Capital Corp Reports Second Quarter Net 23,https://www.blueowlcapitalcorporation.com/_assets/_59f9b43a17a59b95c079426c62436a05/blueowlcapitalcorporation/news/2020-08-04_Owl_Rock_Capital_Corp_Reports_Second_Quarter_Net_23.pdf
2026-07-01 14:41:50,https://www.blueowlcapitalcorporation.com/investors/financial-results/financial-results,2020 05 05 Owl Rock Capital Corp Reports First Quarter Net 28,https://www.blueowlcapitalcorporation.com/_assets/_59f9b43a17a59b95c079426c62436a05/blueowlcapitalcorporation/news/2020-05-05_Owl_Rock_Capital_Corp_Reports_First_Quarter_Net_28.pdf
2026-07-01 14:41:50,https://www.blueowlcapitalcorporation.com/investors/financial-results/financial-results,2020 02 20 Owl Rock Capital Corp Reports Full Year Results 33,https://www.blueowlcapitalcorporation.com/_assets/_59f9b43a17a59b95c079426c62436a05/blueowlcapitalcorporation/news/2020-02-20_Owl_Rock_Capital_Corp_Reports_Full_Year_Results_33.pdf
2026-07-01 14:41:50,https://www.blueowlcapitalcorporation.com/investors/financial-results/financial-results,2019 10 31 Owl Rock Capital Corp Reports Third Quarter Net 37,https://www.blueowlcapitalcorporation.com/_assets/_59f9b43a17a59b95c079426c62436a05/blueowlcapitalcorporation/news/2019-10-31_Owl_Rock_Capital_Corp_Reports_Third_Quarter_Net_37.pdf
2026-07-01 14:41:50,https://www.blueowlcapitalcorporation.com/investors/financial-results/financial-results,2019 07 30 Owl Rock Capital Corp Reports Second Quarter Net 41,https://www.blueowlcapitalcorporation.com/_assets/_59f9b43a17a59b95c079426c62436a05/blueowlcapitalcorporation/news/2019-07-30_Owl_Rock_Capital_Corp_Reports_Second_Quarter_Net_41.pdf
2026-07-01 14:41:50,https://www.moonpig.group/governance/corporate-governance/,audit committee terms of reference june 2026,https://www.moonpig.group/media/nhyd325p/audit-committee-terms-of-reference-june-2026.pdf
2026-07-01 14:41:50,https://www.moonpig.group/governance/corporate-governance/,nomination committee terms of reference june 2026,https://www.moonpig.group/media/k2abvpls/nomination-committee-terms-of-reference-june-2026.pdf
2026-07-01 14:41:50,https://www.moonpig.group/governance/corporate-governance/,remuneration committee terms of reference june 2026,https://www.moonpig.group/media/yddbrezb/remuneration-committee-terms-of-reference-june-2026.pdf
2026-07-01 14:41:50,https://www.moonpig.group/governance/corporate-governance/,matters reserved to the board june 2026,https://www.moonpig.group/media/qjpa5cfe/matters-reserved-to-the-board-june-2026.pdf
2026-07-01 14:41:50,https://www.lotusbakeries.com/document-search,Change of total number of voting rights 30 June 2026 Press Release Regulated information Share information,https://www.lotusbakeries.com/sites/default/files/documents-nl/PB_wijzigingaantalstemrechten_30.06.2026.pdf
2026-07-01 14:41:50,https://www.lotusbakeries.com/document-search,Change of total number of voting rights 30 June 2026 Press Release Regulated information Share information,https://www.lotusbakeries.com/sites/default/files/documents-en/PR_changeoftotalnumberofvotingrights_30.06.2026.pdf
2026-07-01 14:41:50,https://eeii.ch/home,Quarterly Report 2026Q1 (en),https://eeii.ch/fileadmin/QR_2026Q1.pdf
2026-07-01 14:41:50,https://www.groupmaire.com/en/investors/sustainability-for-investors/,maire progress report 2025,https://www.groupmaire.com/media/filer_public/06/93/0693e0d5-95b4-4aea-8f78-04ab054915df/maire_progress_report_2025.pdf
2026-07-01 14:41:50,https://www.groupmaire.com/en/investors/sustainability-for-investors/,maire slb progress report 2025,https://www.groupmaire.com/media/filer_public/7c/39/7c39844c-0c79-4d27-9609-a0d2e572e6c3/maire_slb_progress_report_2025.pdf
2026-07-01 14:41:50,https://www.vpbank.com.vn/en/quan-he-nha-dau-tu,Sustainability Report 2025,https://www.vpbank.com.vn/-/media/VPBank Latest/6All/ENG-BC-PTBV-to-issue-30Jun.pdf
2026-07-01 14:41:50,https://www.birlasoft.com/company/investors/policies-reports-filings,annual report 2025 26,https://www.birlasoft.com/sites/default/files/resources/downloads/investors/annual-reports/annual-report-2025-26.pdf
2026-07-01 14:41:50,https://www.rainbowhospitals.in/investors-relations/policies-and-programs,Final Dividend Intimation FY26,https://d31scedd5hpubp.cloudfront.net/investor_files/Final_Dividend_Intimation_FY26.pdf
2026-07-01 14:41:50,https://investor.sonoco.com/governance/governance-documents/default.aspx,SpanishsubsidiariesofSonocoProductsCompany pCbCR 2025 12 31 en 4a1cfc,https://s204.q4cdn.com/935421280/files/doc_document_list/2026/Jun/30/SpanishsubsidiariesofSonocoProductsCompany_pCbCR_2025-12-31_en-4a1cfc.pdf
2026-07-01 14:41:50,https://investor.sonoco.com/governance/governance-documents/default.aspx,Filialesespa olasdeSonocoProductsCompany pCbCR 2025 12 31 es 41293a,https://s204.q4cdn.com/935421280/files/doc_document_list/2026/Jun/30/Filialesespa-olasdeSonocoProductsCompany_pCbCR_2025-12-31_es-41293a.pdf
2026-07-01 14:41:50,https://ir.herbalife.com/financial-information/financial-results,2026 05 06 Herbalife Reports First Quarter 2026 Net Sales 944,https://d1io3yog0oux5.cloudfront.net/_7875145ab9df4cf51097126e91452947/herbalife/news/2026-05-06_Herbalife_Reports_First_Quarter_2026_Net_Sales_944.pdf
2026-07-01 14:41:50,https://ir.herbalife.com/financial-information/financial-results,Herbalife+Q1+'26+Earnings+Presentation+ +FINAL,https://d1io3yog0oux5.cloudfront.net/_7875145ab9df4cf51097126e91452947/herbalife/db/1117/10816/earnings_presentation/Herbalife+Q1+%2726+Earnings+Presentation+-+FINAL.pdf
2026-07-01 14:41:50,https://ir.herbalife.com/financial-information/financial-results,Herbalife+Q1+2026+Earnings+Call+Transcript,https://d1io3yog0oux5.cloudfront.net/_7875145ab9df4cf51097126e91452947/herbalife/db/1117/10816/earnings_transcript/Herbalife+Q1+2026+Earnings+Call+Transcript.pdf
2026-07-01 14:41:50,https://ir.herbalife.com/financial-information/financial-results,Follow up on 1Q 2012 Conference Call,https://d1io3yog0oux5.cloudfront.net/_7875145ab9df4cf51097126e91452947/herbalife/db/1118/9778/file/Follow_up_on_1Q_2012_Conference_Call.pdf
2026-07-01 14:41:53,https://www.bsdcity.com/investor/press-release/,BSDE Press Release 30.06.2026,https://www.bsdcity.com/app/uploads/2026/07/BSDE-Press-Release-30.06.2026.pdf
2026-07-01 14:41:53,https://mahindralogistics.com/corporate-announcement,Cessation of Internal Auditor Published on: 30 June 2026,https://mahindralogistics.com/tabs/cms/files/Cessation-of-Internal-Auditor.pdf
2026-07-01 14:41:53,https://www.biosig.com/investors,2026 05 14 Streamex Corp Reports Q1 2026 Financial Results 421,https://d1io3yog0oux5.cloudfront.net/_a99b31608b1cf6beeb2ed39d5b6494f2/biosigtech/news/2026-05-14_Streamex_Corp_Reports_Q1_2026_Financial_Results_421.pdf
2026-07-01 14:41:53,https://www.ltts.com/investors/exchange-announcements,L&T Technology Services Launches Ainfonix™ 4.0 to Unlock Engineering Intelligence Across Process Industries,https://www.ltts.com/sites/default/files/investors/exchange-announcements/LTTSPressRelease30062026.pdf
2026-07-01 14:41:53,https://www.owlrockcapitalcorporation.com/investors,Q1'26+OBDC+Investor+Presentation+vF,https://www.blueowlcapitalcorporation.com/_assets/_59f9b43a17a59b95c079426c62436a05/blueowlcapitalcorporation/db/2218/29116/presentation/Q1%2726+OBDC+Investor+Presentation+vF.pdf
2026-07-01 14:41:53,https://www.dalmiacement.com/investors-relations/shareholders-Information,DBL- Voting Results of 13th AGM,https://www.dalmiacement.com/assets/pdf/shareholder-Information/Annual-General-Meeting/fy26/DBL- Voting Results of 13th AGM .pdf
2026-07-01 14:41:53,https://www.dalmiacement.com/investors-relations/shareholders-Information,DBL- Proceedings of 13th AGM,https://www.dalmiacement.com/assets/pdf/shareholder-Information/Annual-General-Meeting/fy26/DBL- Proceedings of 13th AGM .pdf
2026-07-01 14:41:53,https://ir.fulcrumtx.com/financial-information/sec-filings,0001193125-26-290622.pdf 0001193125-26-290622.rtf 0001193125-26-290622.xls View HTML,https://ir.fulcrumtx.com/static-files/06671edf-83c4-4e2b-a365-a80452bab55a
2026-07-01 14:41:53,https://ir.fulcrumtx.com/financial-information/sec-filings,0001193125-26-290622.pdf 0001193125-26-290622.rtf 0001193125-26-290622.xls View HTML,https://ir.fulcrumtx.com/static-files/6519c397-4971-4f9e-8b35-994429d7e147
2026-07-01 14:41:53,https://ir.fulcrumtx.com/financial-information/sec-filings,0001193125-26-290622.pdf 0001193125-26-290622.rtf 0001193125-26-290622.xls View HTML,https://ir.fulcrumtx.com/static-files/49c77962-18fa-4c3f-b7fc-1f802c71748d
2026-07-01 14:41:53,https://www.bridgepoint.eu/shareholders/governance/legal-regulatory-and-other-disclosures,bridgepoint tcfd and sdr entity report 2025,https://www.bridgepoint.eu/content/dam/bridgepoint/corporate2022/documents/governance/policies/bridgepoint-tcfd-and-sdr-entity-report-2025.pdf
2026-07-01 14:41:53,https://www.primefocus.com/investor-centre/resources/,ESOP_INTIMATION_25062026 Signed,https://www.primefocus.com/wp-content/uploads/2026/06/ESOP_INTIMATION_25062026signed.pdf
2026-07-01 14:41:52,https://www.federalsignal.com/federal-signal-sustainability,"For a Complete Perspective on Our Sustainability Initiatives and Achievements, Download Our 2026 Sustainability Report. 2026 SUSTAINABILITY REport 2025 |",https://www.federalsignal.com/hubfs/Federal%20Signal/Quarterly%20and%20Annual%20Reports/2026%20Sustainability%20Report%20(1).pdf
2026-07-01 14:41:52,https://www.lotusbakeries.com/sustainability-policies,2026 lotus bakeries palm oil policy en,https://www.lotusbakeries.com/sites/default/files/documents-en/2026_lotus_bakeries_palm_oil_policy_en.pdf
2026-07-01 14:41:52,https://www.ocbc.id/en/tentang-ocbc-nisp/tata-kelola,as indicated in the Statements of Accountability of the 2025 Annual Report and Sustainability Report [page 24 – 25],https://cdn1.ocbc.id/asset/media/Feature/AboutOCBC/Laporan-Tahunan/2025/2025_annual-report-ocbc.pdf?keyword=asean#page=24
2026-07-01 14:41:52,https://www.ocbc.id/en/tentang-ocbc-nisp/tata-kelola,"OCBC has established a policy for the selection of suppliers and contractors, as detailed in the Bank's Procurement Policy .",https://cdn1.ocbc.id/asset/media/Feature/AboutOCBC/Tata-Kelola/Procurement-Policy/procurement-policy.pdf
2026-07-01 14:41:52,https://www.eeii.ch/reports/2023,Quarterly Report 2026Q1 (en),https://www.eeii.ch/fileadmin/QR_2026Q1.pdf
2026-07-01 14:41:52,https://investors.vertumotors.com/announcements/#share,Transaction In Own Shares,https://investors.vertumotors.com/custom/147441.pdf
2026-07-01 14:41:52,https://investors.graphicpkg.com/financials/default.aspx#annual,1Q26+GPK+Earnings+Presentation+vF,https://d1io3yog0oux5.cloudfront.net/_91026d9e6ff3eec24a10314ae9d45123/graphicpkg/db/2288/21867/presentation/1Q26+GPK+Earnings+Presentation+vF.pdf
2026-07-01 14:41:52,https://investors.graphicpkg.com/governance/governance-documents/default.aspx,GPK+ +Amended+and+Restated+By Laws+(AB+Draft+5.27.26)(.8)+(002),https://d1io3yog0oux5.cloudfront.net/_91026d9e6ff3eec24a10314ae9d45123/graphicpkg/db/2275/21424/file/GPK+-+Amended+and+Restated+By-Laws+%28AB+Draft+5.27.26%29%28.8%29+%28002%29.pdf
2026-07-01 14:41:52,https://investors.graphicpkg.com/governance/governance-documents/default.aspx,GPHC+Amended+and+Restated+Certificate+of+Incorporation+6 12 2026+(signed)+(1),https://d1io3yog0oux5.cloudfront.net/_91026d9e6ff3eec24a10314ae9d45123/graphicpkg/db/2275/21803/file/GPHC+Amended+and+Restated+Certificate+of+Incorporation+6-12-2026+%28signed%29+%281%29.pdf
2026-07-01 14:41:52,https://investors.graphicpkg.com/governance/governance-documents/default.aspx,Graphic Packaging Holding Company Conflict Minerals Report 2025 Download,https://d1io3yog0oux5.cloudfront.net/_91026d9e6ff3eec24a10314ae9d45123/graphicpkg/db/2275/21415/file/2025+Conflict+Minerals+Report.pdf
2026-07-01 14:41:52,https://investors.graphicpkg.com/financials/default.aspx#sec,1Q26+GPK+Earnings+Presentation+vF,https://d1io3yog0oux5.cloudfront.net/_28b2c6f59e62ab60a3cdf355023c605f/graphicpkg/db/2288/21867/presentation/1Q26+GPK+Earnings+Presentation+vF.pdf
2026-07-01 14:41:50,https://eupe.com.my/sustainability,Eupe Corporation Berhad Sustainability Report 2026,https://eupe.com.my/sites/default/files/node/sustainability-report/files/2026-07/Eupe%20Corporation%20Berhad%20Sustainability%20Report%202026.pdf
2026-07-01 14:41:50,https://www.sciencegroup.com/news/,"01 July, 2026 Total voting rights",https://www.sciencegroup.com/wp-content/uploads/2026/07/Total-Voting-Rights-30.06.2026.pdf
2026-07-01 14:41:50,https://www.ricardo.com/en/who-we-are/governance/policies,ricardo coc may 2026 4,https://www.ricardo.com/media/hsyhmef4/ricardo-coc-may-2026-4.pdf
2026-07-01 14:41:51,https://www.bachem.com/about-bachem/sustainability/,2026 07 Bachem Sustainable procurement policy 1,https://www.bachem.com/wp-content/uploads/2026/03/2026-07_Bachem-Sustainable-procurement-policy-1.pdf
2026-07-01 14:41:51,https://www.bumiarmada.com/sustainability/,Bumi Armada Berhad won the prestigious Global CSR Excellence Award (FPSO/FSRU Category) at the 28th Offshore China (Shenzhen) Convention &,https://www.bumiarmada.com/wp-content/uploads/2026/07/Offshore-China-2026-Awards-Global-CSR-Excellence-Award-by-FPSOFSRU.pdf
2026-07-01 14:41:51,https://htgrp.com.my/financial-report/,HTVBGroup Q3 FY2026 Financials Announcement,https://htgrp.com.my/wp-content/uploads/2026/07/HTVBGroup-_Q3-FY2026-Financials-Announcement.pdf
2026-07-01 14:41:51,https://www.moonpig.group/investors/results-reports-and-presentations/,moonpig group plc fy26 full year results presentation script final,https://www.moonpig.group/media/zrehks2z/moonpig-group-plc-fy26-full-year-results-presentation-script-final.pdf
2026-07-01 14:41:51,https://www.moonpig.group/investors/results-reports-and-presentations/,moonpig group plc fy26 full year results analyst qa transcript analyst,https://www.moonpig.group/media/wsep4bz3/moonpig-group-plc-fy26-full-year-results-analyst-qa-transcript-analyst.pdf
2026-07-01 14:41:51,https://www.shareindia.com/about-us/investor-relations,Portfolio Manager Data Investor Grievances 1 June 2026,https://www.shareindia.com/wp-content/uploads/data/uploads/Investor_Relations_Files/Portfolio_Manager Data_Investor Grievances_1_June_2026.pdf
2026-07-01 14:41:51,https://www.shareindia.com/about-us/investor-relations,Research Analyst Data Investor Grievances 1 June 2026,https://www.shareindia.com/wp-content/uploads/data/uploads/Investor_Relations_Files/Research_Analyst Data_Investor Grievances_1_June  2026.pdf
2026-07-01 14:41:51,https://investors.graphicpkg.com/,GPK Investor+Presentation+June+2026+vF2,https://d1io3yog0oux5.cloudfront.net/_91026d9e6ff3eec24a10314ae9d45123/graphicpkg/db/2291/21662/downloadable_file/GPK_Investor+Presentation+June+2026+vF2.pdf
2026-07-01 14:41:51,https://investors.graphicpkg.com/,GPK Investor+Presentation+June+2026+vF2,https://d1io3yog0oux5.cloudfront.net/_91026d9e6ff3eec24a10314ae9d45123/graphicpkg/db/2265/21879/pdf/GPK_Investor+Presentation+June+2026+vF2.pdf
2026-07-01 14:41:51,https://ir.herbalife.com/corporate-governance/governance-documents,"FINAL+Audit+Committee+Charter+ +Effective+February+11,+2022+v2+(updated+name)",https://d1io3yog0oux5.cloudfront.net/_7875145ab9df4cf51097126e91452947/herbalife/db/1102/9949/file/FINAL+Audit+Committee+Charter+-+Effective+February+11%2C+2022+v2+%28updated+name%29.pdf
2026-07-01 14:41:51,https://ir.herbalife.com/corporate-governance/governance-documents,"FINAL+NCG+Committee+Charter+ +Effective+February+11,+2022+v2+(updated+name)",https://d1io3yog0oux5.cloudfront.net/_7875145ab9df4cf51097126e91452947/herbalife/db/1102/9951/file/FINAL+NCG+Committee+Charter+-+Effective+February+11%2C+2022+v2+%28updated+name%29.pdf
2026-07-02 14:55:37,https://www.sm-energy.com/sustainability/governance,Nominating+and+Governance+Committee+Charter+(Adopted+5.21.26),https://d1io3yog0oux5.cloudfront.net/_60fdb02b81fdc0aa712ddd25b8382069/smenergy/db/3852/35602/file/Nominating+and+Governance+Committee+Charter+%28Adopted+5.21.26%29.pdf
2026-07-02 14:55:37,https://www.sm-energy.com/sustainability/governance,Operations+and+EHS+Committee+Charter+(Adopted+5.21.26),https://d1io3yog0oux5.cloudfront.net/_60fdb02b81fdc0aa712ddd25b8382069/smenergy/db/3852/35603/file/Operations+and+EHS+Committee+Charter+%28Adopted+5.21.26%29.pdf
2026-07-02 14:55:37,https://www.clevelandcliffs.com/news/fact-center,"James Graham – Executive Vice President, Human Resources, Chief Legal and Administrative Officer & Secretary",https://d1io3yog0oux5.cloudfront.net/_d2b6acbc2ca44d93a91ab358d28e2cfa/clevelandcliffs/db/1188/10363/file/CLF_ExecBio_JamesGraham_052022.pdf
2026-07-02 14:55:37,https://www.clevelandcliffs.com/news/fact-center,"Nicholas Kohlhas - Executive Vice President, Operations",https://d1io3yog0oux5.cloudfront.net/_d2b6acbc2ca44d93a91ab358d28e2cfa/clevelandcliffs/db/1188/12086/file/CLF_ExecBio_Kohlhas_062026.pdf
2026-07-02 14:55:37,https://www.clevelandcliffs.com/news/fact-center,CC FactSheet BurnsHarbor 062026,https://d1io3yog0oux5.cloudfront.net/_d2b6acbc2ca44d93a91ab358d28e2cfa/clevelandcliffs/db/1188/10379/file/CC_FactSheet_BurnsHarbor_062026.pdf
2026-07-02 14:55:37,https://www.clevelandcliffs.com/news/fact-center,CLF FactSheet HibbingTaconite 52026,https://d1io3yog0oux5.cloudfront.net/_d2b6acbc2ca44d93a91ab358d28e2cfa/clevelandcliffs/db/1188/10374/file/CLF_FactSheet_HibbingTaconite_52026.pdf
2026-07-02 14:55:37,https://www.clevelandcliffs.com/news/fact-center,CC FactSheet MansfieldWorks 072026,https://d1io3yog0oux5.cloudfront.net/_d2b6acbc2ca44d93a91ab358d28e2cfa/clevelandcliffs/db/1188/10392/file/CC_FactSheet_MansfieldWorks_072026.pdf
2026-07-02 14:55:37,https://www.clevelandcliffs.com/news/fact-center,CLF FactSheet NorthshoreMining 052026,https://d1io3yog0oux5.cloudfront.net/_d2b6acbc2ca44d93a91ab358d28e2cfa/clevelandcliffs/db/1188/10376/file/CLF_FactSheet_NorthshoreMining_052026.pdf
2026-07-02 14:55:37,https://www.clevelandcliffs.com/news/fact-center,CLF CC FactSheet Warren 062026,https://d1io3yog0oux5.cloudfront.net/_d2b6acbc2ca44d93a91ab358d28e2cfa/clevelandcliffs/db/1188/10373/file/CLF_CC_FactSheet_Warren_062026.pdf
2026-07-02 14:55:37,https://www.cera-india.com/investor-relations/financial-information,Draft MGT-7 Annual Return FY 2025-26 VIEW PDF,https://www.cera-india.com/sites/default/files/2026-07/Draft%20MGT-7%20Annual%20Return%20FY%202025-26.pdf
2026-07-02 14:55:37,https://www.paninfinancial.co.id/id/informasi-investor/rups,ringkasan risalah rups 2026 ind,https://www.paninfinancial.co.id/media/kcfinder/docs/ringkasan-risalah-rups-2026-ind.pdf
2026-07-02 14:55:37,https://www.luxfer.com/investors/reports-and-presentations/annual-reports/,2026 Annual General Meeting Voting Results (0.11MB) Download - (PDF),https://www.luxfer.com/media/uzspg5o5/2026-agm-voting-results_final.pdf
2026-07-02 14:55:37,https://www.luxfer.com/investors/reports-and-presentations/annual-reports/,2026 Annual General Meeting Presentation (0.64MB) Download - (PDF),https://www.luxfer.com/media/oqgdevz2/2026-agm-presentation.pdf
2026-07-02 14:55:37,https://www.clevelandcliffs.com/investors/corporate-governance/governance-documents,Compensation and Organization Committee Charter,https://d1io3yog0oux5.cloudfront.net/_d2b6acbc2ca44d93a91ab358d28e2cfa/clevelandcliffs/db/1097/10048/file/2024+07+24+Comp+Cmte+Charter+FINAL.pdf
2026-07-02 14:55:37,https://www.clevelandcliffs.com/investors/corporate-governance/governance-documents,2024+07+24+Strategy+and+Sustainability+Committee+Charter+FINAL,https://d1io3yog0oux5.cloudfront.net/_d2b6acbc2ca44d93a91ab358d28e2cfa/clevelandcliffs/db/1097/10050/file/2024+07+24+Strategy+and+Sustainability+Committee+Charter+FINAL.pdf
2026-07-02 14:55:37,https://www.clevelandcliffs.com/investors/corporate-governance/governance-documents,2024+07+24+Corporate+Governance+Guidelines+FINAL,https://d1io3yog0oux5.cloudfront.net/_d2b6acbc2ca44d93a91ab358d28e2cfa/clevelandcliffs/db/1097/11088/file/2024+07+24+Corporate+Governance+Guidelines+FINAL.pdf
2026-07-02 14:55:37,https://www.clevelandcliffs.com/investors/corporate-governance/governance-documents,CLF Policy Environmental 052021,https://d1io3yog0oux5.cloudfront.net/_d2b6acbc2ca44d93a91ab358d28e2cfa/clevelandcliffs/db/1097/10798/file/CLF_Policy_Environmental_052021.pdf
2026-07-02 14:55:37,https://www.clevelandcliffs.com/investors/corporate-governance/governance-documents,CLF Policy RelatedPartyTransactions 012020,https://d1io3yog0oux5.cloudfront.net/_d2b6acbc2ca44d93a91ab358d28e2cfa/clevelandcliffs/db/1097/10801/file/CLF_Policy_RelatedPartyTransactions_012020.pdf
2026-07-02 14:55:37,https://www.iifl.com/finance/investor-relations/financials,Annual Report with Notice 2025 2026,https://storage.googleapis.com/iifl-finance-storage/files/investor/financials/Annual_Report_with_Notice_2025-2026.pdf
2026-07-02 14:55:37,https://www.blueowlcapitalcorporation.com/investors/financial-results/financial-results,2026 05 06 Blue Owl Capital Corporation Announces March 31 92,https://www.blueowlcapitalcorporation.com/_assets/_0079901b27744e201d6d9adb113c8a19/blueowlcapitalcorporation/news/2026-05-06_Blue_Owl_Capital_Corporation_Announces_March_31_92.pdf
2026-07-02 14:55:37,https://www.blueowlcapitalcorporation.com/investors/financial-results/financial-results,OBDC+Q1+2026+Earnings+Call+Transcript,https://www.blueowlcapitalcorporation.com/_assets/_0079901b27744e201d6d9adb113c8a19/blueowlcapitalcorporation/db/2246/28752/webcast_transcript/OBDC+Q1+2026+Earnings+Call+Transcript.pdf
2026-07-02 14:55:37,https://www.blueowlcapitalcorporation.com/investors/financial-results/financial-results,Q1'26+OBDC+Earnings+Presentation+(05.06.26),https://www.blueowlcapitalcorporation.com/_assets/_0079901b27744e201d6d9adb113c8a19/blueowlcapitalcorporation/db/2246/28752/earnings_presentation/Q1%2726+OBDC+Earnings+Presentation+%2805.06.26%29.pdf
2026-07-02 14:55:37,https://www.blueowlcapitalcorporation.com/investors/financial-results/financial-results,Q1+2026+OBDC+Tearsheet+(05.07.26) vF,https://www.blueowlcapitalcorporation.com/_assets/_0079901b27744e201d6d9adb113c8a19/blueowlcapitalcorporation/db/2246/28752/tear_sheet/Q1+2026+OBDC+Tearsheet+%2805.07.26%29_vF.pdf
2026-07-02 14:55:37,https://www.blueowlcapitalcorporation.com/investors/financial-results/financial-results,2026 02 18 Blue Owl Capital Corporation Announces December 90,https://www.blueowlcapitalcorporation.com/_assets/_0079901b27744e201d6d9adb113c8a19/blueowlcapitalcorporation/news/2026-02-18_Blue_Owl_Capital_Corporation_Announces_December_90.pdf
2026-07-02 14:55:37,https://www.blueowlcapitalcorporation.com/investors/financial-results/financial-results,2025 11 05 Blue Owl Capital Corporation Announces September 86,https://www.blueowlcapitalcorporation.com/_assets/_0079901b27744e201d6d9adb113c8a19/blueowlcapitalcorporation/news/2025-11-05_Blue_Owl_Capital_Corporation_Announces_September_86.pdf
2026-07-02 14:55:37,https://www.blueowlcapitalcorporation.com/investors/financial-results/financial-results,2025 08 06 Blue Owl Capital Corporation Announces June 30 83,https://www.blueowlcapitalcorporation.com/_assets/_0079901b27744e201d6d9adb113c8a19/blueowlcapitalcorporation/news/2025-08-06_Blue_Owl_Capital_Corporation_Announces_June_30_83.pdf
2026-07-02 14:55:37,https://www.blueowlcapitalcorporation.com/investors/financial-results/financial-results,2025 05 07 Blue Owl Capital Corporation Announces March 31 81,https://www.blueowlcapitalcorporation.com/_assets/_0079901b27744e201d6d9adb113c8a19/blueowlcapitalcorporation/news/2025-05-07_Blue_Owl_Capital_Corporation_Announces_March_31_81.pdf
2026-07-02 14:55:37,https://www.blueowlcapitalcorporation.com/investors/financial-results/financial-results,2025 02 19 Blue Owl Capital Corporation Reports Full Year 79,https://www.blueowlcapitalcorporation.com/_assets/_0079901b27744e201d6d9adb113c8a19/blueowlcapitalcorporation/news/2025-02-19_Blue_Owl_Capital_Corporation_Reports_Full_Year_79.pdf
2026-07-02 14:55:37,https://www.blueowlcapitalcorporation.com/investors/financial-results/financial-results,2024 11 06 Blue Owl Capital Corporation Reports Third 73,https://www.blueowlcapitalcorporation.com/_assets/_0079901b27744e201d6d9adb113c8a19/blueowlcapitalcorporation/news/2024-11-06_Blue_Owl_Capital_Corporation_Reports_Third_73.pdf
2026-07-02 14:55:37,https://www.blueowlcapitalcorporation.com/investors/financial-results/financial-results,2024 08 07 Blue Owl Capital Corporation Reports Second 71,https://www.blueowlcapitalcorporation.com/_assets/_0079901b27744e201d6d9adb113c8a19/blueowlcapitalcorporation/news/2024-08-07_Blue_Owl_Capital_Corporation_Reports_Second_71.pdf
2026-07-02 14:55:37,https://www.blueowlcapitalcorporation.com/investors/financial-results/financial-results,2024 05 08 Blue Owl Capital Corporation Reports First 68,https://www.blueowlcapitalcorporation.com/_assets/_0079901b27744e201d6d9adb113c8a19/blueowlcapitalcorporation/news/2024-05-08_Blue_Owl_Capital_Corporation_Reports_First_68.pdf
2026-07-02 14:55:37,https://www.blueowlcapitalcorporation.com/investors/financial-results/financial-results,2024 02 21 Blue Owl Capital Corporation Reports Full Year 66,https://www.blueowlcapitalcorporation.com/_assets/_0079901b27744e201d6d9adb113c8a19/blueowlcapitalcorporation/news/2024-02-21_Blue_Owl_Capital_Corporation_Reports_Full_Year_66.pdf
2026-07-02 14:55:37,https://www.blueowlcapitalcorporation.com/investors/financial-results/financial-results,2023 11 08 Blue Owl Capital Corporation Reports Third 64,https://www.blueowlcapitalcorporation.com/_assets/_0079901b27744e201d6d9adb113c8a19/blueowlcapitalcorporation/news/2023-11-08_Blue_Owl_Capital_Corporation_Reports_Third_64.pdf
2026-07-02 14:55:37,https://www.blueowlcapitalcorporation.com/investors/financial-results/financial-results,2023 08 09 Blue Owl Capital Corporation Reports Second 62,https://www.blueowlcapitalcorporation.com/_assets/_0079901b27744e201d6d9adb113c8a19/blueowlcapitalcorporation/news/2023-08-09_Blue_Owl_Capital_Corporation_Reports_Second_62.pdf
2026-07-02 14:55:37,https://www.blueowlcapitalcorporation.com/investors/financial-results/financial-results,2023 05 10 Owl Rock Capital Corp Reports First Quarter Net 56,https://www.blueowlcapitalcorporation.com/_assets/_0079901b27744e201d6d9adb113c8a19/blueowlcapitalcorporation/news/2023-05-10_Owl_Rock_Capital_Corp_Reports_First_Quarter_Net_56.pdf
2026-07-02 14:55:37,https://www.blueowlcapitalcorporation.com/investors/financial-results/financial-results,2023 02 22 Owl Rock Capital Corp Reports Full Year Results 54,https://www.blueowlcapitalcorporation.com/_assets/_0079901b27744e201d6d9adb113c8a19/blueowlcapitalcorporation/news/2023-02-22_Owl_Rock_Capital_Corp_Reports_Full_Year_Results_54.pdf
2026-07-02 14:55:37,https://www.blueowlcapitalcorporation.com/investors/financial-results/financial-results,2022 11 02 Owl Rock Capital Corp Reports Third Quarter Net 50,https://www.blueowlcapitalcorporation.com/_assets/_0079901b27744e201d6d9adb113c8a19/blueowlcapitalcorporation/news/2022-11-02_Owl_Rock_Capital_Corp_Reports_Third_Quarter_Net_50.pdf
2026-07-02 14:55:37,https://www.blueowlcapitalcorporation.com/investors/financial-results/financial-results,2022 08 03 Owl Rock Capital Corp Reports Second Quarter Net 46,https://www.blueowlcapitalcorporation.com/_assets/_0079901b27744e201d6d9adb113c8a19/blueowlcapitalcorporation/news/2022-08-03_Owl_Rock_Capital_Corp_Reports_Second_Quarter_Net_46.pdf
2026-07-02 14:55:37,https://www.blueowlcapitalcorporation.com/investors/financial-results/financial-results,2022 05 04 Owl Rock Capital Corp Reports First Quarter Net 44,https://www.blueowlcapitalcorporation.com/_assets/_0079901b27744e201d6d9adb113c8a19/blueowlcapitalcorporation/news/2022-05-04_Owl_Rock_Capital_Corp_Reports_First_Quarter_Net_44.pdf
2026-07-02 14:55:37,https://www.blueowlcapitalcorporation.com/investors/financial-results/financial-results,2022 02 23 Owl Rock Capital Corp Reports Full Year Results 5,https://www.blueowlcapitalcorporation.com/_assets/_0079901b27744e201d6d9adb113c8a19/blueowlcapitalcorporation/news/2022-02-23_Owl_Rock_Capital_Corp_Reports_Full_Year_Results_5.pdf
2026-07-02 14:55:37,https://www.blueowlcapitalcorporation.com/investors/financial-results/financial-results,2021 11 03 Owl Rock Capital Corp Reports Third Quarter Net 7,https://www.blueowlcapitalcorporation.com/_assets/_0079901b27744e201d6d9adb113c8a19/blueowlcapitalcorporation/news/2021-11-03_Owl_Rock_Capital_Corp_Reports_Third_Quarter_Net_7.pdf
2026-07-02 14:55:37,https://www.blueowlcapitalcorporation.com/investors/financial-results/financial-results,2021 08 04 Owl Rock Capital Corp Reports Second Quarter Net 9,https://www.blueowlcapitalcorporation.com/_assets/_0079901b27744e201d6d9adb113c8a19/blueowlcapitalcorporation/news/2021-08-04_Owl_Rock_Capital_Corp_Reports_Second_Quarter_Net_9.pdf
2026-07-02 14:55:37,https://www.blueowlcapitalcorporation.com/investors/financial-results/financial-results,2021 05 05 Owl Rock Capital Corp Reports First Quarter Net 13,https://www.blueowlcapitalcorporation.com/_assets/_0079901b27744e201d6d9adb113c8a19/blueowlcapitalcorporation/news/2021-05-05_Owl_Rock_Capital_Corp_Reports_First_Quarter_Net_13.pdf
2026-07-02 14:55:37,https://www.blueowlcapitalcorporation.com/investors/financial-results/financial-results,2021 02 23 Owl Rock Capital Corp Reports Full Year Results 18,https://www.blueowlcapitalcorporation.com/_assets/_0079901b27744e201d6d9adb113c8a19/blueowlcapitalcorporation/news/2021-02-23_Owl_Rock_Capital_Corp_Reports_Full_Year_Results_18.pdf
2026-07-02 14:55:37,https://www.blueowlcapitalcorporation.com/investors/financial-results/financial-results,2020 11 04 Owl Rock Capital Corp Reports Third Quarter Net 21,https://www.blueowlcapitalcorporation.com/_assets/_0079901b27744e201d6d9adb113c8a19/blueowlcapitalcorporation/news/2020-11-04_Owl_Rock_Capital_Corp_Reports_Third_Quarter_Net_21.pdf
2026-07-02 14:55:37,https://www.blueowlcapitalcorporation.com/investors/financial-results/financial-results,2020 08 04 Owl Rock Capital Corp Reports Second Quarter Net 23,https://www.blueowlcapitalcorporation.com/_assets/_0079901b27744e201d6d9adb113c8a19/blueowlcapitalcorporation/news/2020-08-04_Owl_Rock_Capital_Corp_Reports_Second_Quarter_Net_23.pdf
2026-07-02 14:55:37,https://www.blueowlcapitalcorporation.com/investors/financial-results/financial-results,2020 05 05 Owl Rock Capital Corp Reports First Quarter Net 28,https://www.blueowlcapitalcorporation.com/_assets/_0079901b27744e201d6d9adb113c8a19/blueowlcapitalcorporation/news/2020-05-05_Owl_Rock_Capital_Corp_Reports_First_Quarter_Net_28.pdf
2026-07-02 14:55:37,https://www.blueowlcapitalcorporation.com/investors/financial-results/financial-results,2020 02 20 Owl Rock Capital Corp Reports Full Year Results 33,https://www.blueowlcapitalcorporation.com/_assets/_0079901b27744e201d6d9adb113c8a19/blueowlcapitalcorporation/news/2020-02-20_Owl_Rock_Capital_Corp_Reports_Full_Year_Results_33.pdf
2026-07-02 14:55:37,https://www.blueowlcapitalcorporation.com/investors/financial-results/financial-results,2019 10 31 Owl Rock Capital Corp Reports Third Quarter Net 37,https://www.blueowlcapitalcorporation.com/_assets/_0079901b27744e201d6d9adb113c8a19/blueowlcapitalcorporation/news/2019-10-31_Owl_Rock_Capital_Corp_Reports_Third_Quarter_Net_37.pdf
2026-07-02 14:55:37,https://www.blueowlcapitalcorporation.com/investors/financial-results/financial-results,2019 07 30 Owl Rock Capital Corp Reports Second Quarter Net 41,https://www.blueowlcapitalcorporation.com/_assets/_0079901b27744e201d6d9adb113c8a19/blueowlcapitalcorporation/news/2019-07-30_Owl_Rock_Capital_Corp_Reports_Second_Quarter_Net_41.pdf
2026-07-02 14:55:37,https://www.birlasoft.com/company/investors/corporate-governance,newspaper publication notice with respect to transfer of equity shares of the company to iepf,https://www.birlasoft.com/sites/default/files/resources/downloads/investors/newspaper-publication-notice-with-respect-to-transfer-of-equity-shares-of-the-company-to-iepf.pdf
2026-07-02 14:55:37,https://www.irbinvit.co.in/announcement/,Audited Consolidated & Standalone Financial Results of IRB InvIT Fund (‘The Trust’) for the Half Year and Financial year ended,https://www.irbinvit.co.in/wp-content/uploads/2026/07/Disclosure-of-IRB-InvIT-Fund-July-2-2026_Sd.pdf
2026-07-02 14:55:38,https://nalcoindia.com/sustainability/sustainable-development-reports/,shares to be transferred to IEP 18 10 2026,https://nalcoindia.com/wp-content/uploads/2026/07/shares-to-be-transferred-to-IEP-18-10-2026.pdf
2026-07-02 14:55:38,https://www.vpbank.com.vn/en/quan-he-nha-dau-tu,Sustainability Report 2025,https://www.vpbank.com.vn/-/media/vpbank-latest/cac-thu-khac/ENG-BCPTBV.pdf
2026-07-02 14:55:38,https://www.digi-communications.ro/en/corporate/corporate-governance,Privacy Notice according to the Regulation EU no. 679/2016 on data protection,https://www.digi-communications.ro/en/see-file/PRIVACY-POLICY-Digi-Communications-NV-website-01_07_2026.pdf
2026-07-02 14:55:38,https://www.sapphirefoods.in/investors-relation/updates,sapphire foods esop disclosure 26 27,https://www.sapphirefoods.in/storage/app/media/sapphire-foods-esop-disclosure-26-27.pdf
2026-07-02 14:55:38,https://www.sapphirefoods.in/investors-relation/updates,Sapphire Foods - Annual Return FY 2025-26,https://www.sapphirefoods.in/storage/app/media/sapphire-foods-annual-return-fy-2025-26.pdf
2026-07-02 14:55:37,https://investors.ccbg.com/,1Q26+Investor+Presentation FINAL,https://d1io3yog0oux5.cloudfront.net/_9bd2cc76e4f44b0f0e29d688e8295442/ccbg/db/1086/10267/pdf/1Q26+Investor+Presentation_FINAL.pdf
2026-07-02 14:55:37,https://investors.ccbg.com/corporate-governance/governance-documents,"CCBG+ +Associate+Code+of+Conduct+and+Officer+Addendum++ +Approved+May+20,+2026",https://d1io3yog0oux5.cloudfront.net/_9bd2cc76e4f44b0f0e29d688e8295442/ccbg/db/1097/10218/file/CCBG+-+Associate+Code+of+Conduct+and+Officer+Addendum++-+Approved+May+20%2C+2026.pdf
2026-07-02 14:55:37,https://investors.ccbg.com/financial-information/financial-results,Presentation,https://d1io3yog0oux5.cloudfront.net/_9bd2cc76e4f44b0f0e29d688e8295442/ccbg/db/1113/10016/file/3de8d211-a8fa-667f-81f5-3acf5f2a42cf.pdf
2026-07-02 14:55:37,https://investors.ccbg.com/financial-information/financial-results,Presentation,https://d1io3yog0oux5.cloudfront.net/_9bd2cc76e4f44b0f0e29d688e8295442/ccbg/db/1113/10015/file/66d4988d-6993-60ee-2bfd-d787f202a074.pdf
2026-07-02 14:55:37,https://investors.ccbg.com/financial-information/financial-results,Presentation,https://d1io3yog0oux5.cloudfront.net/_9bd2cc76e4f44b0f0e29d688e8295442/ccbg/db/1113/10014/file/4a327426-5321-b2df-c8e4-2bd79a9041a7.pdf
2026-07-02 14:55:37,https://www.owlrockcapitalcorporation.com/investors,Q1'26+OBDC+Investor+Presentation+vF,https://www.blueowlcapitalcorporation.com/_assets/_0079901b27744e201d6d9adb113c8a19/blueowlcapitalcorporation/db/2218/29116/presentation/Q1%2726+OBDC+Investor+Presentation+vF.pdf
2026-07-02 14:55:37,https://investor.wilcon.com.ph/all-disclosures/,WDI GIS 2026 with SEC stamp received,https://investor.wilcon.com.ph/wp-content/uploads/2026/07/WDI-GIS-2026-with-SEC-stamp-received.pdf
2026-07-02 14:55:37,https://www.primefocus.com/investor-centre/resources/,Reg 30 - Acqusition of shares,https://www.primefocus.com/wp-content/uploads/2026/07/Reg-30-Acqusition-of-shares.pdf
2026-07-02 14:55:37,https://www.freedomholdingcorp.com/investors/esg-for-investors,Tear+Sheet,https://d1io3yog0oux5.cloudfront.net/_da6aa61b287253844a24a5fb19317a4e/freedomholdingcorp/files/Tear+Sheet.pdf
2026-07-02 14:55:37,https://www.sm-energy.com/investors/corporate-governance/board-committees,Nominating+and+Governance+Committee+Charter+(Adopted+5.21.26),https://d1io3yog0oux5.cloudfront.net/_60fdb02b81fdc0aa712ddd25b8382069/smenergy/db/3721/35600/file/Nominating+and+Governance+Committee+Charter+%28Adopted+5.21.26%29.pdf
2026-07-02 14:55:37,https://www.sm-energy.com/investors/corporate-governance/board-committees,Operations+and+EHS+Committee+Charter+(Adopted+5.21.26),https://d1io3yog0oux5.cloudfront.net/_60fdb02b81fdc0aa712ddd25b8382069/smenergy/db/3721/35601/file/Operations+and+EHS+Committee+Charter+%28Adopted+5.21.26%29.pdf
2026-07-02 14:55:38,https://www.ardaghmetalpackaging.com/esg/sustainability#sustainability-reports,Green Bond Allocation and Impact Report 2023 (PDF 3.2 MB),https://www.ardaghmetalpackaging.com/_assets/_617987068ae7b7b018aba51d7da1b2f0/ardaghmetalpackagingcorp/db/3892/38863/file/AMP+Green+financing+Framework+V1.0+%2817112025%29.pdf
2026-07-02 14:55:38,https://www.ardaghmetalpackaging.com/esg/sustainability#sustainability-reports,AMP+Human+rights+policy+statement+V1.2[EXT],https://www.ardaghmetalpackaging.com/_assets/_617987068ae7b7b018aba51d7da1b2f0/ardaghmetalpackagingcorp/db/3892/38857/file/AMP+Human+rights+policy+statement+V1.2%5BEXT%5D.pdf
2026-07-02 14:55:38,https://www.zueblin.ch/en/mediacenter/#reports,zublin immobilien holding ag resolutions of the annual general meeting 2026,https://www.zueblin.ch/site/assets/files/4605/zublin_immobilien_holding_ag_-_resolutions_of_the_annual_general_meeting_2026.pdf
2026-07-02 14:55:38,https://investors.vertumotors.com/announcements/#share,Transaction In Own Shares,https://investors.vertumotors.com/custom/147466.pdf
2026-07-02 14:55:38,https://www.freedomholdingcorp.com/investors,2026 06 01 Freedom Holding Corp FRHC Reports 2026 99,https://d1io3yog0oux5.cloudfront.net/_da6aa61b287253844a24a5fb19317a4e/freedomholdingcorp/news/2026-06-01_Freedom_Holding_Corp_FRHC_Reports_2026_99.pdf
2026-07-02 14:55:38,https://www.freedomholdingcorp.com/investors,20260602+ +Corporate+presentation+ +Freedom+Holding+Corp,https://d1io3yog0oux5.cloudfront.net/_da6aa61b287253844a24a5fb19317a4e/freedomholdingcorp/db/357/3297/pdf/20260602+-+Corporate+presentation+-+Freedom+Holding+Corp.pdf
2026-07-02 14:55:38,https://investors.graphicpkg.com/financials/default.aspx#annual,1Q26+GPK+Earnings+Presentation+vF,https://d1io3yog0oux5.cloudfront.net/_193590f1ff61ff4a4f133834657098f9/graphicpkg/db/2288/21867/presentation/1Q26+GPK+Earnings+Presentation+vF.pdf
2026-07-02 14:55:38,https://investors.graphicpkg.com/governance/governance-documents/default.aspx,GPK+ +Amended+and+Restated+By Laws+(AB+Draft+5.27.26)(.8)+(002),https://d1io3yog0oux5.cloudfront.net/_193590f1ff61ff4a4f133834657098f9/graphicpkg/db/2275/21424/file/GPK+-+Amended+and+Restated+By-Laws+%28AB+Draft+5.27.26%29%28.8%29+%28002%29.pdf
2026-07-02 14:55:38,https://investors.graphicpkg.com/governance/governance-documents/default.aspx,GPHC+Amended+and+Restated+Certificate+of+Incorporation+6 12 2026+(signed)+(1),https://d1io3yog0oux5.cloudfront.net/_193590f1ff61ff4a4f133834657098f9/graphicpkg/db/2275/21803/file/GPHC+Amended+and+Restated+Certificate+of+Incorporation+6-12-2026+%28signed%29+%281%29.pdf
2026-07-02 14:55:38,https://investors.graphicpkg.com/governance/governance-documents/default.aspx,Graphic Packaging Holding Company Conflict Minerals Report 2025 Download,https://d1io3yog0oux5.cloudfront.net/_193590f1ff61ff4a4f133834657098f9/graphicpkg/db/2275/21415/file/2025+Conflict+Minerals+Report.pdf
2026-07-02 14:55:37,https://www.sm-energy.com/,"Latest Presentation Jun 2, 2026 Investor Presentation – June 2026",https://d1io3yog0oux5.cloudfront.net/_60fdb02b81fdc0aa712ddd25b8382069/smenergy/db/3711/35673/pdf/2026.06+SM+Investor+Presentation_Updated.pdf
2026-07-02 14:55:37,https://www.company.rt.ru/en/ir/results_and_presentations/AnnualReports/,Annual report 2025 eng,https://www.company.rt.ru/en/ir/agm/files/2025/Annual_report_2025_eng.pdf
2026-07-02 14:55:37,https://www.ardaghmetalpackaging.com/esg/governance#risk-management,AMP+Green+financing+Framework+V1.0+(17112025),https://www.ardaghmetalpackaging.com/_assets/_617987068ae7b7b018aba51d7da1b2f0/ardaghmetalpackagingcorp/db/3898/37401/file/AMP+Green+financing+Framework+V1.0+%2817112025%29.pdf
2026-07-02 14:55:37,https://www.ardaghmetalpackaging.com/about-us/media-centre,AMP+Green+financing+Framework+V1.0+(17112025),https://www.ardaghmetalpackaging.com/_assets/_617987068ae7b7b018aba51d7da1b2f0/ardaghmetalpackagingcorp/db/3877/38818/file/AMP+Green+financing+Framework+V1.0+%2817112025%29.pdf
2026-07-02 14:55:37,https://www.ardaghmetalpackaging.com/about-us/media-centre,AMP+Human+rights+policy+statement+V1.2[EXT],https://www.ardaghmetalpackaging.com/_assets/_617987068ae7b7b018aba51d7da1b2f0/ardaghmetalpackagingcorp/db/3877/38799/file/AMP+Human+rights+policy+statement+V1.2%5BEXT%5D.pdf
2026-07-02 14:55:38,https://sumichem.co.in/investors-relations.php#Governance,Subsidiaries Annual Report FY 2025-2026 (PDF/2MB/ENGLISH) Download,https://sumichem.co.in/content/uploads/annual-report/Sumitomo Chemical AR_2025-26_web-ready_compressed-02-07-2026-13-16-54.pdf
2026-07-02 14:55:38,https://investors.scholarrock.com/investors-media/financials-filings/sec-filings,"Filed by ""insiders"" prior intended sale of restricted stock.",https://investors.scholarrock.com/static-files/494c821c-f01f-4fee-8af5-e86bc3e79eff
2026-07-02 14:55:38,https://investors.scholarrock.com/investors-media/financials-filings/sec-filings,"Filed by ""insiders"" prior intended sale of restricted stock.",https://investors.scholarrock.com/static-files/05081f2d-1c5f-4bcf-9de4-d30aa4422f25
2026-07-02 14:55:38,https://investors.scholarrock.com/investors-media/financials-filings/sec-filings,"Filed by ""insiders"" prior intended sale of restricted stock.",https://investors.scholarrock.com/static-files/83b7c50b-3a51-49d5-9dca-5f712441013f
2026-07-02 14:55:38,https://investors.scholarrock.com/investors-media/financials-filings/sec-filings,"Filed by ""insiders"" prior intended sale of restricted stock.",https://investors.scholarrock.com/static-files/521381c5-9d84-43c5-9610-2ba7c2ee6acf
2026-07-02 14:55:38,https://investors.scholarrock.com/investors-media/financials-filings/sec-filings,"Filed by ""insiders"" prior intended sale of restricted stock.",https://investors.scholarrock.com/static-files/3aa56b9a-a1b7-4889-884c-8bc530bfad9c
2026-07-02 14:55:38,https://investors.scholarrock.com/investors-media/financials-filings/sec-filings,"Filed by ""insiders"" prior intended sale of restricted stock.",https://investors.scholarrock.com/static-files/86834cd9-f42e-40e8-a26a-37833b860902
2026-07-02 14:55:38,https://investors.scholarrock.com/investors-media/financials-filings/sec-filings,"Filed by ""insiders"" prior intended sale of restricted stock.",https://investors.scholarrock.com/static-files/05d57389-b355-4e7a-baed-25fadfbed102
2026-07-02 14:55:38,https://investors.scholarrock.com/investors-media/financials-filings/sec-filings,"Filed by ""insiders"" prior intended sale of restricted stock.",https://investors.scholarrock.com/static-files/56b51afa-a93b-4090-991f-a47d35d98a19
2026-07-02 14:55:38,https://investors.scholarrock.com/investors-media/financials-filings/sec-filings,"Filed by ""insiders"" prior intended sale of restricted stock.",https://investors.scholarrock.com/static-files/0a75b0cd-f7a9-46ca-aaf9-2938e4ca53b0
2026-07-02 14:55:38,https://investors.scholarrock.com/investors-media/financials-filings/sec-filings,"Filed by ""insiders"" prior intended sale of restricted stock.",https://investors.scholarrock.com/static-files/0eafeb3c-8aa2-413d-8e1d-b590f8607c50
2026-07-02 14:55:38,https://investors.scholarrock.com/investors-media/financials-filings/sec-filings,"Filed by ""insiders"" prior intended sale of restricted stock.",https://investors.scholarrock.com/static-files/d59c54d5-a45d-4edf-8615-424265a62ee6
2026-07-02 14:55:38,https://www.moonpig.group/investors/results-reports-and-presentations/,moonpig group plc fy26 full year results presentation script final,https://www.moonpig.group/media/xllnveot/moonpig-group-plc-fy26-full-year-results-presentation-script-final.pdf
2026-07-02 14:55:38,https://investors.graphicpkg.com/,GPK Investor+Presentation+June+2026+vF2,https://d1io3yog0oux5.cloudfront.net/_193590f1ff61ff4a4f133834657098f9/graphicpkg/db/2291/21662/downloadable_file/GPK_Investor+Presentation+June+2026+vF2.pdf
2026-07-02 14:55:38,https://investors.graphicpkg.com/,GPK Investor+Presentation+June+2026+vF2,https://d1io3yog0oux5.cloudfront.net/_193590f1ff61ff4a4f133834657098f9/graphicpkg/db/2265/21879/pdf/GPK_Investor+Presentation+June+2026+vF2.pdf
2026-07-03 15:02:42,https://www.globalworth.com/sustainability/reports/,Globalworth Sustainable Development Report 2025,https://www.globalworth.com/wp-content/uploads/2026/07/Globalworth_Sustainable_Development_Report_2025.pdf
2026-07-03 15:02:42,https://www.jollibee.com.ph/investors/sec-reports/sustainability-report/,Jollibee Foods Corporation Definitive Information Statement as of June 1 2026,https://bucketeer-3eb16243-2c1c-43d2-be4e-1c2b3664d293.s3.amazonaws.com/2026/07/Jollibee-Foods-Corporation_Definitive-Information-Statement_as-of-June-1-2026.pdf
2026-07-03 15:02:42,https://www.baytexenergy.com/,Investor Presentation July 2026,https://www.baytexenergy.com/content/uploads/2026/07/26-07-July-Presentation-981e07e8.pdf
2026-07-03 15:02:42,https://albuhaira.com/financial-reports,Board of Directors Committee,https://albuhaira.com/assets/reports/disclosure-reports/5088265.pdf
2026-07-03 15:02:42,https://albuhaira.com/financial-reports,Form for Disclosing the Agreement to Sell One of the Real Estate Investments,https://albuhaira.com/assets/reports/disclosure-reports/5088954.pdf
2026-07-03 15:02:42,https://albuhaira.com/financial-reports,Board Meeting Results held on 02/07/2026 at 11:00,https://albuhaira.com/assets/reports/disclosure-reports/5088952.pdf
2026-07-03 15:02:42,https://www.margunenerji.com.tr/en/yatirimci-iliskileri/genel-kurul-bilgileri,Margün+Bilgilendirme+Dökümanı+EN,https://margun-enerji.s3.eu-central-1.amazonaws.com/Genel+Kurul/MAGEN/Margu%CC%88n+Bilgilendirme+Do%CC%88ku%CC%88man%C4%B1+EN.pdf
2026-07-03 15:02:42,https://www.margunenerji.com.tr/en/yatirimci-iliskileri/genel-kurul-bilgileri,Margün+Davet+Metni+EN,https://margun-enerji.s3.eu-central-1.amazonaws.com/Genel+Kurul/MAGEN/Margu%CC%88n+Davet+Metni+EN.pdf
2026-07-03 15:02:42,https://www.margunenerji.com.tr/en/yatirimci-iliskileri/genel-kurul-bilgileri,Agenda of the Ordinary General Assembly,https://margun-enerji.s3.eu-central-1.amazonaws.com/Genel+Kurul/MAGEN/Margu%CC%88n+Gu%CC%88ndem+EN.pdf
2026-07-03 15:02:42,https://www.margunenerji.com.tr/en/yatirimci-iliskileri/genel-kurul-bilgileri,Margün+Vekaletname+EN,https://margun-enerji.s3.eu-central-1.amazonaws.com/Genel+Kurul/MAGEN/Margu%CC%88n+Vekaletname+EN.pdf
2026-07-03 15:02:42,https://www.birlasoft.com/company/investors/policies-reports-filings,subsidiary report 2025 26,https://www.birlasoft.com/sites/default/files/resources/downloads/investors/annual-reports/subsidiary-report-2025-26.pdf
2026-07-03 15:02:42,https://www.birlasoft.com/company/investors/policies-reports-filings,"Notice for the 35th Annual General Meeting (AGM) to be held on Monday, July 27, 2026",https://www.birlasoft.com/sites/default/files/resources/downloads/investors/notice-th-annual-general-meeting-agm-held-monday-july-2026.pdf
2026-07-03 15:02:42,https://www.birlasoft.com/company/investors/policies-reports-filings,information on deduction of tax at source tds at the time of final dividend payment 2025 26,https://www.birlasoft.com/sites/default/files/resources/downloads/investors/information-on-deduction-of-tax-at-source-tds-at-the-time-of-final-dividend-payment-2025-26.pdf
2026-07-03 15:02:42,https://www.digi-communications.ro/en/corporate/corporate-governance,PRIVACY POLICY Digi Communications NV website 01 07 2026 1,https://www.digi-communications.ro/en/see-file/PRIVACY-POLICY-Digi-Communications-NV-website-01_07_2026-1.pdf
2026-07-03 15:02:42,https://www.rainbowhospitals.in/investors-relations/policies-and-programs,Annual Return FY 2025 26,https://www.rainbowhospitals.in/investor-relations/reports/Annual-Return-FY-2025-26.pdf
2026-07-03 15:02:42,http://www.baytexenergy.com/,Investor Presentation July 2026,http://www.baytexenergy.com/content/uploads/2026/07/26-07-July-Presentation-981e07e8.pdf
2026-07-03 15:02:44,https://investors.ccbg.com/,1Q26+Investor+Presentation FINAL,https://d1io3yog0oux5.cloudfront.net/_5de82f1cd06b8d3289e18fdef44a2fed/ccbg/db/1086/10267/pdf/1Q26+Investor+Presentation_FINAL.pdf
2026-07-03 15:02:44,https://investors.ccbg.com/corporate-governance/governance-documents,"CCBG+ +Associate+Code+of+Conduct+and+Officer+Addendum++ +Approved+May+20,+2026",https://d1io3yog0oux5.cloudfront.net/_5de82f1cd06b8d3289e18fdef44a2fed/ccbg/db/1097/10218/file/CCBG+-+Associate+Code+of+Conduct+and+Officer+Addendum++-+Approved+May+20%2C+2026.pdf
2026-07-03 15:02:44,https://investors.ccbg.com/financial-information/financial-results,Presentation,https://d1io3yog0oux5.cloudfront.net/_5de82f1cd06b8d3289e18fdef44a2fed/ccbg/db/1113/10016/file/3de8d211-a8fa-667f-81f5-3acf5f2a42cf.pdf
2026-07-03 15:02:44,https://investors.ccbg.com/financial-information/financial-results,Presentation,https://d1io3yog0oux5.cloudfront.net/_5de82f1cd06b8d3289e18fdef44a2fed/ccbg/db/1113/10015/file/66d4988d-6993-60ee-2bfd-d787f202a074.pdf
2026-07-03 15:02:44,https://investors.ccbg.com/financial-information/financial-results,Presentation,https://d1io3yog0oux5.cloudfront.net/_5de82f1cd06b8d3289e18fdef44a2fed/ccbg/db/1113/10014/file/4a327426-5321-b2df-c8e4-2bd79a9041a7.pdf
2026-07-03 15:02:44,https://investors.galeratx.com/financial-information/sec-filings,0001193125-26-294765.pdf 0001193125-26-294765.rtf 0001193125-26-294765.xls View HTML,https://investors.galeratx.com/static-files/956a770c-a9ad-461e-9bcc-f2bdd56eee45
2026-07-03 15:02:44,https://investors.galeratx.com/financial-information/sec-filings,0001193125-26-294765.pdf 0001193125-26-294765.rtf 0001193125-26-294765.xls View HTML,https://investors.galeratx.com/static-files/c29c97e9-a292-49e4-bfae-f305bef56cbb
2026-07-03 15:02:44,https://investors.galeratx.com/financial-information/sec-filings,0001193125-26-294765.pdf 0001193125-26-294765.rtf 0001193125-26-294765.xls View HTML,https://investors.galeratx.com/static-files/a368f112-72f1-4c80-a7ca-1afa8a329ef9
2026-07-03 15:02:44,https://www.ltts.com/investors/corporate-governance,Policy on Prevention of Sexual Harassment & Formation of Internal Committee (IC),https://www.ltts.com/sites/default/files/investors/corporate-gov/pdf/Policy-Prevention-Sexual-Harassment-Formation-ICC26June2026.pdf
2026-07-03 15:02:44,https://www.bridgepoint.eu/shareholders/results-reports-and-presentations,bridgepoint group kayne anderson real energy transcript.downloadasset,https://www.bridgepoint.eu/content/dam/bridgepoint/corporate2022/documents/financial-information/results_reports_presentations/2026/bridgepoint-group-kayne-anderson-real-energy-transcript.pdf.downloadasset.pdf
2026-07-03 15:02:41,https://www.procredit-holding.com/downloads/#sustainability,ProCredit Impact Report 2025,https://www.procredit-holding.com/wp-content/uploads/2026/07/ImpactReport_2025_update.pdf
2026-07-03 15:02:41,https://www.dalmiasugar.com/investors/,SE Intimation of MOA Objects Change – 26.05.2026,https://www.dalmiasugar.com/wp-content/uploads/2026/07/SE-Intimation-of-MOA-Objects-Change-26.05.2026.pdf
2026-07-03 15:02:41,https://www.dalmiasugar.com/investors/,SE Intimation of Change in SMP – 25.06.2026,https://www.dalmiasugar.com/wp-content/uploads/2026/07/SE-Intimation-of-Change-in-SMP-25.06.2026.pdf
2026-07-03 15:02:41,https://www.dalmiasugar.com/investors/,Trading Window Closure – 22-06-2026,https://www.dalmiasugar.com/wp-content/uploads/2026/07/Trading-Window-Closure-22.06.2026.pdf
2026-07-03 15:02:41,https://www.dalmiasugar.com/investors/,SE Intimation – AGM Newspaper Ad – 17.06.2026,https://www.dalmiasugar.com/wp-content/uploads/2026/07/SE-Intimation-AGM-Newspaper-Ad-17.06.2026.pdf
2026-07-03 15:02:41,https://www.dalmiasugar.com/investors/,SE Intimation – AGM 2026 - 16.06.2026,https://www.dalmiasugar.com/wp-content/uploads/2026/07/SE-Intimation-AGM-2026-16.06.2026.pdf
2026-07-03 15:02:41,https://www.dalmiasugar.com/investors/,SE Intimation of Change in SMP – 15.06.2026,https://www.dalmiasugar.com/wp-content/uploads/2026/07/SE-Intimation-of-Change-in-SMP-15.05.2026.pdf
2026-07-03 15:02:41,https://www.dalmiasugar.com/investors/,Care Rating 26.06.2026,https://www.dalmiasugar.com/wp-content/uploads/2026/07/Care-Rating-26.06.2026.pdf
2026-07-03 15:02:41,https://investors.vertumotors.com/announcements/#share,Transaction In Own Shares,https://investors.vertumotors.com/custom/147474.pdf
2026-07-03 15:02:41,https://www.vgpparks.eu/en/investors/corporate-governance/,VGP EMS framework P A4 EN 2026 K15,https://www.vgpparks.eu/content/uploads/2026/07/VGP-EMS-framework-P_A4_EN_2026_K15.pdf
2026-07-03 15:02:45,https://ir.jobyaviation.com/,Joby Aviation 2026 Q1 Shareholder+Letter compressed,https://d1io3yog0oux5.cloudfront.net/_e910416bcebfbc689e1b73726604cafa/jobyaviation/db/1086/9884/pdf/Joby_Aviation_2026_Q1_Shareholder+Letter_compressed.pdf
2026-07-03 15:02:45,https://ir.jobyaviation.com/,2026 05 05 Joby Reports First Quarter 2026 Financial 182,https://d1io3yog0oux5.cloudfront.net/_e910416bcebfbc689e1b73726604cafa/jobyaviation/news/2026-05-05_Joby_Reports_First_Quarter_2026_Financial_182.pdf
2026-07-03 15:02:45,https://ir.jobyaviation.com/,Joby Aviation 2026 Q1 Shareholder+Letter compressed,https://d1io3yog0oux5.cloudfront.net/_e910416bcebfbc689e1b73726604cafa/jobyaviation/db/1110/9881/shareholder_letter/Joby_Aviation_2026_Q1_Shareholder+Letter_compressed.pdf
2026-07-03 15:02:45,https://ethics.gxo.com/,Modern Slavery Statement YE Dec 25 Final for publication,https://ethics.gxo.com/wp-content/uploads/2026/07/Modern-Slavery-Statement-YE-Dec-25-Final-for-publication.pdf
2026-07-03 15:02:43,https://ir.jobyaviation.com/corporate-governance/governance-documents,Global+Anti Bribery+and+Anti Corruption+Compliance+Policy.docx,https://d1io3yog0oux5.cloudfront.net/_e910416bcebfbc689e1b73726604cafa/jobyaviation/db/1097/9753/file/Global+Anti-Bribery+and+Anti-Corruption+Compliance+Policy.docx.pdf
2026-07-03 15:02:43,https://ir.jobyaviation.com/corporate-governance/governance-documents,Sustainability+Statement.docx,https://d1io3yog0oux5.cloudfront.net/_e910416bcebfbc689e1b73726604cafa/jobyaviation/db/1097/9764/file/Sustainability+Statement.docx.pdf
2026-07-03 15:02:43,https://sumichem.co.in/investors-relations.php#Governance,SCIL Annual Report 2025 26 web ready 03 07 2026 06 10 58,https://sumichem.co.in/content/uploads/annual-report/SCIL_Annual_Report_2025-26_web-ready-03-07-2026-06-10-58.pdf
2026-07-03 15:02:43,https://www.mlabs.com/investor-relations,Mlabs Annual Report 2025,https://mlabs.com/wp-content/uploads/2026/07/Mlabs-Annual-Report-2025.pdf
2026-07-03 15:02:43,https://www.kimshospitals.com/investors/,Corrigendum egm notice dated 15th june 2026 1782920589,https://assets.kimshospitals.com/docs/production/Corrigendum_egm_notice_dated_15th_june_2026_1782920589.pdf
2026-07-06 02:30:27,https://www.rainbowhospitals.in/investors-relations/policies-and-programs,RCML Standalone Financial Statement – FY 2025 26,https://d31scedd5hpubp.cloudfront.net/investor_files/RCML_Standalone_Financial_Statement_–_FY_2025-26.pdf
2026-07-06 02:30:27,https://www.rainbowhospitals.in/investors-relations/policies-and-programs,BRSR Report,https://d31scedd5hpubp.cloudfront.net/investor_files/BRSR-Report.pdf
2026-07-06 02:30:27,https://www.rainbowhospitals.in/investors-relations/policies-and-programs,Notice of AGM,https://www.rainbowhospitals.in/investor-relations/reports/Notice-of-AGM.pdf
2026-07-06 02:30:27,https://www.rainbowhospitals.in/investors-relations/policies-and-programs,Letter to Shareholders Weblink of Annual Report FY 2025 26,https://d31scedd5hpubp.cloudfront.net/investor_files/Letter_to_Shareholders_-_Weblink_of_Annual_Report_FY_2025-26.pdf
2026-07-06 02:30:27,https://www.rainbowhospitals.in/investors-relations/policies-and-programs,Intimation notice,https://d31scedd5hpubp.cloudfront.net/investor_files/Intimation_notice.pdf
2026-07-06 02:30:29,https://www.ltts.com/investors/exchange-announcements,"Certificate in terms of Regulation 74(5) of SEBI (Depositories and Participants) Regulations, 2018 – June 30, 2026",https://www.ltts.com/sites/default/files/investors/exchange-announcements/LTTS745signed.pdf
2026-07-06 02:30:29,https://www.dcmshriram.com/sustainability,to govern and manage information security risks consistently across the organisation and ensure secure handling of all information assets throughout,https://www.dcmshriram.com/docs/files/DCM-Shriram_Information_Security.pdf
2026-07-06 02:30:29,https://www.manappuram.com/investors/notice-to-shareholders.html,"E-voting results of the Extra-ordinary General Meeting held on January 22, 2026, together with the Scrutinizer’s Report",https://www.manappuram.com/sites/default/files/2026-07/Scritinizer%27s%20Report%20of%20EGM%20held%20on%20January%2022%2C%202026.pdf
2026-07-06 02:30:29,https://www.manappuram.com/investors/notice-to-shareholders.html,"E-voting results of the Extra-ordinary General Meeting held on April 16, 2025, together with the Scrutinizer’s Report",https://www.manappuram.com/sites/default/files/2026-07/Scritinizer%27s%20Report%20of%20EGM%20held%20on%20April%2016%202025.pdf
2026-07-06 02:30:29,https://www.kimshospitals.com/investors/,Corrigendum of egm notice 1783141947,https://assets.kimshospitals.com/docs/production/Corrigendum_of_egm_notice_1783141947.pdf
2026-07-08 04:53:51,https://www.trin.net/sustainability/csr-report/default.aspx,Trinity Industres 2025 CSR Interim Report,https://s21.q4cdn.com/496026207/files/doc_financials/2025/sr/Trinity-Industres-2025-CSR-Interim-Report.pdf
2026-07-08 04:53:51,https://www.manappuram.com/stock-watch,Approved CSR projects for FY 2026-27,https://www.manappuram.com/sites/default/files/2026-07/Revised-AAP-26-27.pdf
2026-07-08 04:53:51,https://www.axiata.com/our-business/corporate-governance,axiata terms of reference board audit committee june 2026,https://www.axiata.com/media/wsxgo0cx/axiata-terms-of-reference-board-audit-committee-june-2026.pdf
2026-07-08 04:53:51,https://www.dcmshriram.com/investors/annual-report#pills-two-tab,"Wednesday, May 13, 2026 DCM Shriram Ltd. Reports Resilient FY 2025–26 Performance; PBDIT Grows 15% to ₹1694 Crore; PAT Grows",https://www.dcmshriram.com/investors/docs/files/DCMPRESSRELEASE13052026SIGNED.pdf
2026-07-08 04:53:51,https://www.dcmshriram.com/investors/annual-report#pills-two-tab,"Thursday, April 16, 2026 Disclosure under Regulation 30 of SEBI (Listing Obligations and Disclosure Requirements) Regulations, 2015 – Press Release",https://www.dcmshriram.com/investors/docs/files/DCMTEKNORPRESSRELEASE16APRIL2026SIGNED.pdf
2026-07-08 04:53:51,https://www.clevelandcliffs.com/news/fact-center,"James Graham – Executive Vice President, Human Resources, Chief Legal and Administrative Officer & Secretary",https://d1io3yog0oux5.cloudfront.net/_15d30d6b016eecfc1f406ae89f050cc5/clevelandcliffs/db/1188/10363/file/CLF_ExecBio_JamesGraham_052022.pdf
2026-07-08 04:53:51,https://www.clevelandcliffs.com/news/fact-center,"Nicholas Kohlhas - Executive Vice President, Operations",https://d1io3yog0oux5.cloudfront.net/_15d30d6b016eecfc1f406ae89f050cc5/clevelandcliffs/db/1188/12086/file/CLF_ExecBio_Kohlhas_062026.pdf
2026-07-08 04:53:51,https://www.clevelandcliffs.com/news/fact-center,CC FactSheet BurnsHarbor 062026,https://d1io3yog0oux5.cloudfront.net/_15d30d6b016eecfc1f406ae89f050cc5/clevelandcliffs/db/1188/10379/file/CC_FactSheet_BurnsHarbor_062026.pdf
2026-07-08 04:53:51,https://www.clevelandcliffs.com/news/fact-center,CLF FactSheet HibbingTaconite 52026,https://d1io3yog0oux5.cloudfront.net/_15d30d6b016eecfc1f406ae89f050cc5/clevelandcliffs/db/1188/10374/file/CLF_FactSheet_HibbingTaconite_52026.pdf
2026-07-08 04:53:51,https://www.clevelandcliffs.com/news/fact-center,CC FactSheet MansfieldWorks 072026,https://d1io3yog0oux5.cloudfront.net/_15d30d6b016eecfc1f406ae89f050cc5/clevelandcliffs/db/1188/10392/file/CC_FactSheet_MansfieldWorks_072026.pdf
2026-07-08 04:53:51,https://www.clevelandcliffs.com/news/fact-center,CLF FactSheet NorthshoreMining 052026,https://d1io3yog0oux5.cloudfront.net/_15d30d6b016eecfc1f406ae89f050cc5/clevelandcliffs/db/1188/10376/file/CLF_FactSheet_NorthshoreMining_052026.pdf
2026-07-08 04:53:51,https://www.clevelandcliffs.com/news/fact-center,CLF CC FactSheet Warren 062026,https://d1io3yog0oux5.cloudfront.net/_15d30d6b016eecfc1f406ae89f050cc5/clevelandcliffs/db/1188/10373/file/CLF_CC_FactSheet_Warren_062026.pdf
2026-07-08 04:53:51,https://alliedreit.com/,"Allied Announces Conference Call to Discuss Second-Quarter Financial Results July 6, 2026",https://alliedreit.com/wp-content/uploads/2026/07/Q2-2026-Conference-Call-Announcement.pdf
2026-07-08 04:53:51,https://ir.verupharma.com/corporate-governance,Charter of Nominating and Corporate Governance Committee 3 20 18,https://d1io3yog0oux5.cloudfront.net/_6ac7fde0ab3d94b7a143b4903c422e25/verupharma/db/2234/20927/file/Charter-of-Nominating-and-Corporate-Governance-Committee-3-20-18.pdf
2026-07-08 04:53:51,https://www.clevelandcliffs.com/investors/corporate-governance/governance-documents,Compensation and Organization Committee Charter,https://d1io3yog0oux5.cloudfront.net/_15d30d6b016eecfc1f406ae89f050cc5/clevelandcliffs/db/1097/10048/file/2024+07+24+Comp+Cmte+Charter+FINAL.pdf
2026-07-08 04:53:51,https://www.clevelandcliffs.com/investors/corporate-governance/governance-documents,2024+07+24+Strategy+and+Sustainability+Committee+Charter+FINAL,https://d1io3yog0oux5.cloudfront.net/_15d30d6b016eecfc1f406ae89f050cc5/clevelandcliffs/db/1097/10050/file/2024+07+24+Strategy+and+Sustainability+Committee+Charter+FINAL.pdf
2026-07-08 04:53:51,https://www.clevelandcliffs.com/investors/corporate-governance/governance-documents,2024+07+24+Corporate+Governance+Guidelines+FINAL,https://d1io3yog0oux5.cloudfront.net/_15d30d6b016eecfc1f406ae89f050cc5/clevelandcliffs/db/1097/11088/file/2024+07+24+Corporate+Governance+Guidelines+FINAL.pdf
2026-07-08 04:53:51,https://www.clevelandcliffs.com/investors/corporate-governance/governance-documents,CLF Policy Environmental 052021,https://d1io3yog0oux5.cloudfront.net/_15d30d6b016eecfc1f406ae89f050cc5/clevelandcliffs/db/1097/10798/file/CLF_Policy_Environmental_052021.pdf
2026-07-08 04:53:51,https://www.clevelandcliffs.com/investors/corporate-governance/governance-documents,CLF Policy RelatedPartyTransactions 012020,https://d1io3yog0oux5.cloudfront.net/_15d30d6b016eecfc1f406ae89f050cc5/clevelandcliffs/db/1097/10801/file/CLF_Policy_RelatedPartyTransactions_012020.pdf
2026-07-08 04:53:51,https://www.advantageog.com/,July 2026 Investor Presentation Continue reading →,https://www.advantageog.com/wp-content/uploads/July-2026-Investor-Presentation.pptx.pdf
2026-07-08 04:53:51,https://www.arcelikglobal.com/en/company/reports-presentations/corporate-governance-rating-reports/,2026 Corporate Governance Rating Report,https://www.arcelikglobal.com/media/td1n0avo/arclk-2026-en.pdf
2026-07-08 04:53:51,https://www.gruppoacea.it/en/presentations-and-webcasts,investor presentation july 2026,https://www.gruppoacea.it/content/dam/acea-corporate/pdf/en/investors/2026/presentations/investor-presentation-july-2026.pdf
2026-07-08 04:53:50,https://eclerx.com/sustainability-at-eclerx/,EMS Policy Statement 1,https://eclerx.com/wp-content/uploads/2026/07/EMS_Policy_Statement-1.pdf
2026-07-08 04:53:50,https://www.ksb.com/en-in/data-privacy,KSB Group General Data Protection Notice (358.0 KB),https://ksb.com/resource/blob/162366/bf3adf0e8153e23cb9321167835f494c/1_1_26_datenschutzhinweis_ksb_extern_en.pdf
2026-07-08 04:53:50,https://www.teleflex.com/usa/en/about-us/csr/index.html#policies,Teleflex has responded to the SBTi’s urgent call for corporate climate action by committing to align with 1.5°C and net-zero,https://www.teleflex.com/global/about-us/csr/Teleflex_Global_Impact_Report_2025.pdf
2026-07-08 04:53:50,https://www.southgobi.com/html/ir.php,June 2026 Monthly Return on Movements in Securities,https://media-southgobi.todayir.com/20260706174001299612234258_en.pdf
2026-07-08 04:53:50,http://www.steppecement.com/investors/rns-announcements,Trading Update and Investor Presentation via Investor Meet Company,http://www.steppecement.com/images/pdf/2026.07.05. H1 results_v3 (SH).pdf
2026-07-08 04:53:50,https://www.rainbowhospitals.in/investors-relations/policies-and-programs,Intimation regarding issuance of 28th AGM Notice,https://d31scedd5hpubp.cloudfront.net/investor_files/Intimation_regarding_issuance_of_28th_AGM_Notice.pdf
2026-07-08 04:53:50,https://kimpur.com/en/investor-relations/#corparate-management,Kimpur Corporate Presentation 2026,https://kimpur.com/wp-content/uploads/2026/07/Kimpur-Corporate-Presentation-2026.pdf
2026-07-08 04:53:50,https://ir.bactiguard.com/press-releases/,bactiguard invitation to presentation of bactiguards interim report for the second quarter 2026 260707,https://ir.bactiguard.com/wp-content/uploads/bactiguard-invitation-to-presentation-of-bactiguards-interim-report-for-the-second-quarter-2026-260707.pdf
2026-07-08 04:53:50,https://www.graphicpkg.com/disclosures-and-company-policies/modern-slavery-act-transparency-statement/,Modern Slavery Act Report FY 2025 FRENCH,https://www.graphicpkg.com/custom-content/uploads/2026/07/Modern-Slavery-Act-Report-FY-2025_FRENCH.pdf
2026-07-08 04:53:50,https://www.dentsplysirona.com/en-us/company/our-company/compliance-ethics.html,CORP document Australian Modern Slavery Act Report.coredownload,https://www.dentsplysirona.com/content/dam/master/corporate/legal/CORP-document-Australian-Modern-Slavery-Act-Report.pdf.coredownload.pdf
2026-07-08 04:53:50,https://www.lotusbakeries.com/governance-practices-and-policies,Human Rights Policy 21 January 2025 Policy,https://www.lotusbakeries.com/sites/default/files/documents-en/Lotus%20Bakeries%20-%20Human%20Rights%20Policy_V2.pdf
2026-07-08 04:53:50,https://www.lotusbakeries.com/governance-practices-and-policies,Anti-Harrassment and Discrimination Policy 21 August 2023 Corporate Governance,https://www.lotusbakeries.com/sites/default/files/documents-en/Anti-Harassment%20and%20Discrimination%20Policy_v1.pdf
2026-07-08 04:53:49,https://investors.ccbg.com/,2026 04 20 Capital City Bank Group Inc Reports First Quarter 232,https://d1io3yog0oux5.cloudfront.net/_73a0b97078103841c6511f46fce92957/ccbg/news/2026-04-20_Capital_City_Bank_Group_Inc_Reports_First_Quarter__232.pdf
2026-07-08 04:53:49,https://investors.ccbg.com/,1Q26+Investor+Presentation FINAL,https://d1io3yog0oux5.cloudfront.net/_73a0b97078103841c6511f46fce92957/ccbg/db/1086/10267/pdf/1Q26+Investor+Presentation_FINAL.pdf
2026-07-08 04:53:49,https://investors.ccbg.com/corporate-governance/governance-documents,"CCBG+ +Associate+Code+of+Conduct+and+Officer+Addendum++ +Approved+May+20,+2026",https://d1io3yog0oux5.cloudfront.net/_73a0b97078103841c6511f46fce92957/ccbg/db/1097/10218/file/CCBG+-+Associate+Code+of+Conduct+and+Officer+Addendum++-+Approved+May+20%2C+2026.pdf
2026-07-08 04:53:49,https://investors.ccbg.com/financial-information/financial-results,2026 01 27 Capital City Bank Group Inc Reports Fourth 228,https://d1io3yog0oux5.cloudfront.net/_73a0b97078103841c6511f46fce92957/ccbg/news/2026-01-27_Capital_City_Bank_Group_Inc_Reports_Fourth_228.pdf
2026-07-08 04:53:49,https://investors.ccbg.com/financial-information/financial-results,2025 10 21 Capital City Bank Group Inc Reports Third Quarter 222,https://d1io3yog0oux5.cloudfront.net/_73a0b97078103841c6511f46fce92957/ccbg/news/2025-10-21_Capital_City_Bank_Group_Inc_Reports_Third_Quarter__222.pdf
2026-07-08 04:53:49,https://investors.ccbg.com/financial-information/financial-results,2025 07 22 Capital City Bank Group Inc Reports Second 215,https://d1io3yog0oux5.cloudfront.net/_73a0b97078103841c6511f46fce92957/ccbg/news/2025-07-22_Capital_City_Bank_Group_Inc_Reports_Second_215.pdf
2026-07-08 04:53:49,https://investors.ccbg.com/financial-information/financial-results,2025 04 21 Capital City Bank Group Inc Reports First Quarter 209,https://d1io3yog0oux5.cloudfront.net/_73a0b97078103841c6511f46fce92957/ccbg/news/2025-04-21_Capital_City_Bank_Group_Inc_Reports_First_Quarter__209.pdf
2026-07-08 04:53:49,https://investors.ccbg.com/financial-information/financial-results,2025 01 28 Capital City Bank Group Inc Reports Fourth 204,https://d1io3yog0oux5.cloudfront.net/_73a0b97078103841c6511f46fce92957/ccbg/news/2025-01-28_Capital_City_Bank_Group_Inc_Reports_Fourth_204.pdf
2026-07-08 04:53:49,https://investors.ccbg.com/financial-information/financial-results,2024 10 22 Capital City Bank Group Inc Reports Third Quarter 201,https://d1io3yog0oux5.cloudfront.net/_73a0b97078103841c6511f46fce92957/ccbg/news/2024-10-22_Capital_City_Bank_Group_Inc_Reports_Third_Quarter__201.pdf
2026-07-08 04:53:49,https://investors.ccbg.com/financial-information/financial-results,2024 07 23 Capital City Bank Group Inc Reports Second 195,https://d1io3yog0oux5.cloudfront.net/_73a0b97078103841c6511f46fce92957/ccbg/news/2024-07-23_Capital_City_Bank_Group_Inc_Reports_Second_195.pdf
2026-07-08 04:53:49,https://investors.ccbg.com/financial-information/financial-results,2024 01 23 Capital City Bank Group Inc Reports Fourth 189,https://d1io3yog0oux5.cloudfront.net/_73a0b97078103841c6511f46fce92957/ccbg/news/2024-01-23_Capital_City_Bank_Group_Inc_Reports_Fourth_189.pdf
2026-07-08 04:53:49,https://investors.ccbg.com/financial-information/financial-results,2023 10 24 Capital City Bank Group Inc Reports Third Quarter 184,https://d1io3yog0oux5.cloudfront.net/_73a0b97078103841c6511f46fce92957/ccbg/news/2023-10-24_Capital_City_Bank_Group_Inc_Reports_Third_Quarter__184.pdf
2026-07-08 04:53:49,https://investors.ccbg.com/financial-information/financial-results,2023 07 25 Capital City Bank Group Inc Reports Second 182,https://d1io3yog0oux5.cloudfront.net/_73a0b97078103841c6511f46fce92957/ccbg/news/2023-07-25_Capital_City_Bank_Group_Inc_Reports_Second_182.pdf
2026-07-08 04:53:49,https://investors.ccbg.com/financial-information/financial-results,2023 04 24 Capital City Bank Group Inc Reports First Quarter 180,https://d1io3yog0oux5.cloudfront.net/_73a0b97078103841c6511f46fce92957/ccbg/news/2023-04-24_Capital_City_Bank_Group_Inc_Reports_First_Quarter__180.pdf
2026-07-08 04:53:49,https://investors.ccbg.com/financial-information/financial-results,2023 01 24 Capital City Bank Group Inc Reports Fourth 177,https://d1io3yog0oux5.cloudfront.net/_73a0b97078103841c6511f46fce92957/ccbg/news/2023-01-24_Capital_City_Bank_Group_Inc_Reports_Fourth_177.pdf
2026-07-08 04:53:49,https://investors.ccbg.com/financial-information/financial-results,2022 10 25 Capital City Bank Group Inc Reports Third Quarter 174,https://d1io3yog0oux5.cloudfront.net/_73a0b97078103841c6511f46fce92957/ccbg/news/2022-10-25_Capital_City_Bank_Group_Inc_Reports_Third_Quarter__174.pdf
2026-07-08 04:53:49,https://investors.ccbg.com/financial-information/financial-results,2022 07 26 Capital City Bank Group Inc Reports Second 170,https://d1io3yog0oux5.cloudfront.net/_73a0b97078103841c6511f46fce92957/ccbg/news/2022-07-26_Capital_City_Bank_Group_Inc_Reports_Second_170.pdf
2026-07-08 04:53:49,https://investors.ccbg.com/financial-information/financial-results,2022 04 25 Capital City Bank Group Reports First Quarter 168,https://d1io3yog0oux5.cloudfront.net/_73a0b97078103841c6511f46fce92957/ccbg/news/2022-04-25_Capital_City_Bank_Group_Reports_First_Quarter_168.pdf
2026-07-08 04:53:49,https://investors.ccbg.com/financial-information/financial-results,2022 01 25 Capital City Bank Group Inc Reports Fourth 164,https://d1io3yog0oux5.cloudfront.net/_73a0b97078103841c6511f46fce92957/ccbg/news/2022-01-25_Capital_City_Bank_Group_Inc_Reports_Fourth_164.pdf
2026-07-08 04:53:49,https://investors.ccbg.com/financial-information/financial-results,2021 10 26 Capital City Bank Group Inc Reports Third Quarter 160,https://d1io3yog0oux5.cloudfront.net/_73a0b97078103841c6511f46fce92957/ccbg/news/2021-10-26_Capital_City_Bank_Group_Inc_Reports_Third_Quarter__160.pdf
2026-07-08 04:53:49,https://investors.ccbg.com/financial-information/financial-results,2021 07 27 Capital City Bank Group Inc Reports Second 156,https://d1io3yog0oux5.cloudfront.net/_73a0b97078103841c6511f46fce92957/ccbg/news/2021-07-27_Capital_City_Bank_Group_Inc_Reports_Second_156.pdf
2026-07-08 04:53:49,https://investors.ccbg.com/financial-information/financial-results,2021 04 27 Capital City Bank Group Inc Reports First Quarter 153,https://d1io3yog0oux5.cloudfront.net/_73a0b97078103841c6511f46fce92957/ccbg/news/2021-04-27_Capital_City_Bank_Group_Inc_Reports_First_Quarter__153.pdf
2026-07-08 04:53:49,https://investors.ccbg.com/financial-information/financial-results,2021 01 26 Capital City Bank Group Inc Reports Fourth 151,https://d1io3yog0oux5.cloudfront.net/_73a0b97078103841c6511f46fce92957/ccbg/news/2021-01-26_Capital_City_Bank_Group_Inc_Reports_Fourth_151.pdf
2026-07-08 04:53:49,https://investors.ccbg.com/financial-information/financial-results,2020 10 27 Capital City Bank Group Inc Reports Third Quarter 7,https://d1io3yog0oux5.cloudfront.net/_73a0b97078103841c6511f46fce92957/ccbg/news/2020-10-27_Capital_City_Bank_Group_Inc_Reports_Third_Quarter__7.pdf
2026-07-08 04:53:49,https://investors.ccbg.com/financial-information/financial-results,2020 07 21 Capital City Bank Group Inc Reports Second 9,https://d1io3yog0oux5.cloudfront.net/_73a0b97078103841c6511f46fce92957/ccbg/news/2020-07-21_Capital_City_Bank_Group_Inc_Reports_Second_9.pdf
2026-07-08 04:53:49,https://investors.ccbg.com/financial-information/financial-results,2020 04 23 Capital City Bank Group Inc Reports First Quarter 11,https://d1io3yog0oux5.cloudfront.net/_73a0b97078103841c6511f46fce92957/ccbg/news/2020-04-23_Capital_City_Bank_Group_Inc_Reports_First_Quarter__11.pdf
2026-07-08 04:53:49,https://investors.ccbg.com/financial-information/financial-results,2020 01 30 Capital City Bank Group Inc Reports Fourth 15,https://d1io3yog0oux5.cloudfront.net/_73a0b97078103841c6511f46fce92957/ccbg/news/2020-01-30_Capital_City_Bank_Group_Inc_Reports_Fourth_15.pdf
2026-07-08 04:53:49,https://investors.ccbg.com/financial-information/financial-results,2019 10 29 Capital City Bank Group Inc Reports Third Quarter 18,https://d1io3yog0oux5.cloudfront.net/_73a0b97078103841c6511f46fce92957/ccbg/news/2019-10-29_Capital_City_Bank_Group_Inc_Reports_Third_Quarter__18.pdf
2026-07-08 04:53:49,https://investors.ccbg.com/financial-information/financial-results,2019 07 23 Capital City Bank Group Inc Reports Second 21,https://d1io3yog0oux5.cloudfront.net/_73a0b97078103841c6511f46fce92957/ccbg/news/2019-07-23_Capital_City_Bank_Group_Inc_Reports_Second_21.pdf
2026-07-08 04:53:49,https://investors.ccbg.com/financial-information/financial-results,Presentation,https://d1io3yog0oux5.cloudfront.net/_73a0b97078103841c6511f46fce92957/ccbg/db/1113/10016/file/3de8d211-a8fa-667f-81f5-3acf5f2a42cf.pdf
2026-07-08 04:53:49,https://investors.ccbg.com/financial-information/financial-results,2019 04 22 Capital City Bank Group Inc Reports First Quarter 24,https://d1io3yog0oux5.cloudfront.net/_73a0b97078103841c6511f46fce92957/ccbg/news/2019-04-22_Capital_City_Bank_Group_Inc_Reports_First_Quarter__24.pdf
2026-07-08 04:53:49,https://investors.ccbg.com/financial-information/financial-results,Presentation,https://d1io3yog0oux5.cloudfront.net/_73a0b97078103841c6511f46fce92957/ccbg/db/1113/10015/file/66d4988d-6993-60ee-2bfd-d787f202a074.pdf
2026-07-08 04:53:49,https://investors.ccbg.com/financial-information/financial-results,2019 01 29 Capital City Bank Group Inc Reports Fourth 27,https://d1io3yog0oux5.cloudfront.net/_73a0b97078103841c6511f46fce92957/ccbg/news/2019-01-29_Capital_City_Bank_Group_Inc_Reports_Fourth_27.pdf
2026-07-08 04:53:49,https://investors.ccbg.com/financial-information/financial-results,Presentation,https://d1io3yog0oux5.cloudfront.net/_73a0b97078103841c6511f46fce92957/ccbg/db/1113/10014/file/4a327426-5321-b2df-c8e4-2bd79a9041a7.pdf
2026-07-08 04:53:49,https://investors.ccbg.com/financial-information/financial-results,2018 10 23 Capital City Bank Group Inc Reports Third Quarter 29,https://d1io3yog0oux5.cloudfront.net/_73a0b97078103841c6511f46fce92957/ccbg/news/2018-10-23_Capital_City_Bank_Group_Inc_Reports_Third_Quarter__29.pdf
2026-07-08 04:53:49,https://investors.ccbg.com/financial-information/financial-results,2018 07 24 Capital City Bank Group Inc Reports Second 31,https://d1io3yog0oux5.cloudfront.net/_73a0b97078103841c6511f46fce92957/ccbg/news/2018-07-24_Capital_City_Bank_Group_Inc_Reports_Second_31.pdf
2026-07-08 04:53:49,https://investors.ccbg.com/financial-information/financial-results,2018 04 23 Capital City Bank Group Inc Reports First Quarter 34,https://d1io3yog0oux5.cloudfront.net/_73a0b97078103841c6511f46fce92957/ccbg/news/2018-04-23_Capital_City_Bank_Group_Inc_Reports_First_Quarter__34.pdf
2026-07-08 04:53:49,https://investors.ccbg.com/financial-information/financial-results,2018 01 23 Capital City Bank Group Inc Reports Fourth 36,https://d1io3yog0oux5.cloudfront.net/_73a0b97078103841c6511f46fce92957/ccbg/news/2018-01-23_Capital_City_Bank_Group_Inc_Reports_Fourth_36.pdf
2026-07-08 04:53:49,https://investors.ccbg.com/financial-information/financial-results,2017 10 24 Capital City Bank Group Inc Reports Third Quarter 38,https://d1io3yog0oux5.cloudfront.net/_73a0b97078103841c6511f46fce92957/ccbg/news/2017-10-24_Capital_City_Bank_Group_Inc_Reports_Third_Quarter__38.pdf
2026-07-08 04:53:49,https://investors.ccbg.com/financial-information/financial-results,2017 07 25 Capital City Bank Group Inc Reports Second 40,https://d1io3yog0oux5.cloudfront.net/_73a0b97078103841c6511f46fce92957/ccbg/news/2017-07-25_Capital_City_Bank_Group_Inc_Reports_Second_40.pdf
2026-07-08 04:53:49,https://investors.ccbg.com/financial-information/financial-results,2017 04 24 Capital City Bank Group Inc Reports First Quarter 43,https://d1io3yog0oux5.cloudfront.net/_73a0b97078103841c6511f46fce92957/ccbg/news/2017-04-24_Capital_City_Bank_Group_Inc_Reports_First_Quarter__43.pdf
2026-07-08 04:53:49,https://investors.ccbg.com/financial-information/financial-results,2017 01 24 Capital City Bank Group Inc Reports Fourth 46,https://d1io3yog0oux5.cloudfront.net/_73a0b97078103841c6511f46fce92957/ccbg/news/2017-01-24_Capital_City_Bank_Group_Inc_Reports_Fourth_46.pdf
2026-07-08 04:53:49,https://investors.ccbg.com/financial-information/financial-results,2016 10 25 Capital City Bank Group Inc Reports Third Quarter 48,https://d1io3yog0oux5.cloudfront.net/_73a0b97078103841c6511f46fce92957/ccbg/news/2016-10-25_Capital_City_Bank_Group_Inc_Reports_Third_Quarter__48.pdf
2026-07-08 04:53:49,https://investors.ccbg.com/financial-information/financial-results,2016 07 26 Capital City Bank Group Inc Reports Second 50,https://d1io3yog0oux5.cloudfront.net/_73a0b97078103841c6511f46fce92957/ccbg/news/2016-07-26_Capital_City_Bank_Group_Inc_Reports_Second_50.pdf
2026-07-08 04:53:49,https://investors.ccbg.com/financial-information/financial-results,2016 04 25 Capital City Bank Group Inc Reports First Quarter 52,https://d1io3yog0oux5.cloudfront.net/_73a0b97078103841c6511f46fce92957/ccbg/news/2016-04-25_Capital_City_Bank_Group_Inc_Reports_First_Quarter__52.pdf
2026-07-08 04:53:49,https://investors.ccbg.com/financial-information/financial-results,2016 01 26 Capital City Bank Group Inc Reports Fourth 54,https://d1io3yog0oux5.cloudfront.net/_73a0b97078103841c6511f46fce92957/ccbg/news/2016-01-26_Capital_City_Bank_Group_Inc_Reports_Fourth_54.pdf
2026-07-08 04:53:49,https://investors.ccbg.com/financial-information/financial-results,2015 10 20 Capital City Bank Group Inc Reports Third Quarter 57,https://d1io3yog0oux5.cloudfront.net/_73a0b97078103841c6511f46fce92957/ccbg/news/2015-10-20_Capital_City_Bank_Group_Inc_Reports_Third_Quarter__57.pdf
2026-07-08 04:53:49,https://investors.ccbg.com/financial-information/financial-results,2015 07 21 Capital City Bank Group Inc Reports Second 61,https://d1io3yog0oux5.cloudfront.net/_73a0b97078103841c6511f46fce92957/ccbg/news/2015-07-21_Capital_City_Bank_Group_Inc_Reports_Second_61.pdf
2026-07-08 04:53:49,https://investors.ccbg.com/financial-information/financial-results,2015 04 27 Capital City Bank Group Inc Reports First Quarter 63,https://d1io3yog0oux5.cloudfront.net/_73a0b97078103841c6511f46fce92957/ccbg/news/2015-04-27_Capital_City_Bank_Group_Inc_Reports_First_Quarter__63.pdf
2026-07-08 04:53:49,https://investors.ccbg.com/financial-information/financial-results,2015 01 27 Capital City Bank Group Inc Reports Fourth 65,https://d1io3yog0oux5.cloudfront.net/_73a0b97078103841c6511f46fce92957/ccbg/news/2015-01-27_Capital_City_Bank_Group_Inc_Reports_Fourth_65.pdf
2026-07-08 04:53:49,https://investors.ccbg.com/financial-information/financial-results,2014 10 28 Capital City Bank Group Inc Reports Third Quarter 68,https://d1io3yog0oux5.cloudfront.net/_73a0b97078103841c6511f46fce92957/ccbg/news/2014-10-28_Capital_City_Bank_Group_Inc_Reports_Third_Quarter__68.pdf
2026-07-08 04:53:49,https://investors.ccbg.com/financial-information/financial-results,2014 07 22 Capital City Bank Group Inc Reports Second 71,https://d1io3yog0oux5.cloudfront.net/_73a0b97078103841c6511f46fce92957/ccbg/news/2014-07-22_Capital_City_Bank_Group_Inc_Reports_Second_71.pdf
2026-07-08 04:53:49,https://investors.ccbg.com/financial-information/financial-results,2014 04 28 Capital City Bank Group Inc Reports First Quarter 73,https://d1io3yog0oux5.cloudfront.net/_73a0b97078103841c6511f46fce92957/ccbg/news/2014-04-28_Capital_City_Bank_Group_Inc_Reports_First_Quarter__73.pdf
2026-07-08 04:53:49,https://investors.ccbg.com/financial-information/financial-results,2014 01 28 Capital City Bank Group Inc Reports Fourth 75,https://d1io3yog0oux5.cloudfront.net/_73a0b97078103841c6511f46fce92957/ccbg/news/2014-01-28_Capital_City_Bank_Group_Inc_Reports_Fourth_75.pdf
2026-07-08 04:53:49,https://investors.ccbg.com/financial-information/financial-results,2013 10 29 Capital City Bank Group Inc Reports Third Quarter 77,https://d1io3yog0oux5.cloudfront.net/_73a0b97078103841c6511f46fce92957/ccbg/news/2013-10-29_Capital_City_Bank_Group_Inc_Reports_Third_Quarter__77.pdf
2026-07-08 04:53:49,https://investors.ccbg.com/financial-information/financial-results,2013 07 23 Capital City Bank Group Inc Reports Second 80,https://d1io3yog0oux5.cloudfront.net/_73a0b97078103841c6511f46fce92957/ccbg/news/2013-07-23_Capital_City_Bank_Group_Inc_Reports_Second_80.pdf
2026-07-08 04:53:49,https://investors.ccbg.com/financial-information/financial-results,2013 04 22 Capital City Bank Group Inc Reports First Quarter 84,https://d1io3yog0oux5.cloudfront.net/_73a0b97078103841c6511f46fce92957/ccbg/news/2013-04-22_Capital_City_Bank_Group_Inc_Reports_First_Quarter__84.pdf
2026-07-08 04:53:49,https://investors.ccbg.com/financial-information/financial-results,2013 01 29 Capital City Bank Group Inc Reports Fourth 85,https://d1io3yog0oux5.cloudfront.net/_73a0b97078103841c6511f46fce92957/ccbg/news/2013-01-29_Capital_City_Bank_Group_Inc_Reports_Fourth_85.pdf
2026-07-08 04:53:49,https://investors.ccbg.com/financial-information/financial-results,2012 07 24 Capital City Bank Group Inc Reports Second 88,https://d1io3yog0oux5.cloudfront.net/_73a0b97078103841c6511f46fce92957/ccbg/news/2012-07-24_Capital_City_Bank_Group_Inc_Reports_Second_88.pdf
2026-07-08 04:53:49,https://investors.ccbg.com/financial-information/financial-results,2012 05 01 Capital City Bank Group Inc Reports First Quarter 90,https://d1io3yog0oux5.cloudfront.net/_73a0b97078103841c6511f46fce92957/ccbg/news/2012-05-01_Capital_City_Bank_Group_Inc_Reports_First_Quarter__90.pdf
2026-07-08 04:53:49,https://investors.ccbg.com/financial-information/financial-results,2012 01 27 Capital City Bank Group Inc Reports Fourth 91,https://d1io3yog0oux5.cloudfront.net/_73a0b97078103841c6511f46fce92957/ccbg/news/2012-01-27_Capital_City_Bank_Group_Inc_Reports_Fourth_91.pdf
2026-07-08 04:53:49,https://investors.ccbg.com/financial-information/financial-results,2011 10 25 Capital City Bank Group Inc Reports Third Quarter 93,https://d1io3yog0oux5.cloudfront.net/_73a0b97078103841c6511f46fce92957/ccbg/news/2011-10-25_Capital_City_Bank_Group_Inc_Reports_Third_Quarter__93.pdf
2026-07-08 04:53:49,https://investors.ccbg.com/financial-information/financial-results,2011 07 26 Capital City Bank Group Inc Reports Second 95,https://d1io3yog0oux5.cloudfront.net/_73a0b97078103841c6511f46fce92957/ccbg/news/2011-07-26_Capital_City_Bank_Group_Inc_Reports_Second_95.pdf
2026-07-08 04:53:49,https://investors.ccbg.com/financial-information/financial-results,2011 04 25 Capital City Bank Group Inc Reports First Quarter 99,https://d1io3yog0oux5.cloudfront.net/_73a0b97078103841c6511f46fce92957/ccbg/news/2011-04-25_Capital_City_Bank_Group_Inc_Reports_First_Quarter__99.pdf
2026-07-08 04:53:49,https://investors.ccbg.com/financial-information/financial-results,2011 01 25 Capital City Bank Group Inc Reports Fourth 101,https://d1io3yog0oux5.cloudfront.net/_73a0b97078103841c6511f46fce92957/ccbg/news/2011-01-25_Capital_City_Bank_Group_Inc_Reports_Fourth_101.pdf
2026-07-08 04:53:49,https://investors.ccbg.com/financial-information/financial-results,2010 10 26 Capital City Bank Group Inc Reports Third Quarter 104,https://d1io3yog0oux5.cloudfront.net/_73a0b97078103841c6511f46fce92957/ccbg/news/2010-10-26_Capital_City_Bank_Group_Inc_Reports_Third_Quarter__104.pdf
2026-07-08 04:53:49,https://investors.ccbg.com/financial-information/financial-results,2010 07 20 Capital City Bank Group Inc Reports Second 108,https://d1io3yog0oux5.cloudfront.net/_73a0b97078103841c6511f46fce92957/ccbg/news/2010-07-20_Capital_City_Bank_Group_Inc_Reports_Second_108.pdf
2026-07-08 04:53:49,https://investors.ccbg.com/financial-information/financial-results,2010 04 19 Capital City Bank Group Inc Reports First Quarter 111,https://d1io3yog0oux5.cloudfront.net/_73a0b97078103841c6511f46fce92957/ccbg/news/2010-04-19_Capital_City_Bank_Group_Inc_Reports_First_Quarter__111.pdf
2026-07-08 04:53:49,https://investors.ccbg.com/financial-information/financial-results,2010 01 26 Capital City Bank Group Inc Reports Fourth 113,https://d1io3yog0oux5.cloudfront.net/_73a0b97078103841c6511f46fce92957/ccbg/news/2010-01-26_Capital_City_Bank_Group_Inc_Reports_Fourth_113.pdf
2026-07-08 04:53:49,https://investors.ccbg.com/financial-information/financial-results,2009 10 20 Capital City Bank Group Inc Reports Third Quarter 116,https://d1io3yog0oux5.cloudfront.net/_73a0b97078103841c6511f46fce92957/ccbg/news/2009-10-20_Capital_City_Bank_Group_Inc_Reports_Third_Quarter__116.pdf
2026-07-08 04:53:49,https://investors.ccbg.com/financial-information/financial-results,2009 07 21 Capital City Bank Group Inc Reports Second 118,https://d1io3yog0oux5.cloudfront.net/_73a0b97078103841c6511f46fce92957/ccbg/news/2009-07-21_Capital_City_Bank_Group_Inc_Reports_Second_118.pdf
2026-07-08 04:53:49,https://investors.ccbg.com/financial-information/financial-results,2009 01 26 Capital City Bank Group Inc Reports Fourth 125,https://d1io3yog0oux5.cloudfront.net/_73a0b97078103841c6511f46fce92957/ccbg/news/2009-01-26_Capital_City_Bank_Group_Inc_Reports_Fourth_125.pdf
2026-07-08 04:53:49,https://investors.ccbg.com/financial-information/financial-results,2008 10 21 Capital City Bank Group Inc Reports Third Quarter 130,https://d1io3yog0oux5.cloudfront.net/_73a0b97078103841c6511f46fce92957/ccbg/news/2008-10-21_Capital_City_Bank_Group_Inc_Reports_Third_Quarter__130.pdf
2026-07-08 04:53:49,https://investors.ccbg.com/financial-information/financial-results,2008 07 22 Capital City Bank Group Inc Reports Second 133,https://d1io3yog0oux5.cloudfront.net/_73a0b97078103841c6511f46fce92957/ccbg/news/2008-07-22_Capital_City_Bank_Group_Inc_Reports_Second_133.pdf
2026-07-08 04:53:49,https://investors.ccbg.com/financial-information/financial-results,2008 01 22 Capital City Bank Group Inc Reports Fourth 137,https://d1io3yog0oux5.cloudfront.net/_73a0b97078103841c6511f46fce92957/ccbg/news/2008-01-22_Capital_City_Bank_Group_Inc_Reports_Fourth_137.pdf
2026-07-08 04:53:49,https://investors.ccbg.com/financial-information/financial-results,2007 10 23 Capital City Bank Group Inc Reports Third Quarter 141,https://d1io3yog0oux5.cloudfront.net/_73a0b97078103841c6511f46fce92957/ccbg/news/2007-10-23_Capital_City_Bank_Group_Inc_Reports_Third_Quarter__141.pdf
2026-07-08 04:53:49,https://investors.ccbg.com/financial-information/financial-results,2007 07 24 Capital City Bank Group Inc Reports Second 144,https://d1io3yog0oux5.cloudfront.net/_73a0b97078103841c6511f46fce92957/ccbg/news/2007-07-24_Capital_City_Bank_Group_Inc_Reports_Second_144.pdf
2026-07-08 04:53:49,https://investors.ccbg.com/financial-information/financial-results,2007 04 23 Capital City Bank Group Inc Reports First Quarter 147,https://d1io3yog0oux5.cloudfront.net/_73a0b97078103841c6511f46fce92957/ccbg/news/2007-04-23_Capital_City_Bank_Group_Inc_Reports_First_Quarter__147.pdf
2026-07-08 04:53:49,https://investors.ccbg.com/financial-information/financial-results,2007 01 23 Capital City Bank Group Inc Reports 2006 Earnings 150,https://d1io3yog0oux5.cloudfront.net/_73a0b97078103841c6511f46fce92957/ccbg/news/2007-01-23_Capital_City_Bank_Group_Inc_Reports_2006_Earnings__150.pdf
2026-07-08 04:53:49,https://en.wynnmacaulimited.com/announcements-and-circulars,Monthly Return of Equity Issuer on Movements in Securities for the month ended 30 June 2026,https://en.wynnmacaulimited.com/static-files/f9e194cb-a046-4cf7-b76d-18802a8b0021 
2026-07-08 04:53:49,https://investors.galeratx.com/financial-information/sec-filings,0001193125-26-296981.pdf 0001193125-26-296981.rtf 0001193125-26-296981.xls EX-101.SCH - XBRL TAXONOMY EXTENSION SCHEMA View HTML,https://investors.galeratx.com/static-files/46bc9a81-7a40-4b2d-98fd-4e1b5a2a5d59
2026-07-08 04:53:49,https://investors.galeratx.com/financial-information/sec-filings,0001193125-26-296981.pdf 0001193125-26-296981.rtf 0001193125-26-296981.xls EX-101.SCH - XBRL TAXONOMY EXTENSION SCHEMA View HTML,https://investors.galeratx.com/static-files/f4856d78-83eb-4875-beb5-7f6d98e97b58
2026-07-08 04:53:49,https://investors.galeratx.com/financial-information/sec-filings,0001193125-26-296981.pdf 0001193125-26-296981.rtf 0001193125-26-296981.xls EX-101.SCH - XBRL TAXONOMY EXTENSION SCHEMA View HTML,https://investors.galeratx.com/static-files/51088482-b090-4106-8821-bd8f02cb3452
2026-07-08 04:53:49,https://investors.galeratx.com/financial-information/sec-filings,0001193125-26-296982.pdf 0001193125-26-296982.rtf View HTML,https://investors.galeratx.com/static-files/835e2ccb-59d7-4bb3-b087-ceb4d273d8c0
2026-07-08 04:53:49,https://investors.galeratx.com/financial-information/sec-filings,0001193125-26-296982.pdf 0001193125-26-296982.rtf View HTML,https://investors.galeratx.com/static-files/3289499d-de49-45f8-8556-d65251409bcd
2026-07-08 04:53:49,https://www.ltts.com/about-us/quality-enabling-business-excellence,Our Medical Life Science practices are ISO 13485:2016 certified. Click,https://www.ltts.com/sites/default/files/media/Quality_Files/20004128_ISO_13485_2016.pdf
2026-07-08 04:53:49,https://www.ltts.com/investors/exchange-announcements,"Reconciliation of Share Capital Audit Report pursuant to Regulation 76 of the SEBI (Depositories and Participants) Regulations, 2018 for the",https://www.ltts.com/sites/default/files/investors/exchange-announcements/LTTSReconciliation30062026sd.pdf
2026-07-08 04:53:49,https://gocolors.com/pages/investor-relations,REGULATION 74(5) Q1 FY27,https://cdn.shopify.com/s/files/1/0598/8158/6848/files/REGULATION_74_5_Q1_FY27.pdf?v=1783423113
2026-07-08 04:53:49,https://investor.wilcon.com.ph/all-disclosures/,WLCON SEC Form 17C Public Ownership Report as of June 30 2026 1,https://investor.wilcon.com.ph/wp-content/uploads/2026/07/WLCON-SEC-Form-17C-Public-Ownership-Report-as-of-June-30-2026-1.pdf
2026-07-08 04:53:49,https://investor.wilcon.com.ph/all-disclosures/,WLCON SEC Form 17C Report on Number of Stockholders as of June 30 2026,https://investor.wilcon.com.ph/wp-content/uploads/2026/07/WLCON-SEC-Form-17C-Report-on-Number-of-Stockholders-as-of-June-30-2026.pdf
2026-07-08 04:53:49,https://investor.wilcon.com.ph/all-disclosures/,WLCON SEC Form 17C List of Top 100 Stockholders as of June 30 2026,https://investor.wilcon.com.ph/wp-content/uploads/2026/07/WLCON-SEC-Form-17C-List-of-Top-100-Stockholders-as-of-June-30-2026.pdf
2026-07-08 04:53:49,https://www.steppecement.com/investors/rns-announcements/,Trading Update and Investor Presentation via Investor Meet Company,https://www.steppecement.com/images/pdf/2026.07.05. H1 results_v3 (SH).pdf
2026-07-08 04:53:49,https://www.ardaghmetalpackaging.com/esg/sustainability#sustainability-reports,Green Bond Allocation and Impact Report 2023 (PDF 3.2 MB),https://www.ardaghmetalpackaging.com/_assets/_1f495491ef45a9400b4b81114eb21774/ardaghmetalpackagingcorp/db/3892/38863/file/AMP+Green+financing+Framework+V1.0+%2817112025%29.pdf
2026-07-08 04:53:49,https://www.ardaghmetalpackaging.com/esg/sustainability#sustainability-reports,AMP+Human+rights+policy+statement+V1.2[EXT],https://www.ardaghmetalpackaging.com/_assets/_1f495491ef45a9400b4b81114eb21774/ardaghmetalpackagingcorp/db/3892/38857/file/AMP+Human+rights+policy+statement+V1.2%5BEXT%5D.pdf
2026-07-08 04:53:49,http://www.manappuram.com/,Approved CSR projects for FY 2026-27,http://www.manappuram.com/sites/default/files/2026-07/Revised-AAP-26-27.pdf
2026-07-08 04:53:49,https://renukasugars.com/corporate-governance/,Data Privacy policy for Samriddhi Mobile Application,https://renukasugars.com/pdf/corporate-governance/data-privacy-policy-for-mobile%20app-jul26.pdf
2026-07-08 04:53:49,https://www.norwegian.com/en/about/company/investor-relations/reports-and-presentations/,traffic report june 2026,https://www.norwegian.com/globalassets/ip/documents/about-us/company/investor-relations/reports-and-presentations/monthly-traffic-figures/2026/traffic-report-june-2026.pdf
2026-07-08 04:53:49,https://www.rcbc.com/annual-reports,RCBC 2025 Annual and Sustainability Report,https://www.rcbc.com/uploads/media/RCBC-Annual-Report-2025-Digital-ASR.pdf
2026-07-08 04:53:49,https://www.merchantstrust.co.uk/en-gb/information/market-announcements,Directorate Change – 01.06.2026,https://www.merchantstrust.co.uk/-/media/allianzgi/eu/merchants-trust/docs/directorate-change/directorate-change-june-2026.pdf?rev=-1&hash=EFB2884592DEABEF82DF70F0E6A4D933
2026-07-08 04:53:49,https://investors.vertumotors.com/announcements/#share,Transaction In Own Shares,https://investors.vertumotors.com/custom/147545.pdf
2026-07-08 04:53:49,https://www.begbies-traynorgroup.com/investor-relations/results-centre,fy26 results presentation final,https://www.btguk.com/files/pdfs/ir/fy26-results-presentation-final.pdf
2026-07-08 04:53:49,https://www.begbies-traynorgroup.com/investor-relations/results-centre,apr 26 results announcement final 1783414891,https://www.btguk.com/files/investor-relations/reports/apr-26-results-announcement-final-1783414891.pdf
2026-07-08 04:53:49,https://verupharma.com/investors/board-committees-charters/,Veru Inc Director Nomination Criteria,https://d1io3yog0oux5.cloudfront.net/_6ac7fde0ab3d94b7a143b4903c422e25/verupharma/db/2234/20928/file/Veru_Inc_Director_Nomination_Criteria.pdf
2026-07-08 04:53:49,https://investors.graphicpkg.com/governance/governance-documents/default.aspx,GPK+ +Amended+and+Restated+By Laws+(AB+Draft+5.27.26)(.8)+(002),https://d1io3yog0oux5.cloudfront.net/_7a3907be6f8d01099f7f113cd245b7ad/graphicpkg/db/2275/21424/file/GPK+-+Amended+and+Restated+By-Laws+%28AB+Draft+5.27.26%29%28.8%29+%28002%29.pdf
2026-07-08 04:53:49,https://investors.graphicpkg.com/governance/governance-documents/default.aspx,GPHC+Amended+and+Restated+Certificate+of+Incorporation+6 12 2026+(signed)+(1),https://d1io3yog0oux5.cloudfront.net/_7a3907be6f8d01099f7f113cd245b7ad/graphicpkg/db/2275/21803/file/GPHC+Amended+and+Restated+Certificate+of+Incorporation+6-12-2026+%28signed%29+%281%29.pdf
2026-07-08 04:53:49,https://investors.graphicpkg.com/governance/governance-documents/default.aspx,Graphic Packaging Holding Company Conflict Minerals Report 2025 Download,https://d1io3yog0oux5.cloudfront.net/_7a3907be6f8d01099f7f113cd245b7ad/graphicpkg/db/2275/21415/file/2025+Conflict+Minerals+Report.pdf
2026-07-08 04:53:49,https://www.blue-cap.de/en/company/corporate-governance-and-compliance/,Articles of Association (23 June 2026),https://www.blue-cap.de/app/uploads/2026/07/20260623_BCAG_URK-4461-sb.pdf
2026-07-08 04:53:49,https://www.sylvamo.com/us/en/sustainability/environment,2025 Sustainability Performance Review,https://assets.sylvamo.com/asset/934a88eb-563b-4756-ab61-695e79030950/2025-Sustainability-Performance-Review.pdf
2026-07-08 04:53:49,http://en.wynnmacaulimited.com/announcements-and-circulars,Monthly Return of Equity Issuer on Movements in Securities for the month ended 30 June 2026,http://en.wynnmacaulimited.com/static-files/f9e194cb-a046-4cf7-b76d-18802a8b0021 
2026-07-08 04:53:49,https://www.sciencegroup.com/news/,"07 July, 2026 Transaction in own shares",https://www.sciencegroup.com/wp-content/uploads/2026/07/Buyback-06.07.2026.pdf
2026-07-08 04:53:49,https://www.sciencegroup.com/news/,"06 July, 2026 Transaction in own shares",https://www.sciencegroup.com/wp-content/uploads/2026/07/Buyback-03.07.2026.pdf
2026-07-08 04:53:49,https://www.clevelandcliffs.com/investors,2026 04 20 Cleveland Cliffs Reports First Quarter 2026 696,https://d1io3yog0oux5.cloudfront.net/_15d30d6b016eecfc1f406ae89f050cc5/clevelandcliffs/news/2026-04-20_Cleveland_Cliffs_Reports_First_Quarter_2026_696.pdf
2026-07-08 04:53:49,https://www.zegnagroup.com/en/corporate-governance/governance-documents/,"Organizational, Management and Control Model of Tizeta Srl",https://www.zegnagroup.com/wp-content/uploads/2026/04/Organizational-Management-and-Control-Model-of-Tizeta-Srl.pdf
2026-07-08 04:53:49,https://www.ardaghmetalpackaging.com/esg/governance#risk-management,AMP+Green+financing+Framework+V1.0+(17112025),https://www.ardaghmetalpackaging.com/_assets/_1f495491ef45a9400b4b81114eb21774/ardaghmetalpackagingcorp/db/3898/37401/file/AMP+Green+financing+Framework+V1.0+%2817112025%29.pdf
2026-07-08 04:53:49,https://www.ardaghmetalpackaging.com/about-us/media-centre,AMP+Green+financing+Framework+V1.0+(17112025),https://www.ardaghmetalpackaging.com/_assets/_1f495491ef45a9400b4b81114eb21774/ardaghmetalpackagingcorp/db/3877/38818/file/AMP+Green+financing+Framework+V1.0+%2817112025%29.pdf
2026-07-08 04:53:49,https://www.ardaghmetalpackaging.com/about-us/media-centre,AMP+Human+rights+policy+statement+V1.2[EXT],https://www.ardaghmetalpackaging.com/_assets/_1f495491ef45a9400b4b81114eb21774/ardaghmetalpackagingcorp/db/3877/38799/file/AMP+Human+rights+policy+statement+V1.2%5BEXT%5D.pdf
2026-07-08 04:53:51,https://ir.verupharma.com/,2026 05 13 Veru Reports Fiscal 2026 Second Quarter Financial 254,https://d1io3yog0oux5.cloudfront.net/_6ac7fde0ab3d94b7a143b4903c422e25/verupharma/news/2026-05-13_Veru_Reports_Fiscal_2026_Second_Quarter_Financial__254.pdf
2026-07-08 04:53:51,https://www.dmciholdings.com/governance/company-policies,WHISTLEBLOWER POLICY Amended July 2026,https://www.dmciholdings.com/storage/app/media/uploads-legacy/corporate_governance/2026 Policies/WHISTLEBLOWER POLICY_Amended July 2026.pdf
2026-07-08 04:53:51,https://ir.olaplex.com/,Notice of Pendency and Proposed Settlement of Stockholder Derivative Matters and Settlement Hearing,https://d1io3yog0oux5.cloudfront.net/_2e4b57ec3c3de82a26c6f918e19ce8eb/olaplex/db/2297/21274/description/Olaplex_-_Derivative_Action_-_Notice_of_Pendency_and_Proposed_Settlement.pdf
2026-07-08 04:53:51,https://ir.olaplex.com/,Olaplex Derivative Action Stipulation and Agreement of Settlement,https://d1io3yog0oux5.cloudfront.net/_431697a7033d57339bb4a45b7fe9da72/olaplex/db/2297/21274/description/Olaplex_-_Derivative_Action_-_Stipulation_and_Agreement_of_Settlement.pdf
2026-07-08 04:53:51,https://investors.scholarrock.com/investors-media/financials-filings/sec-filings,"Filed by ""insiders"" prior intended sale of restricted stock.",https://investors.scholarrock.com/static-files/61e83309-0215-4fa8-9938-825959d80627
2026-07-08 04:53:51,https://investors.scholarrock.com/investors-media/financials-filings/sec-filings,"Filed by ""insiders"" prior intended sale of restricted stock.",https://investors.scholarrock.com/static-files/45eb66b7-388f-435a-bc08-5e3655c9b6e7
2026-07-08 04:53:51,https://investors.scholarrock.com/investors-media/financials-filings/sec-filings,Statement of changes in beneficial ownership of securities,https://investors.scholarrock.com/static-files/f80101c6-5ff0-460a-a06e-0160d538efc3
2026-07-08 04:53:51,https://investors.scholarrock.com/investors-media/financials-filings/sec-filings,Statement of changes in beneficial ownership of securities,https://investors.scholarrock.com/static-files/13130ee0-2c4c-42ae-96ad-dbaf85083168
2026-07-08 04:53:51,https://investors.scholarrock.com/investors-media/financials-filings/sec-filings,Statement of changes in beneficial ownership of securities,https://investors.scholarrock.com/static-files/fc83244b-66ea-4ac0-a5a2-a5108010ddef
2026-07-08 04:53:51,https://investors.scholarrock.com/investors-media/financials-filings/sec-filings,Statement of changes in beneficial ownership of securities,https://investors.scholarrock.com/static-files/8d9487f4-9ee0-48d5-840b-d45525624591
2026-07-08 04:53:51,https://investors.scholarrock.com/investors-media/financials-filings/sec-filings,Statement of changes in beneficial ownership of securities,https://investors.scholarrock.com/static-files/c0d67de0-d50c-42e3-80c1-63a9c18927fa
2026-07-08 04:53:51,https://investors.scholarrock.com/investors-media/financials-filings/sec-filings,Statement of changes in beneficial ownership of securities,https://investors.scholarrock.com/static-files/5afcf9e3-979e-403a-85d8-18723a84d7c6
2026-07-08 04:53:51,https://investors.scholarrock.com/investors-media/financials-filings/sec-filings,Statement of changes in beneficial ownership of securities,https://investors.scholarrock.com/static-files/f3387aad-4952-4008-beca-3891310676ed
2026-07-08 04:53:51,https://investors.scholarrock.com/investors-media/financials-filings/sec-filings,Statement of changes in beneficial ownership of securities,https://investors.scholarrock.com/static-files/2fd2c691-2105-4b06-a7cc-31a193a49cbf
2026-07-08 04:53:51,https://investors.scholarrock.com/investors-media/financials-filings/sec-filings,Statement of changes in beneficial ownership of securities,https://investors.scholarrock.com/static-files/8ba066b9-2734-4c6f-ad72-ccf4920e1caf
2026-07-08 04:53:51,https://investors.scholarrock.com/investors-media/financials-filings/sec-filings,Statement of changes in beneficial ownership of securities,https://investors.scholarrock.com/static-files/605c455f-8921-433c-b462-0e46e928f203
2026-07-08 04:53:51,https://investors.scholarrock.com/investors-media/financials-filings/sec-filings,Statement of changes in beneficial ownership of securities,https://investors.scholarrock.com/static-files/1fd966ab-f6ef-4c0b-b942-072607339c71
2026-07-08 04:53:51,https://investors.scholarrock.com/investors-media/financials-filings/sec-filings,Statement of changes in beneficial ownership of securities,https://investors.scholarrock.com/static-files/dba3dc72-c49c-4b8d-b2c1-dce05c2e231b
2026-07-08 04:53:51,https://investors.scholarrock.com/investors-media/financials-filings/sec-filings,Statement of changes in beneficial ownership of securities,https://investors.scholarrock.com/static-files/ff548f35-001a-4d5d-8458-e43b2b8dd463
2026-07-08 04:53:51,https://investors.scholarrock.com/investors-media/financials-filings/sec-filings,Statement of changes in beneficial ownership of securities,https://investors.scholarrock.com/static-files/aeaa1610-908c-4f6a-890d-779c504519d9
2026-07-08 04:53:51,https://investors.scholarrock.com/investors-media/financials-filings/sec-filings,Statement of changes in beneficial ownership of securities,https://investors.scholarrock.com/static-files/b2a37ba9-55b5-4bde-9051-c1b1e1a26bb7
2026-07-08 04:53:51,https://www.shareindia.com/about-us/investor-relations,KID NCDs 50Crores 06 07 2026,https://www.shareindia.com/wp-content/uploads/data/uploads/Investor_Relations_Files/KID_NCDs_50Crores_06-07-2026.pdf
2026-07-08 04:53:51,https://www.shareindia.com/about-us/investor-relations,Share India GID July 2026 24062026 DSC,https://www.shareindia.com/wp-content/uploads/data/uploads/Investor_Relations_Files/Share_India_GID_July_2026_24062026_DSC.pdf
2026-07-08 04:53:51,https://investors.graphicpkg.com/,GPK Investor+Presentation+June+2026+vF2,https://d1io3yog0oux5.cloudfront.net/_7a3907be6f8d01099f7f113cd245b7ad/graphicpkg/db/2291/21662/downloadable_file/GPK_Investor+Presentation+June+2026+vF2.pdf
2026-07-08 04:53:51,https://investors.graphicpkg.com/,GPK Investor+Presentation+June+2026+vF2,https://d1io3yog0oux5.cloudfront.net/_7a3907be6f8d01099f7f113cd245b7ad/graphicpkg/db/2265/21879/pdf/GPK_Investor+Presentation+June+2026+vF2.pdf
2026-07-08 04:53:51,https://www.clevelandcliffs.com/investors/financial-information/financial-results,2026 02 09 Cleveland Cliffs Reports Fourth Quarter and Full 693,https://d1io3yog0oux5.cloudfront.net/_15d30d6b016eecfc1f406ae89f050cc5/clevelandcliffs/news/2026-02-09_Cleveland_Cliffs_Reports_Fourth_Quarter_and_Full_693.pdf
2026-07-08 04:53:51,https://www.clevelandcliffs.com/investors/financial-information/financial-results,2025 10 20 Cleveland Cliffs Reports Third Quarter 2025 686,https://d1io3yog0oux5.cloudfront.net/_15d30d6b016eecfc1f406ae89f050cc5/clevelandcliffs/news/2025-10-20_Cleveland_Cliffs_Reports_Third_Quarter_2025_686.pdf
2026-07-08 04:53:51,https://www.clevelandcliffs.com/investors/financial-information/financial-results,2025 07 21 Cleveland Cliffs Reports Second Quarter 2025 678,https://d1io3yog0oux5.cloudfront.net/_15d30d6b016eecfc1f406ae89f050cc5/clevelandcliffs/news/2025-07-21_Cleveland_Cliffs_Reports_Second_Quarter_2025_678.pdf
2026-07-08 04:53:51,https://www.clevelandcliffs.com/investors/financial-information/financial-results,2025 05 07 Cleveland Cliffs Reports First Quarter 2025 674,https://d1io3yog0oux5.cloudfront.net/_15d30d6b016eecfc1f406ae89f050cc5/clevelandcliffs/news/2025-05-07_Cleveland_Cliffs_Reports_First_Quarter_2025_674.pdf
2026-07-08 04:53:51,https://www.clevelandcliffs.com/investors/financial-information/financial-results,2025 02 24 Cleveland Cliffs Reports Full Year and Fourth 670,https://d1io3yog0oux5.cloudfront.net/_15d30d6b016eecfc1f406ae89f050cc5/clevelandcliffs/news/2025-02-24_Cleveland_Cliffs_Reports_Full_Year_and_Fourth_670.pdf
2026-07-08 04:53:51,https://www.clevelandcliffs.com/investors/financial-information/financial-results,2024 11 04 Cleveland Cliffs Reports Third Quarter 2024 662,https://d1io3yog0oux5.cloudfront.net/_15d30d6b016eecfc1f406ae89f050cc5/clevelandcliffs/news/2024-11-04_Cleveland_Cliffs_Reports_Third_Quarter_2024_662.pdf
2026-07-08 04:53:51,https://www.clevelandcliffs.com/investors/financial-information/financial-results,2024 07 22 Cleveland Cliffs Reports Second Quarter 2024 645,https://d1io3yog0oux5.cloudfront.net/_15d30d6b016eecfc1f406ae89f050cc5/clevelandcliffs/news/2024-07-22_Cleveland_Cliffs_Reports_Second_Quarter_2024_645.pdf
2026-07-08 04:53:51,https://www.clevelandcliffs.com/investors/financial-information/financial-results,2024 04 22 Cleveland Cliffs Reports First Quarter 2024 635,https://d1io3yog0oux5.cloudfront.net/_15d30d6b016eecfc1f406ae89f050cc5/clevelandcliffs/news/2024-04-22_Cleveland_Cliffs_Reports_First_Quarter_2024_635.pdf
2026-07-08 04:53:51,https://www.clevelandcliffs.com/investors/financial-information/financial-results,2024 01 29 Cleveland Cliffs Reports Full Year and Fourth 621,https://d1io3yog0oux5.cloudfront.net/_15d30d6b016eecfc1f406ae89f050cc5/clevelandcliffs/news/2024-01-29_Cleveland_Cliffs_Reports_Full_Year_and_Fourth_621.pdf
2026-07-08 04:53:51,https://www.clevelandcliffs.com/investors/financial-information/financial-results,2023 10 23 Cleveland Cliffs Reports Third Quarter 2023 609,https://d1io3yog0oux5.cloudfront.net/_15d30d6b016eecfc1f406ae89f050cc5/clevelandcliffs/news/2023-10-23_Cleveland_Cliffs_Reports_Third_Quarter_2023_609.pdf
2026-07-08 04:53:51,https://www.clevelandcliffs.com/investors/financial-information/financial-results,2023 07 24 Cleveland Cliffs Reports Second Quarter 2023 599,https://d1io3yog0oux5.cloudfront.net/_15d30d6b016eecfc1f406ae89f050cc5/clevelandcliffs/news/2023-07-24_Cleveland_Cliffs_Reports_Second_Quarter_2023_599.pdf
2026-07-08 04:53:51,https://www.clevelandcliffs.com/investors/financial-information/financial-results,2023 04 24 Cleveland Cliffs Reports First Quarter 2023 587,https://d1io3yog0oux5.cloudfront.net/_15d30d6b016eecfc1f406ae89f050cc5/clevelandcliffs/news/2023-04-24_Cleveland_Cliffs_Reports_First_Quarter_2023_587.pdf
2026-07-08 04:53:51,https://www.clevelandcliffs.com/investors/financial-information/financial-results,2023 02 13 Cleveland Cliffs Reports Full Year and Fourth 572,https://d1io3yog0oux5.cloudfront.net/_15d30d6b016eecfc1f406ae89f050cc5/clevelandcliffs/news/2023-02-13_Cleveland_Cliffs_Reports_Full_Year_and_Fourth_572.pdf
2026-07-08 04:53:51,https://www.clevelandcliffs.com/investors/financial-information/financial-results,2022 10 25 Cleveland Cliffs Reports Third Quarter 2022 560,https://d1io3yog0oux5.cloudfront.net/_15d30d6b016eecfc1f406ae89f050cc5/clevelandcliffs/news/2022-10-25_Cleveland_Cliffs_Reports_Third_Quarter_2022_560.pdf
2026-07-08 04:53:51,https://www.clevelandcliffs.com/investors/financial-information/financial-results,2022 07 22 Cleveland Cliffs Reports Second Quarter 2022 553,https://d1io3yog0oux5.cloudfront.net/_15d30d6b016eecfc1f406ae89f050cc5/clevelandcliffs/news/2022-07-22_Cleveland_Cliffs_Reports_Second_Quarter_2022_553.pdf
2026-07-08 04:53:51,https://www.clevelandcliffs.com/investors/financial-information/financial-results,2022 04 22 Cleveland Cliffs Reports First Quarter 2022 547,https://d1io3yog0oux5.cloudfront.net/_15d30d6b016eecfc1f406ae89f050cc5/clevelandcliffs/news/2022-04-22_Cleveland_Cliffs_Reports_First_Quarter_2022_547.pdf
2026-07-08 04:53:51,https://www.clevelandcliffs.com/investors/financial-information/financial-results,2022 02 11 Cleveland Cliffs Reports Full Year and Fourth 541,https://d1io3yog0oux5.cloudfront.net/_15d30d6b016eecfc1f406ae89f050cc5/clevelandcliffs/news/2022-02-11_Cleveland_Cliffs_Reports_Full_Year_and_Fourth_541.pdf
2026-07-08 04:53:51,https://www.clevelandcliffs.com/investors/financial-information/financial-results,2021 10 22 Cleveland Cliffs Reports Record Third Quarter 535,https://d1io3yog0oux5.cloudfront.net/_15d30d6b016eecfc1f406ae89f050cc5/clevelandcliffs/news/2021-10-22_Cleveland_Cliffs_Reports_Record_Third_Quarter_535.pdf
2026-07-08 04:53:51,https://www.clevelandcliffs.com/investors/financial-information/financial-results,2021 07 22 Cleveland Cliffs Reports Record Second Quarter 526,https://d1io3yog0oux5.cloudfront.net/_15d30d6b016eecfc1f406ae89f050cc5/clevelandcliffs/news/2021-07-22_Cleveland_Cliffs_Reports_Record_Second_Quarter_526.pdf
2026-07-08 04:53:51,https://www.clevelandcliffs.com/investors/financial-information/financial-results,2021 04 22 Cleveland Cliffs Reports First Quarter 2021 213,https://d1io3yog0oux5.cloudfront.net/_15d30d6b016eecfc1f406ae89f050cc5/clevelandcliffs/news/2021-04-22_Cleveland_Cliffs_Reports_First_Quarter_2021_213.pdf
2026-07-08 04:53:51,https://www.clevelandcliffs.com/investors/financial-information/financial-results,2021 02 25 Cleveland Cliffs Reports Fourth Quarter and Full 210,https://d1io3yog0oux5.cloudfront.net/_15d30d6b016eecfc1f406ae89f050cc5/clevelandcliffs/news/2021-02-25_Cleveland_Cliffs_Reports_Fourth_Quarter_and_Full_210.pdf
2026-07-08 04:53:51,https://www.clevelandcliffs.com/investors/financial-information/financial-results,2020 10 23 Cleveland Cliffs Inc Reports Third Quarter 2020 11,https://d1io3yog0oux5.cloudfront.net/_15d30d6b016eecfc1f406ae89f050cc5/clevelandcliffs/news/2020-10-23_Cleveland_Cliffs_Inc_Reports_Third_Quarter_2020_11.pdf
2026-07-08 04:53:51,https://www.clevelandcliffs.com/investors/financial-information/financial-results,2020 07 30 Cleveland Cliffs Inc Reports Second Quarter 2020 14,https://d1io3yog0oux5.cloudfront.net/_15d30d6b016eecfc1f406ae89f050cc5/clevelandcliffs/news/2020-07-30_Cleveland_Cliffs_Inc_Reports_Second_Quarter_2020_14.pdf
2026-07-08 04:53:51,https://www.clevelandcliffs.com/investors/financial-information/financial-results,2020 05 11 Cleveland Cliffs Inc Reports First Quarter 2020 22,https://d1io3yog0oux5.cloudfront.net/_15d30d6b016eecfc1f406ae89f050cc5/clevelandcliffs/news/2020-05-11_Cleveland_Cliffs_Inc_Reports_First_Quarter_2020_22.pdf
2026-07-08 04:53:51,https://www.clevelandcliffs.com/investors/financial-information/financial-results,2020 02 20 Cleveland Cliffs Inc Reports Fourth Quarter and 43,https://d1io3yog0oux5.cloudfront.net/_15d30d6b016eecfc1f406ae89f050cc5/clevelandcliffs/news/2020-02-20_Cleveland_Cliffs_Inc_Reports_Fourth_Quarter_and_43.pdf
2026-07-08 04:53:51,https://www.clevelandcliffs.com/investors/financial-information/financial-results,2019 10 23 Cleveland Cliffs Inc Reports Third Quarter 2019 53,https://d1io3yog0oux5.cloudfront.net/_15d30d6b016eecfc1f406ae89f050cc5/clevelandcliffs/news/2019-10-23_Cleveland_Cliffs_Inc_Reports_Third_Quarter_2019_53.pdf
2026-07-08 04:53:51,https://www.clevelandcliffs.com/investors/financial-information/financial-results,2019 07 19 Cleveland Cliffs Inc Reports Second Quarter 2019 59,https://d1io3yog0oux5.cloudfront.net/_15d30d6b016eecfc1f406ae89f050cc5/clevelandcliffs/news/2019-07-19_Cleveland_Cliffs_Inc_Reports_Second_Quarter_2019_59.pdf
2026-07-08 04:53:51,https://www.clevelandcliffs.com/investors/financial-information/financial-results,2019 04 25 Cleveland Cliffs Inc Reports First Quarter 2019 68,https://d1io3yog0oux5.cloudfront.net/_15d30d6b016eecfc1f406ae89f050cc5/clevelandcliffs/news/2019-04-25_Cleveland_Cliffs_Inc_Reports_First_Quarter_2019_68.pdf
2026-07-08 04:53:51,https://www.clevelandcliffs.com/investors/financial-information/financial-results,2019 02 08 Cleveland Cliffs Inc Reports Fourth Quarter and 72,https://d1io3yog0oux5.cloudfront.net/_15d30d6b016eecfc1f406ae89f050cc5/clevelandcliffs/news/2019-02-08_Cleveland_Cliffs_Inc_Reports_Fourth_Quarter_and_72.pdf
2026-07-08 04:53:51,https://www.clevelandcliffs.com/investors/financial-information/financial-results,2018 10 19 Cleveland Cliffs Inc Reports Third Quarter 2018 78,https://d1io3yog0oux5.cloudfront.net/_15d30d6b016eecfc1f406ae89f050cc5/clevelandcliffs/news/2018-10-19_Cleveland_Cliffs_Inc_Reports_Third_Quarter_2018_78.pdf
2026-07-08 04:53:51,https://www.clevelandcliffs.com/investors/financial-information/financial-results,2018 07 20 Cleveland Cliffs Inc Reports Second Quarter 2018 86,https://d1io3yog0oux5.cloudfront.net/_15d30d6b016eecfc1f406ae89f050cc5/clevelandcliffs/news/2018-07-20_Cleveland_Cliffs_Inc_Reports_Second_Quarter_2018_86.pdf
2026-07-08 04:53:51,https://www.clevelandcliffs.com/investors/financial-information/financial-results,2018 04 20 Cleveland Cliffs Inc Reports First Quarter 2018 90,https://d1io3yog0oux5.cloudfront.net/_15d30d6b016eecfc1f406ae89f050cc5/clevelandcliffs/news/2018-04-20_Cleveland_Cliffs_Inc_Reports_First_Quarter_2018_90.pdf
2026-07-08 04:53:51,https://www.clevelandcliffs.com/investors/financial-information/financial-results,2018 01 25 Cleveland Cliffs Inc Reports Fourth Quarter and 96,https://d1io3yog0oux5.cloudfront.net/_15d30d6b016eecfc1f406ae89f050cc5/clevelandcliffs/news/2018-01-25_Cleveland_Cliffs_Inc_Reports_Fourth_Quarter_and_96.pdf
2026-07-08 04:53:51,https://www.clevelandcliffs.com/investors/financial-information/financial-results,2017 10 20 Cleveland Cliffs Inc Reports Third Quarter 2017 106,https://d1io3yog0oux5.cloudfront.net/_15d30d6b016eecfc1f406ae89f050cc5/clevelandcliffs/news/2017-10-20_Cleveland_Cliffs_Inc_Reports_Third_Quarter_2017_106.pdf
2026-07-08 04:53:51,https://www.clevelandcliffs.com/investors/financial-information/financial-results,2008 05 05 Cleveland Cliffs Inc Reports First Quarter 2008 144,https://d1io3yog0oux5.cloudfront.net/_15d30d6b016eecfc1f406ae89f050cc5/clevelandcliffs/news/2008-05-05_Cleveland_Cliffs_Inc_Reports_First_Quarter_2008_144.pdf
2026-07-08 04:53:51,https://www.clevelandcliffs.com/investors/financial-information/financial-results,2008 02 21 Cleveland Cliffs Inc Reports Fourth Quarter and 153,https://d1io3yog0oux5.cloudfront.net/_15d30d6b016eecfc1f406ae89f050cc5/clevelandcliffs/news/2008-02-21_Cleveland_Cliffs_Inc_Reports_Fourth_Quarter_and_153.pdf
2026-07-08 04:53:51,https://www.clevelandcliffs.com/investors/financial-information/financial-results,2007 11 01 Cleveland Cliffs Inc Reports Third Quarter 164,https://d1io3yog0oux5.cloudfront.net/_15d30d6b016eecfc1f406ae89f050cc5/clevelandcliffs/news/2007-11-01_Cleveland_Cliffs_Inc_Reports_Third_Quarter_164.pdf
2026-07-08 04:53:51,https://www.clevelandcliffs.com/investors/financial-information/financial-results,2007 07 26 Cleveland Cliffs Reports Second Quarter 177,https://d1io3yog0oux5.cloudfront.net/_15d30d6b016eecfc1f406ae89f050cc5/clevelandcliffs/news/2007-07-26_Cleveland_Cliffs_Reports_Second_Quarter_177.pdf
2026-07-08 04:53:51,https://www.clevelandcliffs.com/investors/financial-information/financial-results,2007 02 21 Cleveland Cliffs Reports Record Revenues and 203,https://d1io3yog0oux5.cloudfront.net/_15d30d6b016eecfc1f406ae89f050cc5/clevelandcliffs/news/2007-02-21_Cleveland_Cliffs_Reports_Record_Revenues_and_203.pdf
2026-07-10 04:09:21,https://www.gerresheimer.com/en/sustainability/downloads,Gerresheimer Separate Non financial Report 2025 protected,https://www.gerresheimer.com/fileadmin/user_upload/user_upload/gerresheimer/ir/downloads/reports/2025/Non_financial_report/New/Gerresheimer_Separate_Non-financial_Report_2025_protected.pdf
2026-07-10 04:09:21,https://www.sm-energy.com/sustainability/governance,Nominating+and+Governance+Committee+Charter+(Adopted+5.21.26),https://d1io3yog0oux5.cloudfront.net/_80be23d7e6b867a2ebd52cfe377dc62e/smenergy/db/3852/35602/file/Nominating+and+Governance+Committee+Charter+%28Adopted+5.21.26%29.pdf
2026-07-10 04:09:21,https://www.sm-energy.com/sustainability/governance,Operations+and+EHS+Committee+Charter+(Adopted+5.21.26),https://d1io3yog0oux5.cloudfront.net/_80be23d7e6b867a2ebd52cfe377dc62e/smenergy/db/3852/35603/file/Operations+and+EHS+Committee+Charter+%28Adopted+5.21.26%29.pdf
2026-07-10 04:09:21,https://www.clevelandcliffs.com/news/fact-center,"James Graham – Executive Vice President, Human Resources, Chief Legal and Administrative Officer & Secretary",https://www.clevelandcliffs.com/_assets/_799e54d4b8d0adcdcf958072b7e97a72/clevelandcliffs/db/1188/10363/file/CLF_ExecBio_JamesGraham_052022.pdf
2026-07-10 04:09:21,https://www.clevelandcliffs.com/news/fact-center,"Nicholas Kohlhas - Executive Vice President, Operations",https://www.clevelandcliffs.com/_assets/_799e54d4b8d0adcdcf958072b7e97a72/clevelandcliffs/db/1188/12086/file/CLF_ExecBio_Kohlhas_062026.pdf
2026-07-10 04:09:21,https://www.clevelandcliffs.com/news/fact-center,CC FactSheet BurnsHarbor 062026,https://www.clevelandcliffs.com/_assets/_799e54d4b8d0adcdcf958072b7e97a72/clevelandcliffs/db/1188/10379/file/CC_FactSheet_BurnsHarbor_062026.pdf
2026-07-10 04:09:21,https://www.clevelandcliffs.com/news/fact-center,CLF FactSheet HibbingTaconite 52026,https://www.clevelandcliffs.com/_assets/_799e54d4b8d0adcdcf958072b7e97a72/clevelandcliffs/db/1188/10374/file/CLF_FactSheet_HibbingTaconite_52026.pdf
2026-07-10 04:09:21,https://www.clevelandcliffs.com/news/fact-center,CC FactSheet MansfieldWorks 072026,https://www.clevelandcliffs.com/_assets/_799e54d4b8d0adcdcf958072b7e97a72/clevelandcliffs/db/1188/10392/file/CC_FactSheet_MansfieldWorks_072026.pdf
2026-07-10 04:09:21,https://www.clevelandcliffs.com/news/fact-center,CLF FactSheet NorthshoreMining 052026,https://www.clevelandcliffs.com/_assets/_799e54d4b8d0adcdcf958072b7e97a72/clevelandcliffs/db/1188/10376/file/CLF_FactSheet_NorthshoreMining_052026.pdf
2026-07-10 04:09:21,https://www.clevelandcliffs.com/news/fact-center,CLF CC FactSheet Warren 062026,https://www.clevelandcliffs.com/_assets/_799e54d4b8d0adcdcf958072b7e97a72/clevelandcliffs/db/1188/10373/file/CLF_CC_FactSheet_Warren_062026.pdf
2026-07-10 04:09:21,https://www.clevelandcliffs.com/investors/corporate-governance/governance-documents,Compensation and Organization Committee Charter,https://www.clevelandcliffs.com/_assets/_799e54d4b8d0adcdcf958072b7e97a72/clevelandcliffs/db/1097/10048/file/2024+07+24+Comp+Cmte+Charter+FINAL.pdf
2026-07-10 04:09:21,https://www.clevelandcliffs.com/investors/corporate-governance/governance-documents,2024+07+24+Strategy+and+Sustainability+Committee+Charter+FINAL,https://www.clevelandcliffs.com/_assets/_799e54d4b8d0adcdcf958072b7e97a72/clevelandcliffs/db/1097/10050/file/2024+07+24+Strategy+and+Sustainability+Committee+Charter+FINAL.pdf
2026-07-10 04:09:21,https://www.clevelandcliffs.com/investors/corporate-governance/governance-documents,2024+07+24+Corporate+Governance+Guidelines+FINAL,https://www.clevelandcliffs.com/_assets/_799e54d4b8d0adcdcf958072b7e97a72/clevelandcliffs/db/1097/11088/file/2024+07+24+Corporate+Governance+Guidelines+FINAL.pdf
2026-07-10 04:09:21,https://www.clevelandcliffs.com/investors/corporate-governance/governance-documents,CLF Policy Environmental 052021,https://www.clevelandcliffs.com/_assets/_799e54d4b8d0adcdcf958072b7e97a72/clevelandcliffs/db/1097/10798/file/CLF_Policy_Environmental_052021.pdf
2026-07-10 04:09:21,https://www.clevelandcliffs.com/investors/corporate-governance/governance-documents,CLF Policy RelatedPartyTransactions 012020,https://www.clevelandcliffs.com/_assets/_799e54d4b8d0adcdcf958072b7e97a72/clevelandcliffs/db/1097/10801/file/CLF_Policy_RelatedPartyTransactions_012020.pdf
2026-07-10 04:09:21,https://www.siyaram.com/investor-relations/annual-reports.php,Annual Report 2025-2026,https://prod-siyaram-bucket.s3.ap-south-1.amazonaws.com/images/investor-relationship-doc/annual-reports/2025-2026/Annual-Report-2025-26.pdf
2026-07-10 04:09:21,https://ir.veritexbank.com/investor-overview?c=253740&p=irol-irhome,2026 Morgan Stanley US Financials Conference View Presentation,https://d1io3yog0oux5.cloudfront.net/_12c769484340c442d175eaadb04de515/huntington/db/2706/28821/pdf/HBAN+MS+Presentation_vf.pdf
2026-07-10 04:09:21,https://ir.navitassemi.com/financial-information,0001104659-26-081576.pdf 0001104659-26-081576.rtf 0001104659-26-081576.xls EX-101.SCH - XBRL TAXONOMY EXTENSION SCHEMA View HTML,https://ir.navitassemi.com/static-files/7f03f2e2-d48c-46ba-aa16-fa0fabcf9693
2026-07-10 04:09:21,https://ir.navitassemi.com/financial-information,0001104659-26-081576.pdf 0001104659-26-081576.rtf 0001104659-26-081576.xls EX-101.SCH - XBRL TAXONOMY EXTENSION SCHEMA View HTML,https://ir.navitassemi.com/static-files/33265b74-18ce-49cb-9590-63f1e30beda8
2026-07-10 04:09:21,https://ir.navitassemi.com/financial-information,0001104659-26-081576.pdf 0001104659-26-081576.rtf 0001104659-26-081576.xls EX-101.SCH - XBRL TAXONOMY EXTENSION SCHEMA View HTML,https://ir.navitassemi.com/static-files/cfdcb11d-bd7e-454f-8136-984b3470fa52
2026-07-10 04:09:21,https://www.moonpig.group/,moonpig group plc annual report 2026 full version,https://www.moonpig.group/media/kydnyjui/moonpig-group-plc-annual-report-2026-full-version.pdf
2026-07-10 04:09:21,https://www.moonpig.group/governance/gender-pay/,moonpig group plc fy26 gender pay gap report final website,https://www.moonpig.group/media/3rldu4l1/moonpig-group-plc-fy26-gender-pay-gap-report-final-website.pdf
2026-07-10 04:09:21,https://albuhaira.com/financial-reports,Continuation of the Temporary Assignment of the General Manager,https://albuhaira.com/assets/reports/disclosure-reports/5135015.pdf
2026-07-10 04:09:21,https://www.birlasoft.com/company/investors/corporate-governance,notice of the 35th annual general meeting and e voting information,https://www.birlasoft.com/sites/default/files/resources/downloads/investors/notice-of-the-35th-annual-general-meeting-and-e-voting-information.pdf
2026-07-10 04:09:21,https://www.irbinvit.co.in/announcement/,Audited Consolidated & Standalone Financial Results of IRB InvIT Fund (‘The Trust’) for the Half Year and Financial year ended,https://www.irbinvit.co.in/wp-content/uploads/2026/07/File-no.-3.pdf
2026-07-10 04:09:21,https://www.irbinvit.co.in/announcement/,Audited Consolidated & Standalone Financial Results of IRB InvIT Fund (‘The Trust’) for the Half Year and Financial year ended,https://www.irbinvit.co.in/wp-content/uploads/2026/07/Update_of_IRB_InvIT_Toll_collection_Sd.pdf
2026-07-10 04:09:21,https://www.laxmi.com/about-us/sustainability.aspx,"Our plants are ISO 45001:2018, ISO 9001:2015 and ISO 14001:2015 certified for quality, robust environment management systems and organizational health",https://www.laxmi.com/uploads/certifications/ec-half-yearly-compliance-report-site3.pdf
2026-07-10 04:09:21,https://www.pne-ag.com/en/investor-relations/corporate-governance/,Current Articles of PNE AG,https://www.pne-ag.com/fileadmin/user_upload/Investor_Relations/Corporate_Governance/260512_Satzung_PNE.pdf
2026-07-10 04:09:21,https://www.southgobi.com/html/ir.php,Announcements and Notices - CHANGE OF RECORD DATE FOR SPECIAL MEETING,https://media-southgobi.todayir.com/20260708180801188912237986_en.pdf
2026-07-10 04:09:21,https://ir.bactiguard.com/press-releases/,bactiguard bactiguard has resolved to issue and repurchase class c shares 260708,https://ir.bactiguard.com/wp-content/uploads/bactiguard-bactiguard-has-resolved-to-issue-and-repurchase-class-c-shares-260708.pdf
2026-07-10 04:09:21,https://ir.pne-ag.com/en/corporate-governance#section91,Current Articles of PNE AG,https://ir.pne-ag.com/fileadmin/user_upload/Investor_Relations/Corporate_Governance/260512_Satzung_PNE.pdf
2026-07-10 04:09:24,https://investors.ccbg.com/,2026 04 20 Capital City Bank Group Inc Reports First Quarter 232,https://d1io3yog0oux5.cloudfront.net/_9cf319750dffc6edf36c04fc38f3ce44/ccbg/news/2026-04-20_Capital_City_Bank_Group_Inc_Reports_First_Quarter__232.pdf
2026-07-10 04:09:24,https://investors.ccbg.com/,1Q26+Investor+Presentation FINAL,https://d1io3yog0oux5.cloudfront.net/_9cf319750dffc6edf36c04fc38f3ce44/ccbg/db/1086/10267/pdf/1Q26+Investor+Presentation_FINAL.pdf
2026-07-10 04:09:24,https://investors.ccbg.com/corporate-governance/governance-documents,"CCBG+ +Associate+Code+of+Conduct+and+Officer+Addendum++ +Approved+May+20,+2026",https://d1io3yog0oux5.cloudfront.net/_9cf319750dffc6edf36c04fc38f3ce44/ccbg/db/1097/10218/file/CCBG+-+Associate+Code+of+Conduct+and+Officer+Addendum++-+Approved+May+20%2C+2026.pdf
2026-07-10 04:09:24,https://investors.ccbg.com/financial-information/financial-results,2026 01 27 Capital City Bank Group Inc Reports Fourth 228,https://d1io3yog0oux5.cloudfront.net/_9cf319750dffc6edf36c04fc38f3ce44/ccbg/news/2026-01-27_Capital_City_Bank_Group_Inc_Reports_Fourth_228.pdf
2026-07-10 04:09:24,https://investors.ccbg.com/financial-information/financial-results,2025 10 21 Capital City Bank Group Inc Reports Third Quarter 222,https://d1io3yog0oux5.cloudfront.net/_9cf319750dffc6edf36c04fc38f3ce44/ccbg/news/2025-10-21_Capital_City_Bank_Group_Inc_Reports_Third_Quarter__222.pdf
2026-07-10 04:09:24,https://investors.ccbg.com/financial-information/financial-results,2025 07 22 Capital City Bank Group Inc Reports Second 215,https://d1io3yog0oux5.cloudfront.net/_9cf319750dffc6edf36c04fc38f3ce44/ccbg/news/2025-07-22_Capital_City_Bank_Group_Inc_Reports_Second_215.pdf
2026-07-10 04:09:24,https://investors.ccbg.com/financial-information/financial-results,2025 04 21 Capital City Bank Group Inc Reports First Quarter 209,https://d1io3yog0oux5.cloudfront.net/_9cf319750dffc6edf36c04fc38f3ce44/ccbg/news/2025-04-21_Capital_City_Bank_Group_Inc_Reports_First_Quarter__209.pdf
2026-07-10 04:09:24,https://investors.ccbg.com/financial-information/financial-results,2025 01 28 Capital City Bank Group Inc Reports Fourth 204,https://d1io3yog0oux5.cloudfront.net/_9cf319750dffc6edf36c04fc38f3ce44/ccbg/news/2025-01-28_Capital_City_Bank_Group_Inc_Reports_Fourth_204.pdf
2026-07-10 04:09:24,https://investors.ccbg.com/financial-information/financial-results,2024 10 22 Capital City Bank Group Inc Reports Third Quarter 201,https://d1io3yog0oux5.cloudfront.net/_9cf319750dffc6edf36c04fc38f3ce44/ccbg/news/2024-10-22_Capital_City_Bank_Group_Inc_Reports_Third_Quarter__201.pdf
2026-07-10 04:09:24,https://investors.ccbg.com/financial-information/financial-results,2024 07 23 Capital City Bank Group Inc Reports Second 195,https://d1io3yog0oux5.cloudfront.net/_9cf319750dffc6edf36c04fc38f3ce44/ccbg/news/2024-07-23_Capital_City_Bank_Group_Inc_Reports_Second_195.pdf
2026-07-10 04:09:24,https://investors.ccbg.com/financial-information/financial-results,2024 01 23 Capital City Bank Group Inc Reports Fourth 189,https://d1io3yog0oux5.cloudfront.net/_9cf319750dffc6edf36c04fc38f3ce44/ccbg/news/2024-01-23_Capital_City_Bank_Group_Inc_Reports_Fourth_189.pdf
2026-07-10 04:09:24,https://investors.ccbg.com/financial-information/financial-results,2023 10 24 Capital City Bank Group Inc Reports Third Quarter 184,https://d1io3yog0oux5.cloudfront.net/_9cf319750dffc6edf36c04fc38f3ce44/ccbg/news/2023-10-24_Capital_City_Bank_Group_Inc_Reports_Third_Quarter__184.pdf
2026-07-10 04:09:24,https://investors.ccbg.com/financial-information/financial-results,2023 07 25 Capital City Bank Group Inc Reports Second 182,https://d1io3yog0oux5.cloudfront.net/_9cf319750dffc6edf36c04fc38f3ce44/ccbg/news/2023-07-25_Capital_City_Bank_Group_Inc_Reports_Second_182.pdf
2026-07-10 04:09:24,https://investors.ccbg.com/financial-information/financial-results,2023 04 24 Capital City Bank Group Inc Reports First Quarter 180,https://d1io3yog0oux5.cloudfront.net/_9cf319750dffc6edf36c04fc38f3ce44/ccbg/news/2023-04-24_Capital_City_Bank_Group_Inc_Reports_First_Quarter__180.pdf
2026-07-10 04:09:24,https://investors.ccbg.com/financial-information/financial-results,2023 01 24 Capital City Bank Group Inc Reports Fourth 177,https://d1io3yog0oux5.cloudfront.net/_9cf319750dffc6edf36c04fc38f3ce44/ccbg/news/2023-01-24_Capital_City_Bank_Group_Inc_Reports_Fourth_177.pdf
2026-07-10 04:09:24,https://investors.ccbg.com/financial-information/financial-results,2022 10 25 Capital City Bank Group Inc Reports Third Quarter 174,https://d1io3yog0oux5.cloudfront.net/_9cf319750dffc6edf36c04fc38f3ce44/ccbg/news/2022-10-25_Capital_City_Bank_Group_Inc_Reports_Third_Quarter__174.pdf
2026-07-10 04:09:24,https://investors.ccbg.com/financial-information/financial-results,2022 07 26 Capital City Bank Group Inc Reports Second 170,https://d1io3yog0oux5.cloudfront.net/_9cf319750dffc6edf36c04fc38f3ce44/ccbg/news/2022-07-26_Capital_City_Bank_Group_Inc_Reports_Second_170.pdf
2026-07-10 04:09:24,https://investors.ccbg.com/financial-information/financial-results,2022 04 25 Capital City Bank Group Reports First Quarter 168,https://d1io3yog0oux5.cloudfront.net/_9cf319750dffc6edf36c04fc38f3ce44/ccbg/news/2022-04-25_Capital_City_Bank_Group_Reports_First_Quarter_168.pdf
2026-07-10 04:09:24,https://investors.ccbg.com/financial-information/financial-results,2022 01 25 Capital City Bank Group Inc Reports Fourth 164,https://d1io3yog0oux5.cloudfront.net/_9cf319750dffc6edf36c04fc38f3ce44/ccbg/news/2022-01-25_Capital_City_Bank_Group_Inc_Reports_Fourth_164.pdf
2026-07-10 04:09:24,https://investors.ccbg.com/financial-information/financial-results,2021 10 26 Capital City Bank Group Inc Reports Third Quarter 160,https://d1io3yog0oux5.cloudfront.net/_9cf319750dffc6edf36c04fc38f3ce44/ccbg/news/2021-10-26_Capital_City_Bank_Group_Inc_Reports_Third_Quarter__160.pdf
2026-07-10 04:09:24,https://investors.ccbg.com/financial-information/financial-results,2021 07 27 Capital City Bank Group Inc Reports Second 156,https://d1io3yog0oux5.cloudfront.net/_9cf319750dffc6edf36c04fc38f3ce44/ccbg/news/2021-07-27_Capital_City_Bank_Group_Inc_Reports_Second_156.pdf
2026-07-10 04:09:24,https://investors.ccbg.com/financial-information/financial-results,2021 04 27 Capital City Bank Group Inc Reports First Quarter 153,https://d1io3yog0oux5.cloudfront.net/_9cf319750dffc6edf36c04fc38f3ce44/ccbg/news/2021-04-27_Capital_City_Bank_Group_Inc_Reports_First_Quarter__153.pdf
2026-07-10 04:09:24,https://investors.ccbg.com/financial-information/financial-results,2021 01 26 Capital City Bank Group Inc Reports Fourth 151,https://d1io3yog0oux5.cloudfront.net/_9cf319750dffc6edf36c04fc38f3ce44/ccbg/news/2021-01-26_Capital_City_Bank_Group_Inc_Reports_Fourth_151.pdf
2026-07-10 04:09:24,https://investors.ccbg.com/financial-information/financial-results,2020 10 27 Capital City Bank Group Inc Reports Third Quarter 7,https://d1io3yog0oux5.cloudfront.net/_9cf319750dffc6edf36c04fc38f3ce44/ccbg/news/2020-10-27_Capital_City_Bank_Group_Inc_Reports_Third_Quarter__7.pdf
2026-07-10 04:09:24,https://investors.ccbg.com/financial-information/financial-results,2020 07 21 Capital City Bank Group Inc Reports Second 9,https://d1io3yog0oux5.cloudfront.net/_9cf319750dffc6edf36c04fc38f3ce44/ccbg/news/2020-07-21_Capital_City_Bank_Group_Inc_Reports_Second_9.pdf
2026-07-10 04:09:24,https://investors.ccbg.com/financial-information/financial-results,2020 04 23 Capital City Bank Group Inc Reports First Quarter 11,https://d1io3yog0oux5.cloudfront.net/_9cf319750dffc6edf36c04fc38f3ce44/ccbg/news/2020-04-23_Capital_City_Bank_Group_Inc_Reports_First_Quarter__11.pdf
2026-07-10 04:09:24,https://investors.ccbg.com/financial-information/financial-results,2020 01 30 Capital City Bank Group Inc Reports Fourth 15,https://d1io3yog0oux5.cloudfront.net/_9cf319750dffc6edf36c04fc38f3ce44/ccbg/news/2020-01-30_Capital_City_Bank_Group_Inc_Reports_Fourth_15.pdf
2026-07-10 04:09:24,https://investors.ccbg.com/financial-information/financial-results,2019 10 29 Capital City Bank Group Inc Reports Third Quarter 18,https://d1io3yog0oux5.cloudfront.net/_9cf319750dffc6edf36c04fc38f3ce44/ccbg/news/2019-10-29_Capital_City_Bank_Group_Inc_Reports_Third_Quarter__18.pdf
2026-07-10 04:09:24,https://investors.ccbg.com/financial-information/financial-results,2019 07 23 Capital City Bank Group Inc Reports Second 21,https://d1io3yog0oux5.cloudfront.net/_9cf319750dffc6edf36c04fc38f3ce44/ccbg/news/2019-07-23_Capital_City_Bank_Group_Inc_Reports_Second_21.pdf
2026-07-10 04:09:24,https://investors.ccbg.com/financial-information/financial-results,Presentation,https://d1io3yog0oux5.cloudfront.net/_9cf319750dffc6edf36c04fc38f3ce44/ccbg/db/1113/10016/file/3de8d211-a8fa-667f-81f5-3acf5f2a42cf.pdf
2026-07-10 04:09:24,https://investors.ccbg.com/financial-information/financial-results,2019 04 22 Capital City Bank Group Inc Reports First Quarter 24,https://d1io3yog0oux5.cloudfront.net/_9cf319750dffc6edf36c04fc38f3ce44/ccbg/news/2019-04-22_Capital_City_Bank_Group_Inc_Reports_First_Quarter__24.pdf
2026-07-10 04:09:24,https://investors.ccbg.com/financial-information/financial-results,Presentation,https://d1io3yog0oux5.cloudfront.net/_9cf319750dffc6edf36c04fc38f3ce44/ccbg/db/1113/10015/file/66d4988d-6993-60ee-2bfd-d787f202a074.pdf
2026-07-10 04:09:24,https://investors.ccbg.com/financial-information/financial-results,2019 01 29 Capital City Bank Group Inc Reports Fourth 27,https://d1io3yog0oux5.cloudfront.net/_9cf319750dffc6edf36c04fc38f3ce44/ccbg/news/2019-01-29_Capital_City_Bank_Group_Inc_Reports_Fourth_27.pdf
2026-07-10 04:09:24,https://investors.ccbg.com/financial-information/financial-results,Presentation,https://d1io3yog0oux5.cloudfront.net/_9cf319750dffc6edf36c04fc38f3ce44/ccbg/db/1113/10014/file/4a327426-5321-b2df-c8e4-2bd79a9041a7.pdf
2026-07-10 04:09:24,https://investors.ccbg.com/financial-information/financial-results,2018 10 23 Capital City Bank Group Inc Reports Third Quarter 29,https://d1io3yog0oux5.cloudfront.net/_9cf319750dffc6edf36c04fc38f3ce44/ccbg/news/2018-10-23_Capital_City_Bank_Group_Inc_Reports_Third_Quarter__29.pdf
2026-07-10 04:09:24,https://investors.ccbg.com/financial-information/financial-results,2018 07 24 Capital City Bank Group Inc Reports Second 31,https://d1io3yog0oux5.cloudfront.net/_9cf319750dffc6edf36c04fc38f3ce44/ccbg/news/2018-07-24_Capital_City_Bank_Group_Inc_Reports_Second_31.pdf
2026-07-10 04:09:24,https://investors.ccbg.com/financial-information/financial-results,2018 04 23 Capital City Bank Group Inc Reports First Quarter 34,https://d1io3yog0oux5.cloudfront.net/_9cf319750dffc6edf36c04fc38f3ce44/ccbg/news/2018-04-23_Capital_City_Bank_Group_Inc_Reports_First_Quarter__34.pdf
2026-07-10 04:09:24,https://investors.ccbg.com/financial-information/financial-results,2018 01 23 Capital City Bank Group Inc Reports Fourth 36,https://d1io3yog0oux5.cloudfront.net/_9cf319750dffc6edf36c04fc38f3ce44/ccbg/news/2018-01-23_Capital_City_Bank_Group_Inc_Reports_Fourth_36.pdf
2026-07-10 04:09:24,https://investors.ccbg.com/financial-information/financial-results,2017 10 24 Capital City Bank Group Inc Reports Third Quarter 38,https://d1io3yog0oux5.cloudfront.net/_9cf319750dffc6edf36c04fc38f3ce44/ccbg/news/2017-10-24_Capital_City_Bank_Group_Inc_Reports_Third_Quarter__38.pdf
2026-07-10 04:09:24,https://investors.ccbg.com/financial-information/financial-results,2017 07 25 Capital City Bank Group Inc Reports Second 40,https://d1io3yog0oux5.cloudfront.net/_9cf319750dffc6edf36c04fc38f3ce44/ccbg/news/2017-07-25_Capital_City_Bank_Group_Inc_Reports_Second_40.pdf
2026-07-10 04:09:24,https://investors.ccbg.com/financial-information/financial-results,2017 04 24 Capital City Bank Group Inc Reports First Quarter 43,https://d1io3yog0oux5.cloudfront.net/_9cf319750dffc6edf36c04fc38f3ce44/ccbg/news/2017-04-24_Capital_City_Bank_Group_Inc_Reports_First_Quarter__43.pdf
2026-07-10 04:09:24,https://investors.ccbg.com/financial-information/financial-results,2017 01 24 Capital City Bank Group Inc Reports Fourth 46,https://d1io3yog0oux5.cloudfront.net/_9cf319750dffc6edf36c04fc38f3ce44/ccbg/news/2017-01-24_Capital_City_Bank_Group_Inc_Reports_Fourth_46.pdf
2026-07-10 04:09:24,https://investors.ccbg.com/financial-information/financial-results,2016 10 25 Capital City Bank Group Inc Reports Third Quarter 48,https://d1io3yog0oux5.cloudfront.net/_9cf319750dffc6edf36c04fc38f3ce44/ccbg/news/2016-10-25_Capital_City_Bank_Group_Inc_Reports_Third_Quarter__48.pdf
2026-07-10 04:09:24,https://investors.ccbg.com/financial-information/financial-results,2016 07 26 Capital City Bank Group Inc Reports Second 50,https://d1io3yog0oux5.cloudfront.net/_9cf319750dffc6edf36c04fc38f3ce44/ccbg/news/2016-07-26_Capital_City_Bank_Group_Inc_Reports_Second_50.pdf
2026-07-10 04:09:24,https://investors.ccbg.com/financial-information/financial-results,2016 04 25 Capital City Bank Group Inc Reports First Quarter 52,https://d1io3yog0oux5.cloudfront.net/_9cf319750dffc6edf36c04fc38f3ce44/ccbg/news/2016-04-25_Capital_City_Bank_Group_Inc_Reports_First_Quarter__52.pdf
2026-07-10 04:09:24,https://investors.ccbg.com/financial-information/financial-results,2016 01 26 Capital City Bank Group Inc Reports Fourth 54,https://d1io3yog0oux5.cloudfront.net/_9cf319750dffc6edf36c04fc38f3ce44/ccbg/news/2016-01-26_Capital_City_Bank_Group_Inc_Reports_Fourth_54.pdf
2026-07-10 04:09:24,https://investors.ccbg.com/financial-information/financial-results,2015 10 20 Capital City Bank Group Inc Reports Third Quarter 57,https://d1io3yog0oux5.cloudfront.net/_9cf319750dffc6edf36c04fc38f3ce44/ccbg/news/2015-10-20_Capital_City_Bank_Group_Inc_Reports_Third_Quarter__57.pdf
2026-07-10 04:09:24,https://investors.ccbg.com/financial-information/financial-results,2015 07 21 Capital City Bank Group Inc Reports Second 61,https://d1io3yog0oux5.cloudfront.net/_9cf319750dffc6edf36c04fc38f3ce44/ccbg/news/2015-07-21_Capital_City_Bank_Group_Inc_Reports_Second_61.pdf
2026-07-10 04:09:24,https://investors.ccbg.com/financial-information/financial-results,2015 04 27 Capital City Bank Group Inc Reports First Quarter 63,https://d1io3yog0oux5.cloudfront.net/_9cf319750dffc6edf36c04fc38f3ce44/ccbg/news/2015-04-27_Capital_City_Bank_Group_Inc_Reports_First_Quarter__63.pdf
2026-07-10 04:09:24,https://investors.ccbg.com/financial-information/financial-results,2015 01 27 Capital City Bank Group Inc Reports Fourth 65,https://d1io3yog0oux5.cloudfront.net/_9cf319750dffc6edf36c04fc38f3ce44/ccbg/news/2015-01-27_Capital_City_Bank_Group_Inc_Reports_Fourth_65.pdf
2026-07-10 04:09:24,https://investors.ccbg.com/financial-information/financial-results,2014 10 28 Capital City Bank Group Inc Reports Third Quarter 68,https://d1io3yog0oux5.cloudfront.net/_9cf319750dffc6edf36c04fc38f3ce44/ccbg/news/2014-10-28_Capital_City_Bank_Group_Inc_Reports_Third_Quarter__68.pdf
2026-07-10 04:09:24,https://investors.ccbg.com/financial-information/financial-results,2014 07 22 Capital City Bank Group Inc Reports Second 71,https://d1io3yog0oux5.cloudfront.net/_9cf319750dffc6edf36c04fc38f3ce44/ccbg/news/2014-07-22_Capital_City_Bank_Group_Inc_Reports_Second_71.pdf
2026-07-10 04:09:24,https://investors.ccbg.com/financial-information/financial-results,2014 04 28 Capital City Bank Group Inc Reports First Quarter 73,https://d1io3yog0oux5.cloudfront.net/_9cf319750dffc6edf36c04fc38f3ce44/ccbg/news/2014-04-28_Capital_City_Bank_Group_Inc_Reports_First_Quarter__73.pdf
2026-07-10 04:09:24,https://investors.ccbg.com/financial-information/financial-results,2014 01 28 Capital City Bank Group Inc Reports Fourth 75,https://d1io3yog0oux5.cloudfront.net/_9cf319750dffc6edf36c04fc38f3ce44/ccbg/news/2014-01-28_Capital_City_Bank_Group_Inc_Reports_Fourth_75.pdf
2026-07-10 04:09:24,https://investors.ccbg.com/financial-information/financial-results,2013 10 29 Capital City Bank Group Inc Reports Third Quarter 77,https://d1io3yog0oux5.cloudfront.net/_9cf319750dffc6edf36c04fc38f3ce44/ccbg/news/2013-10-29_Capital_City_Bank_Group_Inc_Reports_Third_Quarter__77.pdf
2026-07-10 04:09:24,https://investors.ccbg.com/financial-information/financial-results,2013 07 23 Capital City Bank Group Inc Reports Second 80,https://d1io3yog0oux5.cloudfront.net/_9cf319750dffc6edf36c04fc38f3ce44/ccbg/news/2013-07-23_Capital_City_Bank_Group_Inc_Reports_Second_80.pdf
2026-07-10 04:09:24,https://investors.ccbg.com/financial-information/financial-results,2013 04 22 Capital City Bank Group Inc Reports First Quarter 84,https://d1io3yog0oux5.cloudfront.net/_9cf319750dffc6edf36c04fc38f3ce44/ccbg/news/2013-04-22_Capital_City_Bank_Group_Inc_Reports_First_Quarter__84.pdf
2026-07-10 04:09:24,https://investors.ccbg.com/financial-information/financial-results,2013 01 29 Capital City Bank Group Inc Reports Fourth 85,https://d1io3yog0oux5.cloudfront.net/_9cf319750dffc6edf36c04fc38f3ce44/ccbg/news/2013-01-29_Capital_City_Bank_Group_Inc_Reports_Fourth_85.pdf
2026-07-10 04:09:24,https://investors.ccbg.com/financial-information/financial-results,2012 07 24 Capital City Bank Group Inc Reports Second 88,https://d1io3yog0oux5.cloudfront.net/_9cf319750dffc6edf36c04fc38f3ce44/ccbg/news/2012-07-24_Capital_City_Bank_Group_Inc_Reports_Second_88.pdf
2026-07-10 04:09:24,https://investors.ccbg.com/financial-information/financial-results,2012 05 01 Capital City Bank Group Inc Reports First Quarter 90,https://d1io3yog0oux5.cloudfront.net/_9cf319750dffc6edf36c04fc38f3ce44/ccbg/news/2012-05-01_Capital_City_Bank_Group_Inc_Reports_First_Quarter__90.pdf
2026-07-10 04:09:24,https://investors.ccbg.com/financial-information/financial-results,2012 01 27 Capital City Bank Group Inc Reports Fourth 91,https://d1io3yog0oux5.cloudfront.net/_9cf319750dffc6edf36c04fc38f3ce44/ccbg/news/2012-01-27_Capital_City_Bank_Group_Inc_Reports_Fourth_91.pdf
2026-07-10 04:09:24,https://investors.ccbg.com/financial-information/financial-results,2011 10 25 Capital City Bank Group Inc Reports Third Quarter 93,https://d1io3yog0oux5.cloudfront.net/_9cf319750dffc6edf36c04fc38f3ce44/ccbg/news/2011-10-25_Capital_City_Bank_Group_Inc_Reports_Third_Quarter__93.pdf
2026-07-10 04:09:24,https://investors.ccbg.com/financial-information/financial-results,2011 07 26 Capital City Bank Group Inc Reports Second 95,https://d1io3yog0oux5.cloudfront.net/_9cf319750dffc6edf36c04fc38f3ce44/ccbg/news/2011-07-26_Capital_City_Bank_Group_Inc_Reports_Second_95.pdf
2026-07-10 04:09:24,https://investors.ccbg.com/financial-information/financial-results,2011 04 25 Capital City Bank Group Inc Reports First Quarter 99,https://d1io3yog0oux5.cloudfront.net/_9cf319750dffc6edf36c04fc38f3ce44/ccbg/news/2011-04-25_Capital_City_Bank_Group_Inc_Reports_First_Quarter__99.pdf
2026-07-10 04:09:24,https://investors.ccbg.com/financial-information/financial-results,2011 01 25 Capital City Bank Group Inc Reports Fourth 101,https://d1io3yog0oux5.cloudfront.net/_9cf319750dffc6edf36c04fc38f3ce44/ccbg/news/2011-01-25_Capital_City_Bank_Group_Inc_Reports_Fourth_101.pdf
2026-07-10 04:09:24,https://investors.ccbg.com/financial-information/financial-results,2010 10 26 Capital City Bank Group Inc Reports Third Quarter 104,https://d1io3yog0oux5.cloudfront.net/_9cf319750dffc6edf36c04fc38f3ce44/ccbg/news/2010-10-26_Capital_City_Bank_Group_Inc_Reports_Third_Quarter__104.pdf
2026-07-10 04:09:24,https://investors.ccbg.com/financial-information/financial-results,2010 07 20 Capital City Bank Group Inc Reports Second 108,https://d1io3yog0oux5.cloudfront.net/_9cf319750dffc6edf36c04fc38f3ce44/ccbg/news/2010-07-20_Capital_City_Bank_Group_Inc_Reports_Second_108.pdf
2026-07-10 04:09:24,https://investors.ccbg.com/financial-information/financial-results,2010 04 19 Capital City Bank Group Inc Reports First Quarter 111,https://d1io3yog0oux5.cloudfront.net/_9cf319750dffc6edf36c04fc38f3ce44/ccbg/news/2010-04-19_Capital_City_Bank_Group_Inc_Reports_First_Quarter__111.pdf
2026-07-10 04:09:24,https://investors.ccbg.com/financial-information/financial-results,2010 01 26 Capital City Bank Group Inc Reports Fourth 113,https://d1io3yog0oux5.cloudfront.net/_9cf319750dffc6edf36c04fc38f3ce44/ccbg/news/2010-01-26_Capital_City_Bank_Group_Inc_Reports_Fourth_113.pdf
2026-07-10 04:09:24,https://investors.ccbg.com/financial-information/financial-results,2009 10 20 Capital City Bank Group Inc Reports Third Quarter 116,https://d1io3yog0oux5.cloudfront.net/_9cf319750dffc6edf36c04fc38f3ce44/ccbg/news/2009-10-20_Capital_City_Bank_Group_Inc_Reports_Third_Quarter__116.pdf
2026-07-10 04:09:24,https://investors.ccbg.com/financial-information/financial-results,2009 07 21 Capital City Bank Group Inc Reports Second 118,https://d1io3yog0oux5.cloudfront.net/_9cf319750dffc6edf36c04fc38f3ce44/ccbg/news/2009-07-21_Capital_City_Bank_Group_Inc_Reports_Second_118.pdf
2026-07-10 04:09:24,https://investors.ccbg.com/financial-information/financial-results,2009 01 26 Capital City Bank Group Inc Reports Fourth 125,https://d1io3yog0oux5.cloudfront.net/_9cf319750dffc6edf36c04fc38f3ce44/ccbg/news/2009-01-26_Capital_City_Bank_Group_Inc_Reports_Fourth_125.pdf
2026-07-10 04:09:24,https://investors.ccbg.com/financial-information/financial-results,2008 10 21 Capital City Bank Group Inc Reports Third Quarter 130,https://d1io3yog0oux5.cloudfront.net/_9cf319750dffc6edf36c04fc38f3ce44/ccbg/news/2008-10-21_Capital_City_Bank_Group_Inc_Reports_Third_Quarter__130.pdf
2026-07-10 04:09:24,https://investors.ccbg.com/financial-information/financial-results,2008 07 22 Capital City Bank Group Inc Reports Second 133,https://d1io3yog0oux5.cloudfront.net/_9cf319750dffc6edf36c04fc38f3ce44/ccbg/news/2008-07-22_Capital_City_Bank_Group_Inc_Reports_Second_133.pdf
2026-07-10 04:09:24,https://investors.ccbg.com/financial-information/financial-results,2008 01 22 Capital City Bank Group Inc Reports Fourth 137,https://d1io3yog0oux5.cloudfront.net/_9cf319750dffc6edf36c04fc38f3ce44/ccbg/news/2008-01-22_Capital_City_Bank_Group_Inc_Reports_Fourth_137.pdf
2026-07-10 04:09:24,https://investors.ccbg.com/financial-information/financial-results,2007 10 23 Capital City Bank Group Inc Reports Third Quarter 141,https://d1io3yog0oux5.cloudfront.net/_9cf319750dffc6edf36c04fc38f3ce44/ccbg/news/2007-10-23_Capital_City_Bank_Group_Inc_Reports_Third_Quarter__141.pdf
2026-07-10 04:09:24,https://investors.ccbg.com/financial-information/financial-results,2007 07 24 Capital City Bank Group Inc Reports Second 144,https://d1io3yog0oux5.cloudfront.net/_9cf319750dffc6edf36c04fc38f3ce44/ccbg/news/2007-07-24_Capital_City_Bank_Group_Inc_Reports_Second_144.pdf
2026-07-10 04:09:24,https://investors.ccbg.com/financial-information/financial-results,2007 04 23 Capital City Bank Group Inc Reports First Quarter 147,https://d1io3yog0oux5.cloudfront.net/_9cf319750dffc6edf36c04fc38f3ce44/ccbg/news/2007-04-23_Capital_City_Bank_Group_Inc_Reports_First_Quarter__147.pdf
2026-07-10 04:09:24,https://investors.ccbg.com/financial-information/financial-results,2007 01 23 Capital City Bank Group Inc Reports 2006 Earnings 150,https://d1io3yog0oux5.cloudfront.net/_9cf319750dffc6edf36c04fc38f3ce44/ccbg/news/2007-01-23_Capital_City_Bank_Group_Inc_Reports_2006_Earnings__150.pdf
2026-07-10 04:09:24,https://investors.ccbg.com/sec-filings,Statement of changes in beneficial ownership of securities,https://investors.ccbg.com/sec-filings/all-sec-filings/content/0001898433-26-000008/0001898433-26-000008.pdf
2026-07-10 04:09:24,https://investors.ccbg.com/sec-filings,Statement of changes in beneficial ownership of securities,https://investors.ccbg.com/sec-filings/all-sec-filings/content/0001696965-26-000008/0001696965-26-000008.pdf
2026-07-10 04:09:24,https://investors.ccbg.com/sec-filings,Statement of changes in beneficial ownership of securities,https://investors.ccbg.com/sec-filings/all-sec-filings/content/0001697005-26-000006/0001697005-26-000006.pdf
2026-07-10 04:09:24,https://investors.ccbg.com/sec-filings,Statement of changes in beneficial ownership of securities,https://investors.ccbg.com/sec-filings/all-sec-filings/content/0001899064-26-000008/0001899064-26-000008.pdf
2026-07-10 04:09:24,https://investors.ccbg.com/sec-filings,Statement of changes in beneficial ownership of securities,https://investors.ccbg.com/sec-filings/all-sec-filings/content/0001900198-26-000008/0001900198-26-000008.pdf
2026-07-10 04:09:24,https://investors.ccbg.com/sec-filings,Statement of changes in beneficial ownership of securities,https://investors.ccbg.com/sec-filings/all-sec-filings/content/0001498337-26-000008/0001498337-26-000008.pdf
2026-07-10 04:09:24,https://investors.ccbg.com/sec-filings,Statement of changes in beneficial ownership of securities,https://investors.ccbg.com/sec-filings/all-sec-filings/content/0001784151-26-000008/0001784151-26-000008.pdf
2026-07-10 04:09:24,https://investors.ccbg.com/sec-filings,Statement of changes in beneficial ownership of securities,https://investors.ccbg.com/sec-filings/all-sec-filings/content/0001196481-26-000008/0001196481-26-000008.pdf
2026-07-10 04:09:24,https://www.cpipg.com/shareholder-corner-en,6a4e074b5f293778027576,https://cpipg.com/storage/app/uploads/public/6a4/e07/4b5/6a4e074b5f293778027576.pdf
2026-07-10 04:09:24,https://www.cpipg.com/shareholder-corner-en,6a4df6bb86eae269174360,https://cpipg.com/storage/app/uploads/public/6a4/df6/bb8/6a4df6bb86eae269174360.pdf
2026-07-10 04:09:24,https://www.ose-immuno.com/en/investors-2/,08/07/2026 Half-Year Report on Liquidity Contract with Invest Securities,https://www.ose-immuno.com/wp-content/uploads/2026/07/OSE-PR_EN_260708_Liquidity-Contract-2026-H1-vdef.pdf
2026-07-10 04:09:24,https://www.ose-immuno.com/en/investors-2/,08/07/2026 Nombre d’actions et de droits de vote au 30 juin 2026,https://www.ose-immuno.com/wp-content/uploads/2026/07/CP-Nombre-DDV-300626.pdf
2026-07-10 04:09:24,https://www.ten.com/en/about/governance,Diversity and Inclusion Policy –,https://www.ten.com/sites/energies/files/2026-07/diversity-and-inclusion-policy.pdf
2026-07-10 04:09:24,https://space42.ai/en/investor-relations,31 space42ispol0001information security policyv10 250212,https://space42.ai:443/-/media/space42/downloads/31-space42ispol0001information-security-policyv10-250212.ashx
2026-07-10 04:09:24,https://space42.ai/en/investor-relations,space42 hse policy statement for public disclosure,https://space42.ai:443/-/media/space42/downloads/ir/governance-reports/space42---hse-policy-statement-for-public-disclosure.ashx
2026-07-10 04:09:24,https://www.sm-energy.com/investors/corporate-governance/board-committees,Nominating+and+Governance+Committee+Charter+(Adopted+5.21.26),https://d1io3yog0oux5.cloudfront.net/_80be23d7e6b867a2ebd52cfe377dc62e/smenergy/db/3721/35600/file/Nominating+and+Governance+Committee+Charter+%28Adopted+5.21.26%29.pdf
2026-07-10 04:09:24,https://www.sm-energy.com/investors/corporate-governance/board-committees,Operations+and+EHS+Committee+Charter+(Adopted+5.21.26),https://d1io3yog0oux5.cloudfront.net/_80be23d7e6b867a2ebd52cfe377dc62e/smenergy/db/3721/35601/file/Operations+and+EHS+Committee+Charter+%28Adopted+5.21.26%29.pdf
2026-07-10 04:09:23,https://www.hasi.com/sustainability,6a4e5d1b10035bcff5379eea U.S. Political Engagement Report FY2025,https://cdn.prod.website-files.com/686ff8b55ddf1cb3401c8c94/6a4e5d1b10035bcff5379eea_U.S.%20Political%20Engagement%20Report_FY2025.pdf
2026-07-10 04:09:23,https://www.welspuncorp.com/company-disclosures.php,Payment of Interest on Non-Convertible Debentures 09.07.2026,https://www.welspuncorp.com/uploads/investor_data/investorreport__1697.pdf
2026-07-10 04:09:23,https://tong.com.my/corporate-governance/,VENDORS' CODE OF ETHICS,https://tong.com.my/wp-content/uploads/2026/09/Vendor Code of Ethics.pdf
2026-07-10 04:09:23,https://investors.everymancinema.com/company-documents,2026 AGM - Proxy Votes,https://cms-assets.webediamovies.pro/production/279/c5b0f31f61b966587aad8ce5d661594a.pdf
2026-07-10 04:09:22,https://www.sm-energy.com/,"Latest Presentation Jun 2, 2026 Investor Presentation – June 2026",https://d1io3yog0oux5.cloudfront.net/_80be23d7e6b867a2ebd52cfe377dc62e/smenergy/db/3711/35673/pdf/2026.06+SM+Investor+Presentation_Updated.pdf
2026-07-10 04:09:22,https://www.sciencegroup.com/news/,"09 July, 2026 Transaction in own shares",https://www.sciencegroup.com/wp-content/uploads/2026/07/Buyback-08.07.2026.pdf
2026-07-10 04:09:22,https://www.clevelandcliffs.com/investors,2026 04 20 Cleveland Cliffs Reports First Quarter 2026 696,https://www.clevelandcliffs.com/_assets/_799e54d4b8d0adcdcf958072b7e97a72/clevelandcliffs/news/2026-04-20_Cleveland_Cliffs_Reports_First_Quarter_2026_696.pdf
2026-07-10 04:09:22,https://www.birlasoft.com/resources,Breaking the Specialist Lock | MuleSoft Vibe | Birlasoft,https://www.birlasoft.com/sites/default/files/2026-07/breaking-the-specialist-lock-whitepaper_0.pdf
2026-07-10 04:09:22,https://www.picknpayinvestor.co.za/governance.php,The Corporate Governance charter is reviewed annually to ensure that the committee mandates remain current and effective and that the,https://www.picknpayinvestor.co.za/pdf/governance/2026/pnp-fy2026-ghg-verification-opinion-v11.pdf
2026-07-10 04:09:22,https://www.viaplaygroup.com/about/corporate-governance/remuneration-guidelines,"Full details of the Remuneration Guidelines with descriptions of individual elements, employment terms and remuneration governance are",https://www.viaplaygroup.com/sites/viaplay-corp/files/2026_Remuneration_Guidelines_v3_final.pdf
2026-07-10 04:09:22,https://www.viaplaygroup.com/about/corporate-governance/remuneration-guidelines,Förslag till Viaplay Group ersättningsriktlinjer 2026,https://www.viaplaygroup.com/sites/viaplay-corp/files/F%C3%B6rslag_till_Viaplay_Group_ers%C3%A4ttningsriktlinjer_2026.pdf
2026-07-10 04:09:22,https://investors.blackdiamondtherapeutics.com/sec-filings,SCHEDULE 13G/A - Description,https://investors.blackdiamondtherapeutics.com/static-files/3b226f94-dd5d-4d7a-a158-993c12079441
2026-07-10 04:09:22,https://investors.blackdiamondtherapeutics.com/sec-filings,SCHEDULE 13G/A - Description,https://investors.blackdiamondtherapeutics.com/static-files/17950e47-7e95-4e22-9e9d-383da09d37d9
2026-07-10 04:09:22,https://investors.blackdiamondtherapeutics.com/sec-filings,SCHEDULE 13G/A - Description,https://investors.blackdiamondtherapeutics.com/static-files/bfd8cae9-b15b-45ec-925b-1bb4b88b4126
2026-07-10 04:09:22,https://www.norwegian.com/en/about/company/investor-relations/annual-general/,nas egm minutes 8 july 2026,https://www.norwegian.com/globalassets/ip/documents/about-us/company/investor-relations/annual-general-meeting/2026/nas---egm-minutes-8-july-2026.pdf
2026-07-10 04:09:21,https://www.moonpig.group/sustainability/sustainability-reporting/,moonpig group plc fy26 sustainability report final version website,https://www.moonpig.group/media/yjwhitjn/moonpig-group-plc-fy26-sustainability-report-final-version-website.pdf
2026-07-10 04:09:21,https://www.bharatforge.com/sustainability/downloads,June 2026,https://www.bharatforge.com/assets/pdf/sustainability/downloads/june-report.pdf
2026-07-10 04:09:21,https://sumichem.co.in/investors-relations.php#Governance,"Notice of Board Meeting to be held on 27th July, 2026.",https://sumichem.co.in/content/uploads/BM_Intimation_27_07_2026_signed-09-07-2026-06-07-37.pdf
2026-07-10 04:09:21,https://www.mrcb.com.my/investor-relations/shareholder.html,55TH AGM Responses to Questions (Final),https://ir2.chartnexus.com/mrcb/docs/agm/2026/55TH AGM - Responses to Questions (Final).pdf
2026-07-10 04:09:21,https://www.shareindia.com/about-us/investor-relations,"CARE Ratings Limited – Credit Rating Letter (Non-Convertible Debentures) dated July 07, 2026",https://www.shareindia.com/wp-content/uploads/data/uploads/Investor_Relations_Files/Careedge_ratingletter_08_07_2026.pdf
2026-07-10 04:09:21,https://www.shareindia.com/about-us/investor-relations,"Data for Investor Complaints-Depository Participant-June, 2026",https://www.shareindia.com/wp-content/uploads/data/uploads/Investor_Relations_Files/Data_for_Investor_Complaints_Depository_Participant_June_2026.pdf
2026-07-10 04:09:21,https://www.shareindia.com/about-us/investor-relations,"Data for Investor Complaints-Stock Broker-June, 2026",https://www.shareindia.com/wp-content/uploads/data/uploads/Investor_Relations_Files/Data_for_Investor_Complaints_Stock_Broker_June_2026.pdf
2026-07-10 04:09:21,https://www.shareindia.com/about-us/investor-relations,"Data for Investor Complaints-Stock Broker-May, 2026",https://www.shareindia.com/wp-content/uploads/data/uploads/Investor_Relations_Files/Data_for_Investor_Complaints_Stock_Broker_May_2026.pdf
2026-07-10 04:09:21,https://www.shareindia.com/about-us/investor-relations,"Data for Investor Complaints-Depository Participant-May, 2026",https://www.shareindia.com/wp-content/uploads/data/uploads/Investor_Relations_Files/Data_for_Investor_Complaints_Depository_Participant_May_2026.pdf
2026-07-10 04:09:21,https://www.shareindia.com/about-us/investor-relations,"Data for Investor Compliants-Depository Participant-April, 2026",https://www.shareindia.com/wp-content/uploads/data/uploads/Investor_Relations_Files/Data_for_Investor_Compliants_Depository_Participant_April_2026.pdf
2026-07-10 04:09:21,https://www.shareindia.com/about-us/investor-relations,"Data for Investor Complaints-Stock Broker – April, 2026",https://www.shareindia.com/wp-content/uploads/data/uploads/Investor_Relations_Files/Data_for_Investor_Complaints_Stock_Broker_April_2026.pdf
2026-07-10 04:09:21,https://www.shareindia.com/about-us/investor-relations,Announcement under Regulation 30 – Credit Ratings,https://www.shareindia.com/wp-content/uploads/data/uploads/Investor_Relations_Files/CreditRatingCare08072026.pdf
2026-07-10 04:09:21,https://www.shareindia.com/about-us/investor-relations,Announcement Under Regulation 30 (LODR) – Allotment of NCDs,https://www.shareindia.com/wp-content/uploads/data/uploads/Investor_Relations_Files/DisclosureNCDAllotment_08072026.pdf
2026-07-10 04:09:21,https://investors.seraprognostics.com/,PRESENT 105+Sera+Corporate+Presentation+WEB+VERSION.7.26.09,https://investors.seraprognostics.com/image/PRESENT-105+Sera+Corporate+Presentation+WEB+VERSION.7.26.09.pdf
2026-07-10 04:09:21,https://ir.pmigrp.net/financial-statements,"March 31,2026 Unaudited Consolidated Financial Statements",https://d1io3yog0oux5.cloudfront.net/_f6c053b1d54504507f61c76c10ace425/pmigrp/db/224/404/pdf/staples_scan.pdf
2026-07-10 04:09:21,https://ir.pmigrp.net/financial-statements,2025 Consolidated Financial Statements (Audited),https://d1io3yog0oux5.cloudfront.net/_f6c053b1d54504507f61c76c10ace425/pmigrp/db/224/403/pdf/Epson_05072026135322.pdf
2026-07-10 04:09:21,https://ir.pmigrp.net/financial-statements,"September 30,2025 Unaudited Consolidated Financial Statements",https://d1io3yog0oux5.cloudfront.net/_f6c053b1d54504507f61c76c10ace425/pmigrp/db/224/402/pdf/Epson_10272025072104.pdf
2026-07-10 04:09:21,https://ir.pmigrp.net/financial-statements,"June 30,2025 Unaudited Consolidated Financial Statements",https://d1io3yog0oux5.cloudfront.net/_f6c053b1d54504507f61c76c10ace425/pmigrp/db/224/401/pdf/Epson_08112025110038.pdf
2026-07-10 04:09:21,https://ir.pmigrp.net/financial-statements,"March 31,2025 Unaudited Consolidated Financial Statements",https://d1io3yog0oux5.cloudfront.net/_f6c053b1d54504507f61c76c10ace425/pmigrp/db/224/400/pdf/Epson_05162025093211.pdf
2026-07-10 04:09:21,https://ir.pmigrp.net/financial-statements,2024 Consolidated Financial Statements (Audited),https://d1io3yog0oux5.cloudfront.net/_f6c053b1d54504507f61c76c10ace425/pmigrp/db/224/399/pdf/Epson_03282025084854.pdf
2026-07-10 04:09:21,https://ir.pmigrp.net/financial-statements,"September 30,2024 Unaudited Consolidated Financial Statements",https://d1io3yog0oux5.cloudfront.net/_f6c053b1d54504507f61c76c10ace425/pmigrp/db/224/398/pdf/Epson_11082024093619.pdf
2026-07-10 04:09:21,https://ir.pmigrp.net/financial-statements,"June 30,2024 Unaudited Consolidated Finacial Statements",https://d1io3yog0oux5.cloudfront.net/_f6c053b1d54504507f61c76c10ace425/pmigrp/db/224/397/pdf/Epson_08202024160216.pdf
2026-07-10 04:09:21,https://ir.pmigrp.net/financial-statements,"March 31, 2024 Unaudited Consolidated Financial Statements",https://d1io3yog0oux5.cloudfront.net/_f6c053b1d54504507f61c76c10ace425/pmigrp/db/224/396/pdf/Epson_05152024112941.pdf
2026-07-10 04:09:21,https://ir.pmigrp.net/financial-statements,2023 Consolidated Financial Statements (Audited),https://d1io3yog0oux5.cloudfront.net/_f6c053b1d54504507f61c76c10ace425/pmigrp/db/224/395/pdf/Epson_04162024113109.pdf
2026-07-10 04:09:21,https://www.clevelandcliffs.com/investors/financial-information/financial-results,2026 02 09 Cleveland Cliffs Reports Fourth Quarter and Full 693,https://www.clevelandcliffs.com/_assets/_799e54d4b8d0adcdcf958072b7e97a72/clevelandcliffs/news/2026-02-09_Cleveland_Cliffs_Reports_Fourth_Quarter_and_Full_693.pdf
2026-07-10 04:09:21,https://www.clevelandcliffs.com/investors/financial-information/financial-results,2025 10 20 Cleveland Cliffs Reports Third Quarter 2025 686,https://www.clevelandcliffs.com/_assets/_799e54d4b8d0adcdcf958072b7e97a72/clevelandcliffs/news/2025-10-20_Cleveland_Cliffs_Reports_Third_Quarter_2025_686.pdf
2026-07-10 04:09:21,https://www.clevelandcliffs.com/investors/financial-information/financial-results,2025 07 21 Cleveland Cliffs Reports Second Quarter 2025 678,https://www.clevelandcliffs.com/_assets/_799e54d4b8d0adcdcf958072b7e97a72/clevelandcliffs/news/2025-07-21_Cleveland_Cliffs_Reports_Second_Quarter_2025_678.pdf
2026-07-10 04:09:21,https://www.clevelandcliffs.com/investors/financial-information/financial-results,2025 05 07 Cleveland Cliffs Reports First Quarter 2025 674,https://www.clevelandcliffs.com/_assets/_799e54d4b8d0adcdcf958072b7e97a72/clevelandcliffs/news/2025-05-07_Cleveland_Cliffs_Reports_First_Quarter_2025_674.pdf
2026-07-10 04:09:21,https://www.clevelandcliffs.com/investors/financial-information/financial-results,2025 02 24 Cleveland Cliffs Reports Full Year and Fourth 670,https://www.clevelandcliffs.com/_assets/_799e54d4b8d0adcdcf958072b7e97a72/clevelandcliffs/news/2025-02-24_Cleveland_Cliffs_Reports_Full_Year_and_Fourth_670.pdf
2026-07-10 04:09:21,https://www.clevelandcliffs.com/investors/financial-information/financial-results,2024 11 04 Cleveland Cliffs Reports Third Quarter 2024 662,https://www.clevelandcliffs.com/_assets/_799e54d4b8d0adcdcf958072b7e97a72/clevelandcliffs/news/2024-11-04_Cleveland_Cliffs_Reports_Third_Quarter_2024_662.pdf
2026-07-10 04:09:21,https://www.clevelandcliffs.com/investors/financial-information/financial-results,2024 07 22 Cleveland Cliffs Reports Second Quarter 2024 645,https://www.clevelandcliffs.com/_assets/_799e54d4b8d0adcdcf958072b7e97a72/clevelandcliffs/news/2024-07-22_Cleveland_Cliffs_Reports_Second_Quarter_2024_645.pdf
2026-07-10 04:09:21,https://www.clevelandcliffs.com/investors/financial-information/financial-results,2024 04 22 Cleveland Cliffs Reports First Quarter 2024 635,https://www.clevelandcliffs.com/_assets/_799e54d4b8d0adcdcf958072b7e97a72/clevelandcliffs/news/2024-04-22_Cleveland_Cliffs_Reports_First_Quarter_2024_635.pdf
2026-07-10 04:09:21,https://www.clevelandcliffs.com/investors/financial-information/financial-results,2024 01 29 Cleveland Cliffs Reports Full Year and Fourth 621,https://www.clevelandcliffs.com/_assets/_799e54d4b8d0adcdcf958072b7e97a72/clevelandcliffs/news/2024-01-29_Cleveland_Cliffs_Reports_Full_Year_and_Fourth_621.pdf
2026-07-10 04:09:21,https://www.clevelandcliffs.com/investors/financial-information/financial-results,2023 10 23 Cleveland Cliffs Reports Third Quarter 2023 609,https://www.clevelandcliffs.com/_assets/_799e54d4b8d0adcdcf958072b7e97a72/clevelandcliffs/news/2023-10-23_Cleveland_Cliffs_Reports_Third_Quarter_2023_609.pdf
2026-07-10 04:09:21,https://www.clevelandcliffs.com/investors/financial-information/financial-results,2023 07 24 Cleveland Cliffs Reports Second Quarter 2023 599,https://www.clevelandcliffs.com/_assets/_799e54d4b8d0adcdcf958072b7e97a72/clevelandcliffs/news/2023-07-24_Cleveland_Cliffs_Reports_Second_Quarter_2023_599.pdf
2026-07-10 04:09:21,https://www.clevelandcliffs.com/investors/financial-information/financial-results,2023 04 24 Cleveland Cliffs Reports First Quarter 2023 587,https://www.clevelandcliffs.com/_assets/_799e54d4b8d0adcdcf958072b7e97a72/clevelandcliffs/news/2023-04-24_Cleveland_Cliffs_Reports_First_Quarter_2023_587.pdf
2026-07-10 04:09:21,https://www.clevelandcliffs.com/investors/financial-information/financial-results,2023 02 13 Cleveland Cliffs Reports Full Year and Fourth 572,https://www.clevelandcliffs.com/_assets/_799e54d4b8d0adcdcf958072b7e97a72/clevelandcliffs/news/2023-02-13_Cleveland_Cliffs_Reports_Full_Year_and_Fourth_572.pdf
2026-07-10 04:09:21,https://www.clevelandcliffs.com/investors/financial-information/financial-results,2022 10 25 Cleveland Cliffs Reports Third Quarter 2022 560,https://www.clevelandcliffs.com/_assets/_799e54d4b8d0adcdcf958072b7e97a72/clevelandcliffs/news/2022-10-25_Cleveland_Cliffs_Reports_Third_Quarter_2022_560.pdf
2026-07-10 04:09:21,https://www.clevelandcliffs.com/investors/financial-information/financial-results,2022 07 22 Cleveland Cliffs Reports Second Quarter 2022 553,https://www.clevelandcliffs.com/_assets/_799e54d4b8d0adcdcf958072b7e97a72/clevelandcliffs/news/2022-07-22_Cleveland_Cliffs_Reports_Second_Quarter_2022_553.pdf
2026-07-10 04:09:21,https://www.clevelandcliffs.com/investors/financial-information/financial-results,2022 04 22 Cleveland Cliffs Reports First Quarter 2022 547,https://www.clevelandcliffs.com/_assets/_799e54d4b8d0adcdcf958072b7e97a72/clevelandcliffs/news/2022-04-22_Cleveland_Cliffs_Reports_First_Quarter_2022_547.pdf
2026-07-10 04:09:21,https://www.clevelandcliffs.com/investors/financial-information/financial-results,2022 02 11 Cleveland Cliffs Reports Full Year and Fourth 541,https://www.clevelandcliffs.com/_assets/_799e54d4b8d0adcdcf958072b7e97a72/clevelandcliffs/news/2022-02-11_Cleveland_Cliffs_Reports_Full_Year_and_Fourth_541.pdf
2026-07-10 04:09:21,https://www.clevelandcliffs.com/investors/financial-information/financial-results,2021 10 22 Cleveland Cliffs Reports Record Third Quarter 535,https://www.clevelandcliffs.com/_assets/_799e54d4b8d0adcdcf958072b7e97a72/clevelandcliffs/news/2021-10-22_Cleveland_Cliffs_Reports_Record_Third_Quarter_535.pdf
2026-07-10 04:09:21,https://www.clevelandcliffs.com/investors/financial-information/financial-results,2021 07 22 Cleveland Cliffs Reports Record Second Quarter 526,https://www.clevelandcliffs.com/_assets/_799e54d4b8d0adcdcf958072b7e97a72/clevelandcliffs/news/2021-07-22_Cleveland_Cliffs_Reports_Record_Second_Quarter_526.pdf
2026-07-10 04:09:21,https://www.clevelandcliffs.com/investors/financial-information/financial-results,2021 04 22 Cleveland Cliffs Reports First Quarter 2021 213,https://www.clevelandcliffs.com/_assets/_799e54d4b8d0adcdcf958072b7e97a72/clevelandcliffs/news/2021-04-22_Cleveland_Cliffs_Reports_First_Quarter_2021_213.pdf
2026-07-10 04:09:21,https://www.clevelandcliffs.com/investors/financial-information/financial-results,2021 02 25 Cleveland Cliffs Reports Fourth Quarter and Full 210,https://www.clevelandcliffs.com/_assets/_799e54d4b8d0adcdcf958072b7e97a72/clevelandcliffs/news/2021-02-25_Cleveland_Cliffs_Reports_Fourth_Quarter_and_Full_210.pdf
2026-07-10 04:09:21,https://www.clevelandcliffs.com/investors/financial-information/financial-results,2020 10 23 Cleveland Cliffs Inc Reports Third Quarter 2020 11,https://www.clevelandcliffs.com/_assets/_799e54d4b8d0adcdcf958072b7e97a72/clevelandcliffs/news/2020-10-23_Cleveland_Cliffs_Inc_Reports_Third_Quarter_2020_11.pdf
2026-07-10 04:09:21,https://www.clevelandcliffs.com/investors/financial-information/financial-results,2020 07 30 Cleveland Cliffs Inc Reports Second Quarter 2020 14,https://www.clevelandcliffs.com/_assets/_799e54d4b8d0adcdcf958072b7e97a72/clevelandcliffs/news/2020-07-30_Cleveland_Cliffs_Inc_Reports_Second_Quarter_2020_14.pdf
2026-07-10 04:09:21,https://www.clevelandcliffs.com/investors/financial-information/financial-results,2020 05 11 Cleveland Cliffs Inc Reports First Quarter 2020 22,https://www.clevelandcliffs.com/_assets/_799e54d4b8d0adcdcf958072b7e97a72/clevelandcliffs/news/2020-05-11_Cleveland_Cliffs_Inc_Reports_First_Quarter_2020_22.pdf
2026-07-10 04:09:21,https://www.clevelandcliffs.com/investors/financial-information/financial-results,2020 02 20 Cleveland Cliffs Inc Reports Fourth Quarter and 43,https://www.clevelandcliffs.com/_assets/_799e54d4b8d0adcdcf958072b7e97a72/clevelandcliffs/news/2020-02-20_Cleveland_Cliffs_Inc_Reports_Fourth_Quarter_and_43.pdf
2026-07-10 04:09:21,https://www.clevelandcliffs.com/investors/financial-information/financial-results,2019 10 23 Cleveland Cliffs Inc Reports Third Quarter 2019 53,https://www.clevelandcliffs.com/_assets/_799e54d4b8d0adcdcf958072b7e97a72/clevelandcliffs/news/2019-10-23_Cleveland_Cliffs_Inc_Reports_Third_Quarter_2019_53.pdf
2026-07-10 04:09:21,https://www.clevelandcliffs.com/investors/financial-information/financial-results,2019 07 19 Cleveland Cliffs Inc Reports Second Quarter 2019 59,https://www.clevelandcliffs.com/_assets/_799e54d4b8d0adcdcf958072b7e97a72/clevelandcliffs/news/2019-07-19_Cleveland_Cliffs_Inc_Reports_Second_Quarter_2019_59.pdf
2026-07-10 04:09:21,https://www.clevelandcliffs.com/investors/financial-information/financial-results,2019 04 25 Cleveland Cliffs Inc Reports First Quarter 2019 68,https://www.clevelandcliffs.com/_assets/_799e54d4b8d0adcdcf958072b7e97a72/clevelandcliffs/news/2019-04-25_Cleveland_Cliffs_Inc_Reports_First_Quarter_2019_68.pdf
2026-07-10 04:09:21,https://www.clevelandcliffs.com/investors/financial-information/financial-results,2019 02 08 Cleveland Cliffs Inc Reports Fourth Quarter and 72,https://www.clevelandcliffs.com/_assets/_799e54d4b8d0adcdcf958072b7e97a72/clevelandcliffs/news/2019-02-08_Cleveland_Cliffs_Inc_Reports_Fourth_Quarter_and_72.pdf
2026-07-10 04:09:21,https://www.clevelandcliffs.com/investors/financial-information/financial-results,2018 10 19 Cleveland Cliffs Inc Reports Third Quarter 2018 78,https://www.clevelandcliffs.com/_assets/_799e54d4b8d0adcdcf958072b7e97a72/clevelandcliffs/news/2018-10-19_Cleveland_Cliffs_Inc_Reports_Third_Quarter_2018_78.pdf
2026-07-10 04:09:21,https://www.clevelandcliffs.com/investors/financial-information/financial-results,2018 07 20 Cleveland Cliffs Inc Reports Second Quarter 2018 86,https://www.clevelandcliffs.com/_assets/_799e54d4b8d0adcdcf958072b7e97a72/clevelandcliffs/news/2018-07-20_Cleveland_Cliffs_Inc_Reports_Second_Quarter_2018_86.pdf
2026-07-10 04:09:21,https://www.clevelandcliffs.com/investors/financial-information/financial-results,2018 04 20 Cleveland Cliffs Inc Reports First Quarter 2018 90,https://www.clevelandcliffs.com/_assets/_799e54d4b8d0adcdcf958072b7e97a72/clevelandcliffs/news/2018-04-20_Cleveland_Cliffs_Inc_Reports_First_Quarter_2018_90.pdf
2026-07-10 04:09:21,https://www.clevelandcliffs.com/investors/financial-information/financial-results,2018 01 25 Cleveland Cliffs Inc Reports Fourth Quarter and 96,https://www.clevelandcliffs.com/_assets/_799e54d4b8d0adcdcf958072b7e97a72/clevelandcliffs/news/2018-01-25_Cleveland_Cliffs_Inc_Reports_Fourth_Quarter_and_96.pdf
2026-07-10 04:09:21,https://www.clevelandcliffs.com/investors/financial-information/financial-results,2017 10 20 Cleveland Cliffs Inc Reports Third Quarter 2017 106,https://www.clevelandcliffs.com/_assets/_799e54d4b8d0adcdcf958072b7e97a72/clevelandcliffs/news/2017-10-20_Cleveland_Cliffs_Inc_Reports_Third_Quarter_2017_106.pdf
2026-07-10 04:09:21,https://www.clevelandcliffs.com/investors/financial-information/financial-results,2008 05 05 Cleveland Cliffs Inc Reports First Quarter 2008 144,https://www.clevelandcliffs.com/_assets/_799e54d4b8d0adcdcf958072b7e97a72/clevelandcliffs/news/2008-05-05_Cleveland_Cliffs_Inc_Reports_First_Quarter_2008_144.pdf
2026-07-10 04:09:21,https://www.clevelandcliffs.com/investors/financial-information/financial-results,2008 02 21 Cleveland Cliffs Inc Reports Fourth Quarter and 153,https://www.clevelandcliffs.com/_assets/_799e54d4b8d0adcdcf958072b7e97a72/clevelandcliffs/news/2008-02-21_Cleveland_Cliffs_Inc_Reports_Fourth_Quarter_and_153.pdf
2026-07-10 04:09:21,https://www.clevelandcliffs.com/investors/financial-information/financial-results,2007 11 01 Cleveland Cliffs Inc Reports Third Quarter 164,https://www.clevelandcliffs.com/_assets/_799e54d4b8d0adcdcf958072b7e97a72/clevelandcliffs/news/2007-11-01_Cleveland_Cliffs_Inc_Reports_Third_Quarter_164.pdf
2026-07-10 04:09:21,https://www.clevelandcliffs.com/investors/financial-information/financial-results,2007 07 26 Cleveland Cliffs Reports Second Quarter 177,https://www.clevelandcliffs.com/_assets/_799e54d4b8d0adcdcf958072b7e97a72/clevelandcliffs/news/2007-07-26_Cleveland_Cliffs_Reports_Second_Quarter_177.pdf
2026-07-10 04:09:21,https://www.clevelandcliffs.com/investors/financial-information/financial-results,2007 02 21 Cleveland Cliffs Reports Record Revenues and 203,https://www.clevelandcliffs.com/_assets/_799e54d4b8d0adcdcf958072b7e97a72/clevelandcliffs/news/2007-02-21_Cleveland_Cliffs_Reports_Record_Revenues_and_203.pdf
2026-07-10 04:09:21,https://www.cropenergies.com/en/downloads,"Supplier Code of Conduct Status: 2026 Download (PDF, 282 KB)",https://www.cropenergies.com/fileadmin/Resources/Global_Downloads/Code_of_conduct_supplier/Supplier_Code_of_Conduct_2026.pdf
2026-07-10 15:26:50,https://www.mvv.de/en/about-us/overview/corporate-governance/compliance,Policy Statement of the MVV Group on Respecting the Environment and Human Rights,https://www.mvv.de/fileadmin/user_upload/Ueber_uns/en/Corporate_Governance/Business_Code_of_Conduct_July_26.pdf
2026-07-10 15:26:50,https://www.eihltd.com/investors/annual-reports/,draft mgt 7 eih,https://www.eihltd.com/-/media/eihltd/pdf-files/annual-reports/annual-report-2025-2026/draft-mgt-7-eih.pdf
2026-07-10 15:26:50,https://corporate.pcjeweller.com/share-holding-pattern/,"April 10, 2026",https://corporate.pcjeweller.com/wp-content/uploads/2015/06/investors/share-holding/FY-2027/June-30-2026.pdf
2026-07-10 15:26:56,https://nalcoindia.com/sustainability/sustainable-development-reports/,List of PIO APIOEN july2026 0001,https://nalcoindia.com/wp-content/uploads/2024/12/List-of-PIO_APIOEN-july2026_0001.pdf
2026-07-10 15:26:56,https://nalcoindia.com/sustainability/sustainable-development-reports/,Details of Departmental/ Vigilance Cases Against Employees,https://nalcoindia.com/wp-content/uploads/2026/07/Discplinary-and-vigilance-Cases_EN_0001.pdf
2026-07-10 15:26:56,https://www.cera-india.com/investor-relations/disclosure-of-events-under-regulation-30-of-sebi-lodr-regulations-2015,Newspaper Publication – 9 July 2026 Special Window for re lodgement of Transfer of Shares,https://www.cera-india.com/sites/default/files/2026-07/Newspaper%20Publication%20%E2%80%93%209%20July%202026%20-%20Special%20Window%20for%20re-lodgement%20of%20Transfer%20of%20Shares.pdf
2026-07-10 15:26:56,https://www.rainbowhospitals.in/investors-relations/policies-and-programs,"Certificate under Regulation 74(5)- June 30, 2026",https://d31scedd5hpubp.cloudfront.net/investor_files/Certificate-under-Regulation-74(5)-_June-30-2026.pdf
2026-07-10 15:26:49,https://investor.clearchannel.com/financials/quarterly-results/default.aspx,CCOH+Earnings+Presentation+2025+Q3 Final+11+06+25,https://d1io3yog0oux5.cloudfront.net/_c24234e38a37abf6a26f0fba1a09bb84/clearchanneloutdoor/db/2294/21736/presentation/CCOH+Earnings+Presentation+2025+Q3_Final+11+06+25.pdf
2026-07-10 15:26:49,https://gxo.com/esg/,Modern Slavery Statement YE Dec 25 Final for publication,https://gxo.com/wp-content/uploads/2026/07/Modern-Slavery-Statement-YE-Dec-25-Final-for-publication.pdf
2026-07-10 15:26:49,https://www.kiniksa.com/compliance-ethics,CALIFORNIA DECLARATION OF COMPREHENSIVE COMPLIANCE PROGRAM,https://www.kiniksa.com/CA-Declaration-2026.pdf
2026-07-10 15:26:52,http://www.eihltd.com/investors/annual-reports/,draft mgt 7 eih,http://www.eihltd.com/-/media/eihltd/pdf-files/annual-reports/annual-report-2025-2026/draft-mgt-7-eih.pdf
2026-07-10 15:26:52,https://www.schroders.com/en-gb/uk/individual/funds-and-strategies/investment-trusts/schroder-real-estate-investment-trust/,Latest Company Report,https://mybrand.schroders.com/asset/1bcc3c4c-8fac-4f1e-904b-920244583ef3/SREIT-AR26.pdf
2026-07-10 15:26:52,https://www.schroders.com/en-gb/uk/individual/funds-and-strategies/investment-trusts/schroder-real-estate-investment-trust/,SREIT 31 Mar 26 Annual Results Presentation Final,https://mybrand.schroders.com/asset/5dff378f-579d-42db-a532-a7b933a94a2a/SREIT-31-Mar-26-Annual-Results-Presentation-Final.pdf
2026-07-10 15:26:52,https://www.schroders.com/en-gb/uk/individual/funds-and-strategies/investment-trusts/schroder-real-estate-investment-trust/,Agreed-Upon Procedures Report - July 2026,https://mybrand.schroders.com/asset/eded9c36-ecbb-4e69-80f5-bfb52226e6ff/26_Schroders_AUP_-_Schroder_AUP_Report_-Signed.pdf
2026-07-10 15:26:50,https://www.sciencegroup.com/news/,"10 July, 2026 Transaction in own shares",https://www.sciencegroup.com/wp-content/uploads/2026/07/Buyback-09.07.2026.pdf
2026-07-10 15:26:50,https://www.elecon.com/investors/financial-reports,OutcomeBM10072026,https://www.elecon.com/views/templates/admin-uploads/Investors/Corporate-Announcements/2026-2027/OutcomeBM10072026.pdf
2026-07-10 15:26:50,https://www.electroluxgroup.com/en/workplace-directive-8839/,Electrolux Group Workplace Directive 2026 EN,https://www.electroluxgroup.com/wp-content/uploads/sites/2/2010/12/Electrolux-Group-Workplace-Directive-2026-EN.pdf
2026-07-10 15:26:48,https://www.cropenergies.com/en/downloads,"Supplier Code of Conduct Status: 2026 Download (PDF, 140 KB)",https://www.cropenergies.com/fileadmin/Resources/Global_Downloads/Code_of_conduct_supplier/2026-05_Supplier_Code_of_Conduct.pdf
2026-07-13 02:25:17,https://albuhaira.com/financial-reports,data privacy policy,https://albuhaira.com/assets/pdfs/data-security/data-privacy-policy.pdf
2026-07-13 02:25:17,https://albuhaira.com/financial-reports,data privacy consent form,https://albuhaira.com/assets/pdfs/data-security/data-privacy-consent-form.pdf
2026-07-13 02:25:17,https://albuhaira.com/financial-reports,abnic afz enrolment api spec,https://albuhaira.com/assets/pdfs/data-security/abnic-afz-enrolment-api-spec.pdf
2026-07-13 02:25:12,https://www.southgobi.com/html/ir.php,Announcements and Notices - INSIDE INFORMATION JD ZHIXING FUND L.P. ASSIGNS PAYMENT-IN-KIND INTEREST UNDER CONVERTIBLE DEBENTURE,https://media-southgobi.todayir.com/20260713062402277512241959_en.pdf
2026-07-13 02:25:16,https://www.freedomholdingcorp.com/investors/esg-for-investors,Tear+Sheet,https://d1io3yog0oux5.cloudfront.net/_497a021c4b1e89f5e9f7695752bd30b9/freedomholdingcorp/files/Tear+Sheet.pdf
2026-07-13 02:25:15,https://www.freedomholdingcorp.com/investors,2026 06 01 Freedom Holding Corp FRHC Reports 2026 99,https://d1io3yog0oux5.cloudfront.net/_497a021c4b1e89f5e9f7695752bd30b9/freedomholdingcorp/news/2026-06-01_Freedom_Holding_Corp_FRHC_Reports_2026_99.pdf
2026-07-13 02:25:15,https://www.freedomholdingcorp.com/investors,20260602+ +Corporate+presentation+ +Freedom+Holding+Corp,https://d1io3yog0oux5.cloudfront.net/_497a021c4b1e89f5e9f7695752bd30b9/freedomholdingcorp/db/357/3297/pdf/20260602+-+Corporate+presentation+-+Freedom+Holding+Corp.pdf
2026-07-13 02:25:15,https://www.banknordik.com/reports/corporate-responsibility,Corporate Responsilibity Report for 2025,https://www.banknordik.com/reports/-/media/d05e19dc9d264486b5a224dab22ee249.ashx
2026-07-13 02:25:17,https://sumichem.co.in/investors-relations.php#Governance,Shareholding Pattern Q1 2026 27 Website,https://sumichem.co.in/pdf/26-27/Shareholding Pattern_Q1_2026_27_Website.pdf
2026-07-13 02:25:17,https://www.shareindia.com/about-us/investor-relations,Intimation under Regulation 57 (LODR) – Certificate for status of payment of interest and partial redemption of principal of Non-Convertible,https://www.shareindia.com/wp-content/uploads/data/uploads/Investor_Relations_Files/Reg57InterestPayment10072026.pdf
2026-07-13 14:44:41,https://www.sm-energy.com/sustainability/governance,Nominating+and+Governance+Committee+Charter+(Adopted+5.21.26),https://d1io3yog0oux5.cloudfront.net/_45fef112223d13aada7a33a1bad3043b/smenergy/db/3852/35602/file/Nominating+and+Governance+Committee+Charter+%28Adopted+5.21.26%29.pdf
2026-07-13 14:44:41,https://www.sm-energy.com/sustainability/governance,Operations+and+EHS+Committee+Charter+(Adopted+5.21.26),https://d1io3yog0oux5.cloudfront.net/_45fef112223d13aada7a33a1bad3043b/smenergy/db/3852/35603/file/Operations+and+EHS+Committee+Charter+%28Adopted+5.21.26%29.pdf
2026-07-13 14:44:41,https://www.woolworthsholdings.co.za/governance/policies/,WHL Directors interests 2026,https://www.woolworthsholdings.co.za/wp-content/uploads/2026/07/WHL-Directors-interests-2026.pdf
2026-07-13 14:44:40,https://www.dunigroup.com/sustainability/documentation-and-certifications/?type,bramsche iso 14001 certificate 2026,https://www.dunigroup.com/files/Certificates/Bramsche/bramsche-iso_14001_certificate-2026.pdf
2026-07-13 14:44:40,https://www.dunigroup.com/sustainability/documentation-and-certifications/?type,bramsche iso 45001 certificate 2026,https://www.dunigroup.com/files/Certificates/Bramsche/bramsche-iso_-45001_certificate-2026.pdf
2026-07-13 14:44:40,https://www.dunigroup.com/sustainability/documentation-and-certifications/?type,bramsche iso 9001 certificate 2026,https://www.dunigroup.com/files/Certificates/Bramsche/bramsche-iso_9001_certificate-2026.pdf
2026-07-13 14:44:40,https://www.dunigroup.com/sustainability/documentation-and-certifications/?type,duni group ok compost home bio dunisoft 2026,https://www.dunigroup.com/files/Labels/duni_group_-_ok_compost_home_bio_dunisoft_2026.pdf
2026-07-13 14:44:39,https://bajajconsumercare.com/investor.php,Annual Report 2025 26,https://bajajconsumercare.com/pdf/annual-report/Annual_Report_2025_26.pdf
2026-07-13 14:44:39,https://mahindralogistics.com/financial-results/annual-result/,Notice of Candidature – Ameet Hariani Published on: 13 July 2026,https://mahindralogistics.com/tabs/cms/files/Notice-of-Candidature-Ameet-Hariani.pdf
2026-07-13 14:44:39,https://ir.fulcrumtx.com/financial-information/sec-filings,0001193125-26-294697.pdf 0001193125-26-294697.rtf 0001193125-26-294697.xls View HTML,https://ir.fulcrumtx.com/static-files/e3e7b399-3172-4a14-a6f3-443af3f94985
2026-07-13 14:44:39,https://ir.fulcrumtx.com/financial-information/sec-filings,0001193125-26-294697.pdf 0001193125-26-294697.rtf 0001193125-26-294697.xls View HTML,https://ir.fulcrumtx.com/static-files/7e1a8074-0931-44b5-a9c0-27c862497914
2026-07-13 14:44:39,https://ir.fulcrumtx.com/financial-information/sec-filings,0001193125-26-294697.pdf 0001193125-26-294697.rtf 0001193125-26-294697.xls View HTML,https://ir.fulcrumtx.com/static-files/d1cb6fbd-e0d6-451b-955b-75c11be6af44
2026-07-13 14:44:39,https://ir.fulcrumtx.com/financial-information/sec-filings,0001193125-26-294690.pdf 0001193125-26-294690.rtf 0001193125-26-294690.xls View HTML,https://ir.fulcrumtx.com/static-files/62d4b242-c705-4cf1-a729-c1a0853f83ae
2026-07-13 14:44:39,https://ir.fulcrumtx.com/financial-information/sec-filings,0001193125-26-294690.pdf 0001193125-26-294690.rtf 0001193125-26-294690.xls View HTML,https://ir.fulcrumtx.com/static-files/d7ae0064-67fe-434d-9007-d4944d0e459f
2026-07-13 14:44:39,https://ir.fulcrumtx.com/financial-information/sec-filings,0001193125-26-294690.pdf 0001193125-26-294690.rtf 0001193125-26-294690.xls View HTML,https://ir.fulcrumtx.com/static-files/8d7078f9-bd57-4128-a492-f8b13ff297cb
2026-07-13 14:44:39,https://ir.fulcrumtx.com/financial-information/sec-filings,0001193125-26-294692.pdf 0001193125-26-294692.rtf 0001193125-26-294692.xls View HTML,https://ir.fulcrumtx.com/static-files/c363f575-6ed6-4833-a597-b4a02a84bb80
2026-07-13 14:44:39,https://ir.fulcrumtx.com/financial-information/sec-filings,0001193125-26-294692.pdf 0001193125-26-294692.rtf 0001193125-26-294692.xls View HTML,https://ir.fulcrumtx.com/static-files/2ae740cb-fb9f-438c-883a-10ae7f628a9c
2026-07-13 14:44:39,https://ir.fulcrumtx.com/financial-information/sec-filings,0001193125-26-294692.pdf 0001193125-26-294692.rtf 0001193125-26-294692.xls View HTML,https://ir.fulcrumtx.com/static-files/e05ec1d2-ea5e-498a-a634-1c0492a58e79
2026-07-13 14:44:39,https://ir.fulcrumtx.com/financial-information/sec-filings,0001193125-26-294680.pdf 0001193125-26-294680.rtf 0001193125-26-294680.xls View HTML,https://ir.fulcrumtx.com/static-files/765c5f7f-8903-4e4d-bdef-65073dbd6b1e
2026-07-13 14:44:39,https://ir.fulcrumtx.com/financial-information/sec-filings,0001193125-26-294680.pdf 0001193125-26-294680.rtf 0001193125-26-294680.xls View HTML,https://ir.fulcrumtx.com/static-files/f60ac269-fcb4-437f-995a-f06a115a5a27
2026-07-13 14:44:39,https://ir.fulcrumtx.com/financial-information/sec-filings,0001193125-26-294680.pdf 0001193125-26-294680.rtf 0001193125-26-294680.xls View HTML,https://ir.fulcrumtx.com/static-files/8df2c931-bf66-4fab-a084-82d9fc279a0c
2026-07-13 14:44:39,https://ir.fulcrumtx.com/financial-information/sec-filings,0001193125-26-294683.pdf 0001193125-26-294683.rtf 0001193125-26-294683.xls View HTML,https://ir.fulcrumtx.com/static-files/2da4e020-1d41-4331-970d-efd71b902c50
2026-07-13 14:44:39,https://ir.fulcrumtx.com/financial-information/sec-filings,0001193125-26-294683.pdf 0001193125-26-294683.rtf 0001193125-26-294683.xls View HTML,https://ir.fulcrumtx.com/static-files/517e36dd-1eb4-4c06-8833-0caf23c9fce0
2026-07-13 14:44:39,https://ir.fulcrumtx.com/financial-information/sec-filings,0001193125-26-294683.pdf 0001193125-26-294683.rtf 0001193125-26-294683.xls View HTML,https://ir.fulcrumtx.com/static-files/674f143d-b58e-454e-91fc-29e7189ccbf0
2026-07-13 14:44:39,https://ir.fulcrumtx.com/financial-information/sec-filings,0001193125-26-294703.pdf 0001193125-26-294703.rtf 0001193125-26-294703.xls View HTML,https://ir.fulcrumtx.com/static-files/a6e8da20-6c66-4ddc-8f7a-4e6fc702011b
2026-07-13 14:44:39,https://ir.fulcrumtx.com/financial-information/sec-filings,0001193125-26-294703.pdf 0001193125-26-294703.rtf 0001193125-26-294703.xls View HTML,https://ir.fulcrumtx.com/static-files/91fbfbb3-2e37-4025-9e8b-78650f7ffb5e
2026-07-13 14:44:39,https://ir.fulcrumtx.com/financial-information/sec-filings,0001193125-26-294703.pdf 0001193125-26-294703.rtf 0001193125-26-294703.xls View HTML,https://ir.fulcrumtx.com/static-files/d0e2c480-6cbf-4ed7-be9f-c5a817f88d03
2026-07-13 14:44:39,https://ir.fulcrumtx.com/financial-information/sec-filings,0001193125-26-294699.pdf 0001193125-26-294699.rtf 0001193125-26-294699.xls View HTML,https://ir.fulcrumtx.com/static-files/e8f629f2-69c1-4e06-87a9-3f971f9bb032
2026-07-13 14:44:39,https://ir.fulcrumtx.com/financial-information/sec-filings,0001193125-26-294699.pdf 0001193125-26-294699.rtf 0001193125-26-294699.xls View HTML,https://ir.fulcrumtx.com/static-files/c62ec030-f00b-4d20-aaf0-7f7fcb490bff
2026-07-13 14:44:39,https://ir.fulcrumtx.com/financial-information/sec-filings,0001193125-26-294699.pdf 0001193125-26-294699.rtf 0001193125-26-294699.xls View HTML,https://ir.fulcrumtx.com/static-files/e7613f14-16d7-4a7f-b5d7-ff0195228537
2026-07-13 14:44:39,https://ir.fulcrumtx.com/financial-information/sec-filings,0001193125-26-294691.pdf 0001193125-26-294691.rtf 0001193125-26-294691.xls View HTML,https://ir.fulcrumtx.com/static-files/acd5d1cd-7ccc-4eb7-91e5-cbd5ba37c4f5
2026-07-13 14:44:39,https://ir.fulcrumtx.com/financial-information/sec-filings,0001193125-26-294691.pdf 0001193125-26-294691.rtf 0001193125-26-294691.xls View HTML,https://ir.fulcrumtx.com/static-files/1322dc56-e0eb-4bf7-9828-de5e82714b6c
2026-07-13 14:44:39,https://ir.fulcrumtx.com/financial-information/sec-filings,0001193125-26-294691.pdf 0001193125-26-294691.rtf 0001193125-26-294691.xls View HTML,https://ir.fulcrumtx.com/static-files/33f908bb-c8ed-460c-b1a4-22d5e0439199
2026-07-13 14:44:39,https://ir.cadeler.com/financials/financial-results,Cadeler+ +Press+Release+ +Q1+2026+Earnings+Release,https://ir.cadeler.com/_assets/_55b99bee4df4a673d46654e22961258a/cadeler/db/947/9803/earnings_release/Cadeler+-+Press+Release+-+Q1+2026+Earnings+Release.pdf
2026-07-13 14:44:39,https://ir.cadeler.com/financials/financial-results,Cadeler+ +IR+Presentation+ +Q1+2026,https://ir.cadeler.com/_assets/_55b99bee4df4a673d46654e22961258a/cadeler/db/947/9803/presentation/Cadeler+-+IR+Presentation+-+Q1+2026.pdf
2026-07-13 14:44:39,https://ir.cadeler.com/financials/financial-results,Cadeler+ +Q1+2026+Earnings+Release,https://ir.cadeler.com/_assets/_55b99bee4df4a673d46654e22961258a/cadeler/db/947/9803/quarterly_report/Cadeler+-+Q1+2026+Earnings+Release.pdf
2026-07-13 14:44:39,https://www.freedomholdingcorp.com/investors/esg-for-investors,Tear+Sheet,https://d1io3yog0oux5.cloudfront.net/_ff48b2d1a1fc328c57afd8a2c014c47a/freedomholdingcorp/files/Tear+Sheet.pdf
2026-07-13 14:44:39,https://www.sm-energy.com/investors/corporate-governance/board-committees,Nominating+and+Governance+Committee+Charter+(Adopted+5.21.26),https://d1io3yog0oux5.cloudfront.net/_45fef112223d13aada7a33a1bad3043b/smenergy/db/3721/35600/file/Nominating+and+Governance+Committee+Charter+%28Adopted+5.21.26%29.pdf
2026-07-13 14:44:39,https://www.sm-energy.com/investors/corporate-governance/board-committees,Operations+and+EHS+Committee+Charter+(Adopted+5.21.26),https://d1io3yog0oux5.cloudfront.net/_45fef112223d13aada7a33a1bad3043b/smenergy/db/3721/35601/file/Operations+and+EHS+Committee+Charter+%28Adopted+5.21.26%29.pdf
2026-07-13 14:44:38,https://investors.vertumotors.com/announcements/#share,Transaction In Own Shares,https://investors.vertumotors.com/custom/147669.pdf
2026-07-13 14:44:38,https://www.freedomholdingcorp.com/investors,2026 06 01 Freedom Holding Corp FRHC Reports 2026 99,https://d1io3yog0oux5.cloudfront.net/_ff48b2d1a1fc328c57afd8a2c014c47a/freedomholdingcorp/news/2026-06-01_Freedom_Holding_Corp_FRHC_Reports_2026_99.pdf
2026-07-13 14:44:38,https://www.freedomholdingcorp.com/investors,20260602+ +Corporate+presentation+ +Freedom+Holding+Corp,https://d1io3yog0oux5.cloudfront.net/_ff48b2d1a1fc328c57afd8a2c014c47a/freedomholdingcorp/db/357/3297/pdf/20260602+-+Corporate+presentation+-+Freedom+Holding+Corp.pdf
2026-07-13 14:44:38,https://investors.graphicpkg.com/governance/governance-documents/default.aspx,GPK+ +Amended+and+Restated+By Laws+(AB+Draft+5.27.26)(.8)+(002),https://d1io3yog0oux5.cloudfront.net/_614936e97ba915da059e9c28e25ebe44/graphicpkg/db/2275/21424/file/GPK+-+Amended+and+Restated+By-Laws+%28AB+Draft+5.27.26%29%28.8%29+%28002%29.pdf
2026-07-13 14:44:38,https://investors.graphicpkg.com/governance/governance-documents/default.aspx,GPHC+Amended+and+Restated+Certificate+of+Incorporation+6 12 2026+(signed)+(1),https://d1io3yog0oux5.cloudfront.net/_614936e97ba915da059e9c28e25ebe44/graphicpkg/db/2275/21803/file/GPHC+Amended+and+Restated+Certificate+of+Incorporation+6-12-2026+%28signed%29+%281%29.pdf
2026-07-13 14:44:38,https://investors.graphicpkg.com/governance/governance-documents/default.aspx,Graphic Packaging Holding Company Conflict Minerals Report 2025 Download,https://d1io3yog0oux5.cloudfront.net/_614936e97ba915da059e9c28e25ebe44/graphicpkg/db/2275/21415/file/2025+Conflict+Minerals+Report.pdf
2026-07-13 14:44:38,https://www.sm-energy.com/,"Latest Presentation Jun 2, 2026 Investor Presentation – June 2026",https://d1io3yog0oux5.cloudfront.net/_45fef112223d13aada7a33a1bad3043b/smenergy/db/3711/35673/pdf/2026.06+SM+Investor+Presentation_Updated.pdf
2026-07-13 14:44:38,https://www.zueblin.ch/en/company/corporate/,zublin prasenzmeldung gv2026,https://www.zueblin.ch/site/assets/files/4606/zublin_prasenzmeldung_gv2026.pdf
2026-07-13 14:44:38,https://www.zueblin.ch/en/company/corporate/,zublin immobilien holding ag protokoll 37 gv 01 07 2026,https://www.zueblin.ch/site/assets/files/4607/zublin_immobilien_holding_ag_protokoll_37__gv_01_07_2026.pdf
2026-07-13 14:44:38,https://www.zueblin.ch/en/company/corporate/,Voting Results (german),https://www.zueblin.ch/site/assets/files/4608/zublin_abstimmungsresultate_gv2026.pdf
2026-07-13 14:44:38,https://www.trivenigroup.com/investors?p=investor-kit,Investor Brief Q4 FY 26,https://www.trivenigroup.com/storage/files/financial-results/1780056035.pdf
2026-07-13 14:44:38,https://www.trivenigroup.com/investors?p=investor-kit,Financial results Q4 FY 26,https://www.trivenigroup.com/storage/files/financial-results/1777978433.pdf
2026-07-13 14:44:38,https://www.trivenigroup.com/investors?p=investor-kit,Investor Presentation Q4 FY 26,https://www.trivenigroup.com/storage/files/financial-results/1780067575.pdf
2026-07-13 14:44:38,https://www.trivenigroup.com/investors?p=investor-kit,Earnings Call Transcript Q4 FY 26,https://www.trivenigroup.com/storage/files/financial-results/1781022890.pdf
2026-07-13 14:44:43,https://www.bajajconsumercare.com/annual-report.php,Annual Report 2025 26,https://www.bajajconsumercare.com/pdf/annual-report/Annual_Report_2025_26.pdf
2026-07-13 14:44:43,https://marco-groups.com/investor-relations/,24. Summary of Key Matters Discussed and Minutes of Annual General Meeting,https://marco-groups.com/wp-content/uploads/2026/07/Marco-56th-AGM-12.6.2026-website-1.pdf
2026-07-13 14:44:43,https://bajajconsumercare.com/financial-result.php,Q1 2026 27,https://bajajconsumercare.com/pdf/financial-result/Q1_2026-27.pdf
2026-07-14 03:40:12,https://ir.herbalife.com/financial-information/financial-results,Follow up on 1Q 2012 Conference Call,https://d1io3yog0oux5.cloudfront.net/_b79b218fae2dbdaaa735c8bdd4f3f5b6/herbalife/db/1118/9778/file/Follow_up_on_1Q_2012_Conference_Call.pdf
2026-07-14 03:40:14,https://investors.galeratx.com/financial-information/sec-filings,0001193125-26-301997.pdf 0001193125-26-301997.rtf 0001193125-26-301997.xls EX-101.SCH - XBRL TAXONOMY EXTENSION SCHEMA View HTML,https://investors.galeratx.com/static-files/27d17d60-0289-4a95-89d9-97319a130d19
2026-07-14 03:40:14,https://investors.galeratx.com/financial-information/sec-filings,0001193125-26-301997.pdf 0001193125-26-301997.rtf 0001193125-26-301997.xls EX-101.SCH - XBRL TAXONOMY EXTENSION SCHEMA View HTML,https://investors.galeratx.com/static-files/be2a2d8f-37e6-43f8-8d09-69c7a7b2d15b
2026-07-14 03:40:14,https://investors.galeratx.com/financial-information/sec-filings,0001193125-26-301997.pdf 0001193125-26-301997.rtf 0001193125-26-301997.xls EX-101.SCH - XBRL TAXONOMY EXTENSION SCHEMA View HTML,https://investors.galeratx.com/static-files/1d23423f-a692-4017-bf5a-ffb5d535227b
2026-07-14 03:40:14,https://investors.galeratx.com/financial-information/sec-filings,0001193125-26-302005.pdf 0001193125-26-302005.rtf View HTML,https://investors.galeratx.com/static-files/956b709b-f942-4515-8129-a9d8d69855d5
2026-07-14 03:40:14,https://investors.galeratx.com/financial-information/sec-filings,0001193125-26-302005.pdf 0001193125-26-302005.rtf View HTML,https://investors.galeratx.com/static-files/a15e7acf-d892-46bf-8024-b95ad07e2eb1
2026-07-14 03:40:13,https://www.sonoco.com/na/sustainability/reports,2025 California AB 1305,https://www.sonoco.com/sites/default/files/images/PDFs/2025%20California%20AB-1305.pdf
2026-07-14 03:40:13,https://investors.graphicpkg.com/governance/governance-documents/default.aspx,GPK+ +Amended+and+Restated+By Laws+(AB+Draft+5.27.26)(.8)+(002),https://d1io3yog0oux5.cloudfront.net/_dce065b0bd7ee879976805cf9e7d701e/graphicpkg/db/2275/21424/file/GPK+-+Amended+and+Restated+By-Laws+%28AB+Draft+5.27.26%29%28.8%29+%28002%29.pdf
2026-07-14 03:40:13,https://investors.graphicpkg.com/governance/governance-documents/default.aspx,GPHC+Amended+and+Restated+Certificate+of+Incorporation+6 12 2026+(signed)+(1),https://d1io3yog0oux5.cloudfront.net/_dce065b0bd7ee879976805cf9e7d701e/graphicpkg/db/2275/21803/file/GPHC+Amended+and+Restated+Certificate+of+Incorporation+6-12-2026+%28signed%29+%281%29.pdf
2026-07-14 03:40:13,https://investors.graphicpkg.com/governance/governance-documents/default.aspx,Graphic Packaging Holding Company Conflict Minerals Report 2025 Download,https://d1io3yog0oux5.cloudfront.net/_dce065b0bd7ee879976805cf9e7d701e/graphicpkg/db/2275/21415/file/2025+Conflict+Minerals+Report.pdf
2026-07-14 03:40:15,https://www.eaglehighplantations.com/en/investor/rups,Ringkasan Risalah RUPST JUN 2026,https://www.eaglehighplantations.com/wp-content/uploads/2026/07/Ringkasan-Risalah-RUPST-JUN-2026.pdf
2026-07-14 03:40:15,https://www.eaglehighplantations.com/en/investor/rups,Ringkasan Risalah RUPSLB JUN 2026,https://www.eaglehighplantations.com/wp-content/uploads/2026/07/Ringkasan-Risalah-RUPSLB-JUN-2026.pdf
2026-07-14 03:40:18,https://investors.graphicpkg.com/,GPK Investor+Presentation+June+2026+vF2,https://d1io3yog0oux5.cloudfront.net/_dce065b0bd7ee879976805cf9e7d701e/graphicpkg/db/2291/21662/downloadable_file/GPK_Investor+Presentation+June+2026+vF2.pdf
2026-07-14 03:40:18,https://investors.graphicpkg.com/,GPK Investor+Presentation+June+2026+vF2,https://d1io3yog0oux5.cloudfront.net/_dce065b0bd7ee879976805cf9e7d701e/graphicpkg/db/2265/21879/pdf/GPK_Investor+Presentation+June+2026+vF2.pdf
2026-07-14 03:40:18,https://ir.herbalife.com/corporate-governance/governance-documents,"FINAL+Audit+Committee+Charter+ +Effective+February+11,+2022+v2+(updated+name)",https://d1io3yog0oux5.cloudfront.net/_b79b218fae2dbdaaa735c8bdd4f3f5b6/herbalife/db/1102/9949/file/FINAL+Audit+Committee+Charter+-+Effective+February+11%2C+2022+v2+%28updated+name%29.pdf
2026-07-14 03:40:18,https://ir.herbalife.com/corporate-governance/governance-documents,"FINAL+NCG+Committee+Charter+ +Effective+February+11,+2022+v2+(updated+name)",https://d1io3yog0oux5.cloudfront.net/_b79b218fae2dbdaaa735c8bdd4f3f5b6/herbalife/db/1102/9951/file/FINAL+NCG+Committee+Charter+-+Effective+February+11%2C+2022+v2+%28updated+name%29.pdf
2026-07-15 15:24:23,https://www.rakproperties.ae/annual-reports/,Mina Community Welcome Pack,https://docs.rakproperties.ae/rakpdocuments/Mina_Community_Welcome_Pack.pdf
2026-07-15 15:24:23,https://www.tejasnetworks.com/policies-codes.php,ESG Frame Work and Policy 1,https://www.tejasnetworks.com/wp-content/uploads/2026/07/ESG-Frame-Work-and-Policy-1.pdf
2026-07-15 15:24:23,https://www.tejasnetworks.com/policies-codes.php,ESG Charter 1,https://www.tejasnetworks.com/wp-content/uploads/2026/07/ESG-Charter-1.pdf
2026-07-15 15:24:23,https://www.ltts.com/investors,LTTS Q1FY27 Investor Release,https://www.ltts.com/system/files/2026-07/LTTS-Q1FY27-Investor-Release.pdf
2026-07-15 15:24:23,https://www.ltts.com/investors,LTTS Q1FY27 Press Release,https://www.ltts.com/system/files/2026-07/LTTS-Q1FY27-Press-Release.pdf
2026-07-15 15:24:23,https://www.ltts.com/investors,LTTS Q1FY27 Consolidated Financials,https://www.ltts.com/system/files/2026-07/LTTS-Q1FY27-Consolidated_Financials.pdf
2026-07-15 15:24:23,https://www.ltts.com/investors,LTTS Q1FY27 Standalone Financials,https://www.ltts.com/system/files/2026-07/LTTS-Q1FY27-Standalone_Financials.pdf
2026-07-15 15:24:23,https://www.ltts.com/investors/exchange-announcements,Q1 FY-27 Earnings Conference Call recording link,https://www.ltts.com/sites/default/files/investors/exchange-announcements/LTTSEarningsCallRecording14072026signed.pdf
2026-07-15 15:24:23,https://www.ltts.com/investors/exchange-announcements,Re-classification request from the ‘Promoter Group’ category to the ‘Public’ category - Nabha Power Limited,https://www.ltts.com/sites/default/files/investors/exchange-announcements/OutcomeofBoardMeeting14072026.pdf
2026-07-15 15:24:23,https://www.ltts.com/investors/exchange-announcements,L&T Technology Services Partners with Anthropic to Deliver AI-Powered Engineering Intelligence for Products and Manufacturing,https://www.ltts.com/sites/default/files/investors/exchange-announcements/LTTSPressRelease14072026signed.pdf
2026-07-15 15:24:23,https://www.ltts.com/investors/exchange-announcements,"Press Release and Investor Release w.r.t. Financial Results for the quarter ended June 30, 2026",https://www.ltts.com/sites/default/files/investors/exchange-announcements/LTTSPressReleaseandInvestorPresentation14072026signed.pdf
2026-07-15 15:24:23,https://www.ltts.com/investors/exchange-announcements,Change in Directorate of the company,https://www.ltts.com/sites/default/files/investors/exchange-announcements/OutcomeofBoardMeeting14072026sd_0.pdf
2026-07-15 15:24:23,https://www.ltts.com/investors/exchange-announcements,"Outcome of Board Meeting, July 14, 2026",https://www.ltts.com/sites/default/files/investors/exchange-announcements/OutcomeofBoardMeeting14072026sd.pdf
2026-07-15 15:24:23,https://www.ltts.com/investors/exchange-announcements,Clarificationonmediareportsigned13072026,https://www.ltts.com/sites/default/files/investors/exchange-announcements/Clarificationonmediareportsigned13072026.pdf
2026-07-15 15:24:23,https://www.ltts.com/investors/exchange-announcements,"Allotment of shares under Company’s ESOP Scheme, 2016 – July 13, 2026",https://www.ltts.com/sites/default/files/investors/exchange-announcements/LTTS-Intimation-ESOPAllotmentsigned.pdf
2026-07-15 15:24:23,http://www.boohooplc.com/,Sustainability Report 2024,http://www.boohooplc.com/files/2026-07/global-manufacturing-list-0726.pdf
2026-07-15 15:24:23,https://www.boohooplc.com/investors,Sustainability Report 2024,https://www.boohooplc.com/files/2026-07/global-manufacturing-list-0726.pdf
2026-07-15 15:24:23,https://gocolors.com/pages/investor-relations,FORM MGT 7 FY26,https://cdn.shopify.com/s/files/1/0598/8158/6848/files/FORM_MGT-7_FY26.pdf?v=1784118942
2026-07-15 15:24:23,https://www.owlrockcapitalcorporation.com/investors,Q1'26+OBDC+Investor+Presentation+vF,https://www.blueowlcapitalcorporation.com/_assets/_fdc91f3d051f8a1dd1ab4252893416b3/blueowlcapitalcorporation/db/2218/29116/presentation/Q1%2726+OBDC+Investor+Presentation+vF.pdf
2026-07-15 15:24:23,https://www.bridgepoint.eu/,bridgepoint group plc consensus h1 14 jul 2026.downloadasset,https://www.bridgepoint.eu/content/dam/bridgepoint/corporate2022/documents/financial-information/consensus/bridgepoint-group-plc-consensus-h1-14-jul-2026.pdf.downloadasset.pdf
2026-07-15 15:24:23,https://brickabilitygroupplc.com/#,Final Results Presentation for year ended 31 March 2026 ( pdf 2.38 MB ),https://brckgroup.com/uploads/documents/FY26-Final-Results-Presentation-for-the-year-ended-31-March-2026.pdf
2026-07-15 15:24:23,https://brickabilitygroupplc.com/#,Final Results Presentation for year ended 31 March 2026 ( pdf 2.38 MB ),https://brckgroup.com/uploads/documents/BRCK-Group-plc-Final-Results-31-March-2026.pdf
2026-07-15 15:24:23,https://www.siyaram.com/investor-relations/investor-education.php,SSML 100 days Campaign 3rd progress Report 2026-27 2026-2027,https://prod-siyaram-bucket.s3.ap-south-1.amazonaws.com/images/investor-relationship-doc/investor-eduction-and-protection-fund/2026-2027/SIYARAM+SILK+MILLS+LIMITED+-+3rd+progress+report_20062026.pdf
2026-07-15 15:24:20,https://www.lotusbakeries.com/sustainability-policies,Whistleblowing policy V2 09.2025 KO KR 0,https://www.lotusbakeries.com/sites/default/files/documents-kr/Whistleblowing%20policy_V2_09.2025_KO-KR_0.pdf
2026-07-15 15:24:20,https://www.ardaghmetalpackaging.com/esg/sustainability#sustainability-reports,Green Bond Allocation and Impact Report 2023 (PDF 3.2 MB),https://www.ardaghmetalpackaging.com/_assets/_f68e1a39078d21960ef2fa055a8625d2/ardaghmetalpackagingcorp/db/3892/38863/file/AMP+Green+financing+Framework+V1.0+%2817112025%29.pdf
2026-07-15 15:24:20,https://www.ardaghmetalpackaging.com/esg/sustainability#sustainability-reports,AMP+Human+rights+policy+statement+V1.2[EXT],https://www.ardaghmetalpackaging.com/_assets/_f68e1a39078d21960ef2fa055a8625d2/ardaghmetalpackagingcorp/db/3892/38857/file/AMP+Human+rights+policy+statement+V1.2%5BEXT%5D.pdf
2026-07-15 15:24:20,https://www.adib.eg/sustainability,Report for the year 2025.,https://www.adib.eg/media/102008/ReportForTheYear2025.pdf
2026-07-15 15:24:20,https://www.hasi.com/sustainability,6a565f033d46ef04a9e5871c Cybersecurity Program Disclosure 2025,https://cdn.prod.website-files.com/686ff8b55ddf1cb3401c8c94/6a565f033d46ef04a9e5871c_Cybersecurity%20Program%20Disclosure%202025.pdf
2026-07-15 15:24:20,http://www.manappuram.com/,Monitoring Agency Report,http://www.manappuram.com/sites/default/files/2026-07/684af218.pdf
2026-07-15 15:24:20,https://gacl.com/corporate-governance/,CG Report Q1 2026-27,https://gacl.com/wp-content/uploads/2026/07/For-Website.pdf
2026-07-15 15:24:20,https://www.welspuncorp.com/company-disclosures.php,Large Order for supply of pipes for Oil & Gas export projects of ~Rs. 1400 Crore-14.07.2026,https://www.welspuncorp.com/uploads/investor_data/investorreport__1698.pdf
2026-07-15 15:24:20,http://www.eihltd.com/investors/annual-reports/,EIH Annual Report 2025-26,http://www.eihltd.com/-/media/eihltd/pdf-files/annual-reports/annual-report-2025-2026/eih-annual-report-25-26.pdf
2026-07-15 15:24:20,https://www.jindalpoly.com/download-reports.aspx?mpgid=13&pgidtrail=19,681imguf ListofShareholderswhoseSharestobeTransfertoIEPF(2018 2019),https://www.jindalpoly.com/Uploads/image/681imguf_ListofShareholderswhoseSharestobeTransfertoIEPF(2018-2019).pdf
2026-07-15 15:24:20,https://suriagroup.com.my/investorrelations/,03 Notice of EGM,https://suriagroup.com.my/wp-content/uploads/2026/06/03-Notice-of-EGM.pdf
2026-07-15 15:24:20,https://suriagroup.com.my/investorrelations/,04 EGM QA,https://suriagroup.com.my/wp-content/uploads/2026/06/04-EGM-QA.pdf
2026-07-15 15:24:20,https://www.norwegian.com/en/about/company/investor-relations/reports-and-presentations/,norwegian q2 2026 report,https://www.norwegian.com/globalassets/ip/documents/about-us/company/investor-relations/reports-and-presentations/quarterly-results/2026/norwegian-q2-2026-report.pdf
2026-07-15 15:24:20,https://www.norwegian.com/en/about/company/investor-relations/reports-and-presentations/,norwegian q2 2026 presentation,https://www.norwegian.com/globalassets/ip/documents/about-us/company/investor-relations/reports-and-presentations/quarterly-results/2026/norwegian-q2-2026_presentation.pdf
2026-07-15 15:24:20,https://www.integer.net/code-of-conduct/default.aspx,Supplier Code of Conduct 01JUL26,https://s24.q4cdn.com/416143379/files/doc_downloads/2026/07/Supplier-Code-of-Conduct_01JUL26.pdf
2026-07-15 15:24:26,https://www.dunigroup.com/sustainability/documentation-and-certifications/?type,poppies brc certificate 2026,https://www.dunigroup.com/files/Certificates/poppies/poppies-brc-certificate-2026.pdf
2026-07-15 15:24:26,https://www.bharatforge.com/sustainability/environment/#top,Operational Carbon Footprint Certificate 2025 26,https://www.bharatforge.com/assets/pdf/csr/Operational-Carbon-Footprint-Certificate-2025-26.pdf
2026-07-15 15:24:26,https://ir.veritexbank.com/investor-overview?c,2026 Morgan Stanley US Financials Conference View Presentation,https://d1io3yog0oux5.cloudfront.net/_6dd2bd05272b2c4e9bb81907cff6a52f/huntington/db/2706/28821/pdf/HBAN+MS+Presentation_vf.pdf
2026-07-15 15:24:26,https://www.southgobi.com/html/ir.php,Announcements and Notices - COMPLETION OF ISSUE OF PAYMENT-IN-KIND INTEREST SHARES UNDER CONVERTIBLE DEBENTURE,https://media-southgobi.todayir.com/20260715175602374712245166_en.pdf
2026-07-15 15:24:26,https://www.southgobi.com/html/ir.php,20260715103206725212244546 en,https://media-southgobi.todayir.com/20260715103206725212244546_en.pdf
2026-07-15 15:24:26,https://www.southgobi.com/html/ir.php,Announcements and Notices - ISSUE OF PAYMENT-IN-KIND INTEREST SHARES UNDER CONVERTIBLE DEBENTURE,https://media-southgobi.todayir.com/20260714175601563112243809_en.pdf
2026-07-15 15:24:26,https://www.southgobi.com/html/ir.php,2026071417560193812243803 en,https://media-southgobi.todayir.com/2026071417560193812243803_en.pdf
2026-07-15 15:24:26,https://ir.bactiguard.com/press-releases/,Bactiguard Holding AB’s interim report second quarter 2026,https://ir.bactiguard.com/wp-content/uploads/Bactiguard-Interim-report-2026-Q2.pdf
2026-07-15 15:24:26,https://ir.bactiguard.com/press-releases/,Bactiguard Holding AB’s interim report second quarter 2026,https://ir.bactiguard.com/wp-content/uploads/Bactiguard-Q2-2026-presentation-260713.pdf
2026-07-15 15:24:26,http://alliedreit.com/,"Allied Announces Conference Call to Discuss Second-Quarter Financial Results July 8, 2026",https://alliedreit.com/wp-content/uploads/2026/07/20260715_PRESS-RELEASE_DISTRIBUTION.pdf
2026-07-15 15:24:18,https://hbl.in/Investors-Details.php,Intimation of Kavach order July-2026,https://hbl.in/reports/kavach_icf_order_july2026.pdf
2026-07-15 15:24:18,https://www.manappuram.com/investors/corporate--governance.html,Monitoring Agency Report,https://www.manappuram.com/sites/default/files/2026-07/684af218.pdf
2026-07-15 15:24:18,https://www.eihltd.com/investors/disclosure/,EIH Notice of 76th AGM,https://www.eihltd.com/-/media/eihltd/pdf-files/disclosure/annual-general-meeting/eih_notice_76agm.pdf
2026-07-15 15:24:18,https://www.moonpig.group/investors/results-reports-and-presentations/,moonpig group plc annual report 2026 full version,https://www.moonpig.group/media/qxchirs2/moonpig-group-plc-annual-report-2026-full-version.pdf
2026-07-15 15:24:18,https://www.moonpig.group/investors/results-reports-and-presentations/,moonpig group plc fy26 full year results investor factsheet,https://www.moonpig.group/media/ziklpmsw/moonpig-group-plc-fy26-full-year-results-investor-factsheet.pdf
2026-07-15 15:24:18,https://www.shareindia.com/about-us/investor-relations,Intimation under Regulation 60(2) (LODR)- Record Date for payment of interest on Non‐Convertible Debentures of the Company,https://www.shareindia.com/wp-content/uploads/data/uploads/Investor_Relations_Files/Reg60August_SeriesC_14072026.pdf
2026-07-15 15:24:18,https://investors.graphicpkg.com/,GPK Investor+Presentation+June+2026+vF2,https://d1io3yog0oux5.cloudfront.net/_614936e97ba915da059e9c28e25ebe44/graphicpkg/db/2291/21662/downloadable_file/GPK_Investor+Presentation+June+2026+vF2.pdf
2026-07-15 15:24:18,https://investors.graphicpkg.com/,GPK Investor+Presentation+June+2026+vF2,https://d1io3yog0oux5.cloudfront.net/_614936e97ba915da059e9c28e25ebe44/graphicpkg/db/2265/21879/pdf/GPK_Investor+Presentation+June+2026+vF2.pdf
2026-07-15 15:24:18,https://www.clevelandcliffs.com/investors/financial-information/financial-results,2026 04 20 Cleveland Cliffs Reports First Quarter 2026 696,https://www.clevelandcliffs.com/_assets/_01f6ff75d2213b8ff20502ebe54a1a8e/clevelandcliffs/news/2026-04-20_Cleveland_Cliffs_Reports_First_Quarter_2026_696.pdf
2026-07-15 15:24:18,https://www.clevelandcliffs.com/investors/financial-information/financial-results,2026 02 09 Cleveland Cliffs Reports Fourth Quarter and Full 693,https://www.clevelandcliffs.com/_assets/_01f6ff75d2213b8ff20502ebe54a1a8e/clevelandcliffs/news/2026-02-09_Cleveland_Cliffs_Reports_Fourth_Quarter_and_Full_693.pdf
2026-07-15 15:24:18,https://www.clevelandcliffs.com/investors/financial-information/financial-results,2025 10 20 Cleveland Cliffs Reports Third Quarter 2025 686,https://www.clevelandcliffs.com/_assets/_01f6ff75d2213b8ff20502ebe54a1a8e/clevelandcliffs/news/2025-10-20_Cleveland_Cliffs_Reports_Third_Quarter_2025_686.pdf
2026-07-15 15:24:18,https://www.clevelandcliffs.com/investors/financial-information/financial-results,2025 07 21 Cleveland Cliffs Reports Second Quarter 2025 678,https://www.clevelandcliffs.com/_assets/_01f6ff75d2213b8ff20502ebe54a1a8e/clevelandcliffs/news/2025-07-21_Cleveland_Cliffs_Reports_Second_Quarter_2025_678.pdf
2026-07-15 15:24:18,https://www.clevelandcliffs.com/investors/financial-information/financial-results,2025 05 07 Cleveland Cliffs Reports First Quarter 2025 674,https://www.clevelandcliffs.com/_assets/_01f6ff75d2213b8ff20502ebe54a1a8e/clevelandcliffs/news/2025-05-07_Cleveland_Cliffs_Reports_First_Quarter_2025_674.pdf
2026-07-15 15:24:18,https://www.clevelandcliffs.com/investors/financial-information/financial-results,2025 02 24 Cleveland Cliffs Reports Full Year and Fourth 670,https://www.clevelandcliffs.com/_assets/_01f6ff75d2213b8ff20502ebe54a1a8e/clevelandcliffs/news/2025-02-24_Cleveland_Cliffs_Reports_Full_Year_and_Fourth_670.pdf
2026-07-15 15:24:18,https://www.clevelandcliffs.com/investors/financial-information/financial-results,2024 11 04 Cleveland Cliffs Reports Third Quarter 2024 662,https://www.clevelandcliffs.com/_assets/_01f6ff75d2213b8ff20502ebe54a1a8e/clevelandcliffs/news/2024-11-04_Cleveland_Cliffs_Reports_Third_Quarter_2024_662.pdf
2026-07-15 15:24:18,https://www.clevelandcliffs.com/investors/financial-information/financial-results,2024 07 22 Cleveland Cliffs Reports Second Quarter 2024 645,https://www.clevelandcliffs.com/_assets/_01f6ff75d2213b8ff20502ebe54a1a8e/clevelandcliffs/news/2024-07-22_Cleveland_Cliffs_Reports_Second_Quarter_2024_645.pdf
2026-07-15 15:24:18,https://www.clevelandcliffs.com/investors/financial-information/financial-results,2024 04 22 Cleveland Cliffs Reports First Quarter 2024 635,https://www.clevelandcliffs.com/_assets/_01f6ff75d2213b8ff20502ebe54a1a8e/clevelandcliffs/news/2024-04-22_Cleveland_Cliffs_Reports_First_Quarter_2024_635.pdf
2026-07-15 15:24:18,https://www.clevelandcliffs.com/investors/financial-information/financial-results,2024 01 29 Cleveland Cliffs Reports Full Year and Fourth 621,https://www.clevelandcliffs.com/_assets/_01f6ff75d2213b8ff20502ebe54a1a8e/clevelandcliffs/news/2024-01-29_Cleveland_Cliffs_Reports_Full_Year_and_Fourth_621.pdf
2026-07-15 15:24:18,https://www.clevelandcliffs.com/investors/financial-information/financial-results,2023 10 23 Cleveland Cliffs Reports Third Quarter 2023 609,https://www.clevelandcliffs.com/_assets/_01f6ff75d2213b8ff20502ebe54a1a8e/clevelandcliffs/news/2023-10-23_Cleveland_Cliffs_Reports_Third_Quarter_2023_609.pdf
2026-07-15 15:24:18,https://www.clevelandcliffs.com/investors/financial-information/financial-results,2023 07 24 Cleveland Cliffs Reports Second Quarter 2023 599,https://www.clevelandcliffs.com/_assets/_01f6ff75d2213b8ff20502ebe54a1a8e/clevelandcliffs/news/2023-07-24_Cleveland_Cliffs_Reports_Second_Quarter_2023_599.pdf
2026-07-15 15:24:18,https://www.clevelandcliffs.com/investors/financial-information/financial-results,2023 04 24 Cleveland Cliffs Reports First Quarter 2023 587,https://www.clevelandcliffs.com/_assets/_01f6ff75d2213b8ff20502ebe54a1a8e/clevelandcliffs/news/2023-04-24_Cleveland_Cliffs_Reports_First_Quarter_2023_587.pdf
2026-07-15 15:24:18,https://www.clevelandcliffs.com/investors/financial-information/financial-results,2023 02 13 Cleveland Cliffs Reports Full Year and Fourth 572,https://www.clevelandcliffs.com/_assets/_01f6ff75d2213b8ff20502ebe54a1a8e/clevelandcliffs/news/2023-02-13_Cleveland_Cliffs_Reports_Full_Year_and_Fourth_572.pdf
2026-07-15 15:24:18,https://www.clevelandcliffs.com/investors/financial-information/financial-results,2022 10 25 Cleveland Cliffs Reports Third Quarter 2022 560,https://www.clevelandcliffs.com/_assets/_01f6ff75d2213b8ff20502ebe54a1a8e/clevelandcliffs/news/2022-10-25_Cleveland_Cliffs_Reports_Third_Quarter_2022_560.pdf
2026-07-15 15:24:18,https://www.clevelandcliffs.com/investors/financial-information/financial-results,2022 07 22 Cleveland Cliffs Reports Second Quarter 2022 553,https://www.clevelandcliffs.com/_assets/_01f6ff75d2213b8ff20502ebe54a1a8e/clevelandcliffs/news/2022-07-22_Cleveland_Cliffs_Reports_Second_Quarter_2022_553.pdf
2026-07-15 15:24:18,https://www.clevelandcliffs.com/investors/financial-information/financial-results,2022 04 22 Cleveland Cliffs Reports First Quarter 2022 547,https://www.clevelandcliffs.com/_assets/_01f6ff75d2213b8ff20502ebe54a1a8e/clevelandcliffs/news/2022-04-22_Cleveland_Cliffs_Reports_First_Quarter_2022_547.pdf
2026-07-15 15:24:18,https://www.clevelandcliffs.com/investors/financial-information/financial-results,2022 02 11 Cleveland Cliffs Reports Full Year and Fourth 541,https://www.clevelandcliffs.com/_assets/_01f6ff75d2213b8ff20502ebe54a1a8e/clevelandcliffs/news/2022-02-11_Cleveland_Cliffs_Reports_Full_Year_and_Fourth_541.pdf
2026-07-15 15:24:18,https://www.clevelandcliffs.com/investors/financial-information/financial-results,2021 10 22 Cleveland Cliffs Reports Record Third Quarter 535,https://www.clevelandcliffs.com/_assets/_01f6ff75d2213b8ff20502ebe54a1a8e/clevelandcliffs/news/2021-10-22_Cleveland_Cliffs_Reports_Record_Third_Quarter_535.pdf
2026-07-15 15:24:18,https://www.clevelandcliffs.com/investors/financial-information/financial-results,2021 07 22 Cleveland Cliffs Reports Record Second Quarter 526,https://www.clevelandcliffs.com/_assets/_01f6ff75d2213b8ff20502ebe54a1a8e/clevelandcliffs/news/2021-07-22_Cleveland_Cliffs_Reports_Record_Second_Quarter_526.pdf
2026-07-15 15:24:18,https://www.clevelandcliffs.com/investors/financial-information/financial-results,2021 04 22 Cleveland Cliffs Reports First Quarter 2021 213,https://www.clevelandcliffs.com/_assets/_01f6ff75d2213b8ff20502ebe54a1a8e/clevelandcliffs/news/2021-04-22_Cleveland_Cliffs_Reports_First_Quarter_2021_213.pdf
2026-07-15 15:24:18,https://www.clevelandcliffs.com/investors/financial-information/financial-results,2021 02 25 Cleveland Cliffs Reports Fourth Quarter and Full 210,https://www.clevelandcliffs.com/_assets/_01f6ff75d2213b8ff20502ebe54a1a8e/clevelandcliffs/news/2021-02-25_Cleveland_Cliffs_Reports_Fourth_Quarter_and_Full_210.pdf
2026-07-15 15:24:18,https://www.clevelandcliffs.com/investors/financial-information/financial-results,2020 10 23 Cleveland Cliffs Inc Reports Third Quarter 2020 11,https://www.clevelandcliffs.com/_assets/_01f6ff75d2213b8ff20502ebe54a1a8e/clevelandcliffs/news/2020-10-23_Cleveland_Cliffs_Inc_Reports_Third_Quarter_2020_11.pdf
2026-07-15 15:24:18,https://www.clevelandcliffs.com/investors/financial-information/financial-results,2020 07 30 Cleveland Cliffs Inc Reports Second Quarter 2020 14,https://www.clevelandcliffs.com/_assets/_01f6ff75d2213b8ff20502ebe54a1a8e/clevelandcliffs/news/2020-07-30_Cleveland_Cliffs_Inc_Reports_Second_Quarter_2020_14.pdf
2026-07-15 15:24:18,https://www.clevelandcliffs.com/investors/financial-information/financial-results,2020 05 11 Cleveland Cliffs Inc Reports First Quarter 2020 22,https://www.clevelandcliffs.com/_assets/_01f6ff75d2213b8ff20502ebe54a1a8e/clevelandcliffs/news/2020-05-11_Cleveland_Cliffs_Inc_Reports_First_Quarter_2020_22.pdf
2026-07-15 15:24:18,https://www.clevelandcliffs.com/investors/financial-information/financial-results,2020 02 20 Cleveland Cliffs Inc Reports Fourth Quarter and 43,https://www.clevelandcliffs.com/_assets/_01f6ff75d2213b8ff20502ebe54a1a8e/clevelandcliffs/news/2020-02-20_Cleveland_Cliffs_Inc_Reports_Fourth_Quarter_and_43.pdf
2026-07-15 15:24:18,https://www.clevelandcliffs.com/investors/financial-information/financial-results,2019 10 23 Cleveland Cliffs Inc Reports Third Quarter 2019 53,https://www.clevelandcliffs.com/_assets/_01f6ff75d2213b8ff20502ebe54a1a8e/clevelandcliffs/news/2019-10-23_Cleveland_Cliffs_Inc_Reports_Third_Quarter_2019_53.pdf
2026-07-15 15:24:18,https://www.clevelandcliffs.com/investors/financial-information/financial-results,2019 07 19 Cleveland Cliffs Inc Reports Second Quarter 2019 59,https://www.clevelandcliffs.com/_assets/_01f6ff75d2213b8ff20502ebe54a1a8e/clevelandcliffs/news/2019-07-19_Cleveland_Cliffs_Inc_Reports_Second_Quarter_2019_59.pdf
2026-07-15 15:24:18,https://www.clevelandcliffs.com/investors/financial-information/financial-results,2019 04 25 Cleveland Cliffs Inc Reports First Quarter 2019 68,https://www.clevelandcliffs.com/_assets/_01f6ff75d2213b8ff20502ebe54a1a8e/clevelandcliffs/news/2019-04-25_Cleveland_Cliffs_Inc_Reports_First_Quarter_2019_68.pdf
2026-07-15 15:24:18,https://www.clevelandcliffs.com/investors/financial-information/financial-results,2019 02 08 Cleveland Cliffs Inc Reports Fourth Quarter and 72,https://www.clevelandcliffs.com/_assets/_01f6ff75d2213b8ff20502ebe54a1a8e/clevelandcliffs/news/2019-02-08_Cleveland_Cliffs_Inc_Reports_Fourth_Quarter_and_72.pdf
2026-07-15 15:24:18,https://www.clevelandcliffs.com/investors/financial-information/financial-results,2018 10 19 Cleveland Cliffs Inc Reports Third Quarter 2018 78,https://www.clevelandcliffs.com/_assets/_01f6ff75d2213b8ff20502ebe54a1a8e/clevelandcliffs/news/2018-10-19_Cleveland_Cliffs_Inc_Reports_Third_Quarter_2018_78.pdf
2026-07-15 15:24:18,https://www.clevelandcliffs.com/investors/financial-information/financial-results,2018 07 20 Cleveland Cliffs Inc Reports Second Quarter 2018 86,https://www.clevelandcliffs.com/_assets/_01f6ff75d2213b8ff20502ebe54a1a8e/clevelandcliffs/news/2018-07-20_Cleveland_Cliffs_Inc_Reports_Second_Quarter_2018_86.pdf
2026-07-15 15:24:18,https://www.clevelandcliffs.com/investors/financial-information/financial-results,2018 04 20 Cleveland Cliffs Inc Reports First Quarter 2018 90,https://www.clevelandcliffs.com/_assets/_01f6ff75d2213b8ff20502ebe54a1a8e/clevelandcliffs/news/2018-04-20_Cleveland_Cliffs_Inc_Reports_First_Quarter_2018_90.pdf
2026-07-15 15:24:18,https://www.clevelandcliffs.com/investors/financial-information/financial-results,2018 01 25 Cleveland Cliffs Inc Reports Fourth Quarter and 96,https://www.clevelandcliffs.com/_assets/_01f6ff75d2213b8ff20502ebe54a1a8e/clevelandcliffs/news/2018-01-25_Cleveland_Cliffs_Inc_Reports_Fourth_Quarter_and_96.pdf
2026-07-15 15:24:18,https://www.clevelandcliffs.com/investors/financial-information/financial-results,2017 10 20 Cleveland Cliffs Inc Reports Third Quarter 2017 106,https://www.clevelandcliffs.com/_assets/_01f6ff75d2213b8ff20502ebe54a1a8e/clevelandcliffs/news/2017-10-20_Cleveland_Cliffs_Inc_Reports_Third_Quarter_2017_106.pdf
2026-07-15 15:24:18,https://www.clevelandcliffs.com/investors/financial-information/financial-results,2008 05 05 Cleveland Cliffs Inc Reports First Quarter 2008 144,https://www.clevelandcliffs.com/_assets/_01f6ff75d2213b8ff20502ebe54a1a8e/clevelandcliffs/news/2008-05-05_Cleveland_Cliffs_Inc_Reports_First_Quarter_2008_144.pdf
2026-07-15 15:24:18,https://www.clevelandcliffs.com/investors/financial-information/financial-results,2008 02 21 Cleveland Cliffs Inc Reports Fourth Quarter and 153,https://www.clevelandcliffs.com/_assets/_01f6ff75d2213b8ff20502ebe54a1a8e/clevelandcliffs/news/2008-02-21_Cleveland_Cliffs_Inc_Reports_Fourth_Quarter_and_153.pdf
2026-07-15 15:24:18,https://www.clevelandcliffs.com/investors/financial-information/financial-results,2007 11 01 Cleveland Cliffs Inc Reports Third Quarter 164,https://www.clevelandcliffs.com/_assets/_01f6ff75d2213b8ff20502ebe54a1a8e/clevelandcliffs/news/2007-11-01_Cleveland_Cliffs_Inc_Reports_Third_Quarter_164.pdf
2026-07-15 15:24:18,https://www.clevelandcliffs.com/investors/financial-information/financial-results,2007 07 26 Cleveland Cliffs Reports Second Quarter 177,https://www.clevelandcliffs.com/_assets/_01f6ff75d2213b8ff20502ebe54a1a8e/clevelandcliffs/news/2007-07-26_Cleveland_Cliffs_Reports_Second_Quarter_177.pdf
2026-07-15 15:24:18,https://www.clevelandcliffs.com/investors/financial-information/financial-results,2007 02 21 Cleveland Cliffs Reports Record Revenues and 203,https://www.clevelandcliffs.com/_assets/_01f6ff75d2213b8ff20502ebe54a1a8e/clevelandcliffs/news/2007-02-21_Cleveland_Cliffs_Reports_Record_Revenues_and_203.pdf
2026-07-15 15:24:16,https://www.hikma.com/investors/results-and-presentations/#page=1,2026 interim results pre-announcement aide memoire,https://www.hikma.com/media/frzoxptg/analyst-aide-memoire-june-2026-vfinal.pdf
2026-07-15 15:24:16,https://www.clevelandcliffs.com/news/fact-center,"Nicholas Kohlhas - Executive Vice President, Operations",https://www.clevelandcliffs.com/_assets/_01f6ff75d2213b8ff20502ebe54a1a8e/clevelandcliffs/db/1188/12086/file/CLF_ExecBio_Kohlhas_062026.pdf
2026-07-15 15:24:16,https://www.clevelandcliffs.com/news/fact-center,CC FactSheet BurnsHarbor 062026,https://www.clevelandcliffs.com/_assets/_01f6ff75d2213b8ff20502ebe54a1a8e/clevelandcliffs/db/1188/10379/file/CC_FactSheet_BurnsHarbor_062026.pdf
2026-07-15 15:24:16,https://www.clevelandcliffs.com/news/fact-center,CC FactSheet MansfieldWorks 072026,https://www.clevelandcliffs.com/_assets/_01f6ff75d2213b8ff20502ebe54a1a8e/clevelandcliffs/db/1188/10392/file/CC_FactSheet_MansfieldWorks_072026.pdf
2026-07-15 15:24:16,https://www.clevelandcliffs.com/news/fact-center,CLF CC FactSheet Warren 062026,https://www.clevelandcliffs.com/_assets/_01f6ff75d2213b8ff20502ebe54a1a8e/clevelandcliffs/db/1188/10373/file/CLF_CC_FactSheet_Warren_062026.pdf
2026-07-15 15:24:16,https://www.eihltd.com/investors/annual-reports/,EIH Annual Report 2025-26,https://www.eihltd.com/-/media/eihltd/pdf-files/annual-reports/annual-report-2025-2026/eih-annual-report-25-26.pdf
2026-07-15 15:24:16,https://ir.veritexbank.com/investor-overview?c=253740&p=irol-irhome,2026 Morgan Stanley US Financials Conference View Presentation,https://d1io3yog0oux5.cloudfront.net/_76fc4c7eb64aef16da17d0297c8d64d5/huntington/db/2706/28821/pdf/HBAN+MS+Presentation_vf.pdf
2026-07-15 15:24:16,https://www.gruppoacea.it/en/presentations-and-webcasts,save the date acea 1h2026,https://www.gruppoacea.it/content/dam/acea-corporate/pdf/en/investors/2026/save-the-date/save-the-date-acea-1h2026.pdf
2026-07-15 15:24:17,https://investors.gates.com/governance/governance-documents/Translations-Code-of-BCE/,Code of Business Conduct and Ethics (Arabic),https://s22.q4cdn.com/277773419/files/doc_downloads/governance_documents/Translations/2026/Code-of-Business-Conduct-and-Ethics-Arabic.pdf
2026-07-15 15:24:17,https://investors.gates.com/governance/governance-documents/Translations-Code-of-BCE/,Code of Business Conduct and Ethics (Chinese),https://s22.q4cdn.com/277773419/files/doc_downloads/governance_documents/Translations/2026/Code-of-Business-Conduct-and-Ethics-Chinese.pdf
2026-07-15 15:24:17,https://investors.gates.com/governance/governance-documents/Translations-Code-of-BCE/,Code of Business Conduct and Ethics (Czech),https://s22.q4cdn.com/277773419/files/doc_downloads/governance_documents/Translations/2026/Code-of-Business-Conduct-and-Ethics-Czech.pdf
2026-07-15 15:24:17,https://investors.gates.com/governance/governance-documents/Translations-Code-of-BCE/,Code of Business Conduct and Ethics (Dutch),https://s22.q4cdn.com/277773419/files/doc_downloads/governance_documents/Translations/2026/Code-of-Business-Conduct-and-Ethics-Dutch.pdf
2026-07-15 15:24:17,https://investors.gates.com/governance/governance-documents/Translations-Code-of-BCE/,Code of Business Conduct and Ethics (English),https://s22.q4cdn.com/277773419/files/doc_downloads/governance_documents/Translations/2026/Code-of-Business-Conduct-and-Ethics-English.pdf
2026-07-15 15:24:17,https://investors.gates.com/governance/governance-documents/Translations-Code-of-BCE/,Code of Business Conduct and Ethics (French),https://s22.q4cdn.com/277773419/files/doc_downloads/governance_documents/Translations/2026/Code-of-Business-Conduct-and-Ethics-French.pdf
2026-07-15 15:24:17,https://investors.gates.com/governance/governance-documents/Translations-Code-of-BCE/,Code of Business Conduct and Ethics (German),https://s22.q4cdn.com/277773419/files/doc_downloads/governance_documents/Translations/2026/Code-of-Business-Conduct-and-Ethics-German.pdf
2026-07-15 15:24:17,https://investors.gates.com/governance/governance-documents/Translations-Code-of-BCE/,Code of Business Conduct and Ethics (Hindi),https://s22.q4cdn.com/277773419/files/doc_downloads/governance_documents/Translations/2026/Code-of-Business-Conduct-and-Ethics-Hindi.pdf
2026-07-15 15:24:17,https://investors.gates.com/governance/governance-documents/Translations-Code-of-BCE/,Code of Business Conduct and Ethics (Indonesian),https://s22.q4cdn.com/277773419/files/doc_downloads/governance_documents/Translations/2026/Code-of-Business-Conduct-and-Ethics-Indonesian.pdf
2026-07-15 15:24:17,https://investors.gates.com/governance/governance-documents/Translations-Code-of-BCE/,Code of Business Conduct and Ethics (Italian),https://s22.q4cdn.com/277773419/files/doc_downloads/governance_documents/Translations/2026/Code-of-Business-Conduct-and-Ethics-Italian.pdf
2026-07-15 15:24:17,https://investors.gates.com/governance/governance-documents/Translations-Code-of-BCE/,Code of Business Conduct and Ethics (Japanese),https://s22.q4cdn.com/277773419/files/doc_downloads/governance_documents/Translations/2026/Code-of-Business-Conduct-and-Ethics-Japanese.pdf
2026-07-15 15:24:17,https://investors.gates.com/governance/governance-documents/Translations-Code-of-BCE/,Code of Business Conduct and Ethics (Korean),https://s22.q4cdn.com/277773419/files/doc_downloads/governance_documents/Translations/2026/Code-of-Business-Conduct-and-Ethics-Korean.pdf
2026-07-15 15:24:17,https://investors.gates.com/governance/governance-documents/Translations-Code-of-BCE/,Code of Business Conduct and Ethics (Polish),https://s22.q4cdn.com/277773419/files/doc_downloads/governance_documents/Translations/2026/Code-of-Business-Conduct-and-Ethics-Polish.pdf
2026-07-15 15:24:17,https://investors.gates.com/governance/governance-documents/Translations-Code-of-BCE/,Code of Business Conduct and Ethics (Portuguese),https://s22.q4cdn.com/277773419/files/doc_downloads/governance_documents/Translations/2026/Code-of-Business-Conduct-and-Ethics-Portuguese.pdf
2026-07-15 15:24:17,https://investors.gates.com/governance/governance-documents/Translations-Code-of-BCE/,Code of Business Conduct and Ethics (Russian),https://s22.q4cdn.com/277773419/files/doc_downloads/governance_documents/Translations/2026/Code-of-Business-Conduct-and-Ethics-Russian.pdf
2026-07-15 15:24:17,https://investors.gates.com/governance/governance-documents/Translations-Code-of-BCE/,Code of Business Conduct and Ethics (Spanish - Latin America),https://s22.q4cdn.com/277773419/files/doc_downloads/governance_documents/Translations/2026/Code-of-Business-Conduct-and-Ethics-Spanish-Latin-America.pdf
2026-07-15 15:24:17,https://investors.gates.com/governance/governance-documents/Translations-Code-of-BCE/,Code of Business Conduct and Ethics (Spanish - Spain),https://s22.q4cdn.com/277773419/files/doc_downloads/governance_documents/Translations/2026/Code-of-Business-Conduct-and-Ethics-Spanish-Spain.pdf
2026-07-15 15:24:17,https://investors.gates.com/governance/governance-documents/Translations-Code-of-BCE/,Code of Business Conduct and Ethics (Tamil),https://s22.q4cdn.com/277773419/files/doc_downloads/governance_documents/Translations/2026/Code-of-Business-Conduct-and-Ethics-Tamil.pdf
2026-07-15 15:24:17,https://investors.gates.com/governance/governance-documents/Translations-Code-of-BCE/,Code of Business Conduct and Ethics (Thai),https://s22.q4cdn.com/277773419/files/doc_downloads/governance_documents/Translations/2026/Code-of-Business-Conduct-and-Ethics-Thai.pdf
2026-07-15 15:24:17,https://investors.gates.com/governance/governance-documents/Translations-Code-of-BCE/,Code of Business Conduct and Ethics (Turkish),https://s22.q4cdn.com/277773419/files/doc_downloads/governance_documents/Translations/2026/Code-of-Business-Conduct-and-Ethics-Turkish.pdf
2026-07-15 15:24:17,https://www.sciencegroup.com/news/,"14 July, 2026 Transaction in own shares",https://www.sciencegroup.com/wp-content/uploads/2026/07/Buyback-13.07.2026.pdf
2026-07-15 15:24:17,https://brookdaleinvestors.com/governance/charters-and-guidelines/default.aspx,Compensation Committee Charter As Reviewed October 29 2025 e7eff5,https://s26.q4cdn.com/858530099/files/doc_document_list/2026/Jul/14/Compensation-Committee-Charter-As-Reviewed-October-29-2025-e7eff5.pdf
2026-07-15 15:24:17,https://www.ardaghmetalpackaging.com/esg/governance#risk-management,AMP+Green+financing+Framework+V1.0+(17112025),https://www.ardaghmetalpackaging.com/_assets/_f68e1a39078d21960ef2fa055a8625d2/ardaghmetalpackagingcorp/db/3898/37401/file/AMP+Green+financing+Framework+V1.0+%2817112025%29.pdf
2026-07-15 15:24:17,https://www.ardaghmetalpackaging.com/about-us/media-centre,AMP+Green+financing+Framework+V1.0+(17112025),https://www.ardaghmetalpackaging.com/_assets/_f68e1a39078d21960ef2fa055a8625d2/ardaghmetalpackagingcorp/db/3877/38818/file/AMP+Green+financing+Framework+V1.0+%2817112025%29.pdf
2026-07-15 15:24:17,https://www.ardaghmetalpackaging.com/about-us/media-centre,AMP+Human+rights+policy+statement+V1.2[EXT],https://www.ardaghmetalpackaging.com/_assets/_f68e1a39078d21960ef2fa055a8625d2/ardaghmetalpackagingcorp/db/3877/38799/file/AMP+Human+rights+policy+statement+V1.2%5BEXT%5D.pdf
2026-07-17 03:48:54,https://ir.teknova.com/financials/sec-filings,0001198230-26-000007.pdf 0001198230-26-000007.rtf 0001198230-26-000007.xls View HTML,https://ir.teknova.com/static-files/8e0f0242-6271-4941-bfd7-4697027dc669
2026-07-17 03:48:54,https://ir.teknova.com/financials/sec-filings,0001198230-26-000007.pdf 0001198230-26-000007.rtf 0001198230-26-000007.xls View HTML,https://ir.teknova.com/static-files/6d46a63d-e990-4724-9b9d-4378f354efdc
2026-07-17 03:48:54,https://ir.teknova.com/financials/sec-filings,0001198230-26-000007.pdf 0001198230-26-000007.rtf 0001198230-26-000007.xls View HTML,https://ir.teknova.com/static-files/3e84df97-de93-4a13-956f-9d885e7c497a
2026-07-17 03:48:54,https://www.ltts.com/investors/corporate-governance,Composition of Committees,https://www.ltts.com/sites/default/files/investors/corporate-gov/pdf/CommitteeComposition.pdf
2026-07-17 03:48:54,https://www.ltts.com/investors/exchange-announcements,"Newspaper advertisement of financial results of the Company for the quarter ended June 30, 2026",https://www.ltts.com/sites/default/files/investors/exchange-announcements/LTTSNewspaperadv15072026signed.pdf
2026-07-17 03:48:54,https://ir.fulcrumtx.com/financial-information/sec-filings,0001178579-26-000013.pdf 0001178579-26-000013.rtf 0001178579-26-000013.xls View HTML,https://ir.fulcrumtx.com/static-files/dff0d672-37f1-494c-b07a-beeb7dfad958
2026-07-17 03:48:54,https://ir.fulcrumtx.com/financial-information/sec-filings,0001178579-26-000013.pdf 0001178579-26-000013.rtf 0001178579-26-000013.xls View HTML,https://ir.fulcrumtx.com/static-files/9c516603-87ea-478c-be92-2174e5634407
2026-07-17 03:48:54,https://ir.fulcrumtx.com/financial-information/sec-filings,0001178579-26-000013.pdf 0001178579-26-000013.rtf 0001178579-26-000013.xls View HTML,https://ir.fulcrumtx.com/static-files/5faf5596-87cf-4413-ad2d-5740fb249ad8
2026-07-17 03:48:54,https://ir.fulcrumtx.com/financial-information/sec-filings,0001178579-26-000014.pdf 0001178579-26-000014.rtf 0001178579-26-000014.xls View HTML,https://ir.fulcrumtx.com/static-files/b364cc8a-7fac-474e-afa2-c5527f1149e7
2026-07-17 03:48:54,https://ir.fulcrumtx.com/financial-information/sec-filings,0001178579-26-000014.pdf 0001178579-26-000014.rtf 0001178579-26-000014.xls View HTML,https://ir.fulcrumtx.com/static-files/6babc4fe-e268-442a-bde1-b36ccff4cda0
2026-07-17 03:48:54,https://ir.fulcrumtx.com/financial-information/sec-filings,0001178579-26-000014.pdf 0001178579-26-000014.rtf 0001178579-26-000014.xls View HTML,https://ir.fulcrumtx.com/static-files/aa0cbaff-9b65-4e75-83c1-ca6b979e1809
2026-07-17 03:48:54,https://ir.fulcrumtx.com/financial-information/sec-filings,0001214659-26-008613.pdf 0001214659-26-008613.rtf 0001214659-26-008613.xls View HTML,https://ir.fulcrumtx.com/static-files/3147dfc3-4035-4a72-b54d-fbc04f671200
2026-07-17 03:48:54,https://ir.fulcrumtx.com/financial-information/sec-filings,0001214659-26-008613.pdf 0001214659-26-008613.rtf 0001214659-26-008613.xls View HTML,https://ir.fulcrumtx.com/static-files/a4cb65d6-c93a-44e3-9bb7-4adcbf49d112
2026-07-17 03:48:54,https://ir.fulcrumtx.com/financial-information/sec-filings,0001214659-26-008613.pdf 0001214659-26-008613.rtf 0001214659-26-008613.xls View HTML,https://ir.fulcrumtx.com/static-files/ee592b13-e264-41e1-ab54-64c528643afd
2026-07-17 03:48:54,https://ir.fathomrealty.com/,10-Q Filing,https://ir.fathomrealty.com/sec-filings/sec-filings/content/0001628280-26-048455/0001628280-26-048455.pdf
2026-07-17 03:48:54,https://www.adib.eg/investor-relations/financial-results,SOC English July 2026,https://www.adib.eg/media/157794/SOC_English_ July_2026.pdf
2026-07-17 03:48:54,https://www.tandemdiabetes.com/en-gb/legal,safety and clinical performance mobi ciq mobi mobile app rec0022195,https://assets.ctfassets.net/k5s5iz8jouwn/6zjanyUCwOaLqtHygiELiG/70f06d1e439f512ab24f3aafa4dc2a7c/safety-and-clinical-performance-mobi-ciq-mobi-mobile-app-rec0022195.pdf
2026-07-17 03:48:55,https://www.dalmiasugar.com/investors/,SE Intimation of AGM Proceedings and Voting Results - 10-07-2026,https://www.dalmiasugar.com/wp-content/uploads/2026/07/SE-Intimation-of-AGM-Proceedings-and-Voting-Results-10-07-2026.pdf
2026-07-17 03:48:55,https://www.dalmiasugar.com/investors/,Annual General Meeting – Transcript – 10-07-2026,https://www.dalmiasugar.com/wp-content/uploads/2026/07/Annual-General-Meeting-Transcript-10-07-2026.pdf
2026-07-17 03:48:55,https://www.dalmiasugar.com/investors/,SE Intimation of Acquisition and Change in SMP – 14-07-2026,https://www.dalmiasugar.com/wp-content/uploads/2026/07/SE-Intimation-of-Aquisition-and-Change-in-SMP-14-07-2026.pdf
2026-07-17 03:48:55,https://www.welspuncorp.com/company-disclosures.php,"Notice of Board Meeting held on 24th July, 2026",https://www.welspuncorp.com/uploads/investor_data/investorreport__1699.pdf
2026-07-17 03:48:55,https://www.thriven.com.my/investor-relations/corporate-governance,MINUTES OF THRIVEN'S 37TH AGM HELD ON 18 JUNE 2026,https://www.thriven.com.my/_files/ugd/26c5bb_06482e281dca4446b587a656ac910a17.pdf
2026-07-17 03:48:55,https://www.thriven.com.my/investor-relations/corporate-governance,KEY MATTERS DISCUSSED AT THRIVEN’S 36TH AGM HELD ON 18 JUNE 2026,https://www.thriven.com.my/_files/ugd/26c5bb_84e38e6d6a214a01a4dc1804298064be.pdf
2026-07-17 03:48:53,https://www.adib.com/en/pages/adib_sustainability.aspx,Green Sukuk Impact & Allocation Report 2024​,https://www.adib.ae/-/media/project/adib/adibsite/docs/esg-and-sustainability/reports/sustainability-report-2025-en.pdf
2026-07-17 03:48:53,https://www.eihltd.com/investors/disclosure/,After dispatch Newspaper advertisement for 76th Annual General Meeting,https://www.eihltd.com/-/media/eihltd/pdf-files/disclosure/annual-general-meeting/eih_stxinewspaperad2026.pdf
2026-07-17 03:48:53,https://www.tecsys.com/corporate-governance,Tecsys By Laws September 10 2020 1,https://www.tecsys.com/hubfs/Tecsys%20By-Laws%20September%2010%202020-1.pdf?hsLang=en
2026-07-17 03:48:53,https://www.tecsys.com/corporate-governance,Tecsys Fighting Against Forced Labour and Child Labour in Supply Chain Report,https://www.tecsys.com/hubfs/FY26%20Modern%20Slavery%20Report%20-%20English.pdf?hsLang=en
2026-07-17 03:48:53,https://www.clevelandcliffs.com/investors/financial-information/financial-results,2026 04 20 Cleveland Cliffs Reports First Quarter 2026 696,https://www.clevelandcliffs.com/_assets/_0797e0cd1f2b4107c9c680d4fd772abe/clevelandcliffs/news/2026-04-20_Cleveland_Cliffs_Reports_First_Quarter_2026_696.pdf
2026-07-17 03:48:53,https://www.clevelandcliffs.com/investors/financial-information/financial-results,2026 02 09 Cleveland Cliffs Reports Fourth Quarter and Full 693,https://www.clevelandcliffs.com/_assets/_0797e0cd1f2b4107c9c680d4fd772abe/clevelandcliffs/news/2026-02-09_Cleveland_Cliffs_Reports_Fourth_Quarter_and_Full_693.pdf
2026-07-17 03:48:53,https://www.clevelandcliffs.com/investors/financial-information/financial-results,2025 10 20 Cleveland Cliffs Reports Third Quarter 2025 686,https://www.clevelandcliffs.com/_assets/_0797e0cd1f2b4107c9c680d4fd772abe/clevelandcliffs/news/2025-10-20_Cleveland_Cliffs_Reports_Third_Quarter_2025_686.pdf
2026-07-17 03:48:53,https://www.clevelandcliffs.com/investors/financial-information/financial-results,2025 07 21 Cleveland Cliffs Reports Second Quarter 2025 678,https://www.clevelandcliffs.com/_assets/_0797e0cd1f2b4107c9c680d4fd772abe/clevelandcliffs/news/2025-07-21_Cleveland_Cliffs_Reports_Second_Quarter_2025_678.pdf
2026-07-17 03:48:53,https://www.clevelandcliffs.com/investors/financial-information/financial-results,2025 05 07 Cleveland Cliffs Reports First Quarter 2025 674,https://www.clevelandcliffs.com/_assets/_0797e0cd1f2b4107c9c680d4fd772abe/clevelandcliffs/news/2025-05-07_Cleveland_Cliffs_Reports_First_Quarter_2025_674.pdf
2026-07-17 03:48:53,https://www.clevelandcliffs.com/investors/financial-information/financial-results,2025 02 24 Cleveland Cliffs Reports Full Year and Fourth 670,https://www.clevelandcliffs.com/_assets/_0797e0cd1f2b4107c9c680d4fd772abe/clevelandcliffs/news/2025-02-24_Cleveland_Cliffs_Reports_Full_Year_and_Fourth_670.pdf
2026-07-17 03:48:53,https://www.clevelandcliffs.com/investors/financial-information/financial-results,2024 11 04 Cleveland Cliffs Reports Third Quarter 2024 662,https://www.clevelandcliffs.com/_assets/_0797e0cd1f2b4107c9c680d4fd772abe/clevelandcliffs/news/2024-11-04_Cleveland_Cliffs_Reports_Third_Quarter_2024_662.pdf
2026-07-17 03:48:53,https://www.clevelandcliffs.com/investors/financial-information/financial-results,2024 07 22 Cleveland Cliffs Reports Second Quarter 2024 645,https://www.clevelandcliffs.com/_assets/_0797e0cd1f2b4107c9c680d4fd772abe/clevelandcliffs/news/2024-07-22_Cleveland_Cliffs_Reports_Second_Quarter_2024_645.pdf
2026-07-17 03:48:53,https://www.clevelandcliffs.com/investors/financial-information/financial-results,2024 04 22 Cleveland Cliffs Reports First Quarter 2024 635,https://www.clevelandcliffs.com/_assets/_0797e0cd1f2b4107c9c680d4fd772abe/clevelandcliffs/news/2024-04-22_Cleveland_Cliffs_Reports_First_Quarter_2024_635.pdf
2026-07-17 03:48:53,https://www.clevelandcliffs.com/investors/financial-information/financial-results,2024 01 29 Cleveland Cliffs Reports Full Year and Fourth 621,https://www.clevelandcliffs.com/_assets/_0797e0cd1f2b4107c9c680d4fd772abe/clevelandcliffs/news/2024-01-29_Cleveland_Cliffs_Reports_Full_Year_and_Fourth_621.pdf
2026-07-17 03:48:53,https://www.clevelandcliffs.com/investors/financial-information/financial-results,2023 10 23 Cleveland Cliffs Reports Third Quarter 2023 609,https://www.clevelandcliffs.com/_assets/_0797e0cd1f2b4107c9c680d4fd772abe/clevelandcliffs/news/2023-10-23_Cleveland_Cliffs_Reports_Third_Quarter_2023_609.pdf
2026-07-17 03:48:53,https://www.clevelandcliffs.com/investors/financial-information/financial-results,2023 07 24 Cleveland Cliffs Reports Second Quarter 2023 599,https://www.clevelandcliffs.com/_assets/_0797e0cd1f2b4107c9c680d4fd772abe/clevelandcliffs/news/2023-07-24_Cleveland_Cliffs_Reports_Second_Quarter_2023_599.pdf
2026-07-17 03:48:53,https://www.clevelandcliffs.com/investors/financial-information/financial-results,2023 04 24 Cleveland Cliffs Reports First Quarter 2023 587,https://www.clevelandcliffs.com/_assets/_0797e0cd1f2b4107c9c680d4fd772abe/clevelandcliffs/news/2023-04-24_Cleveland_Cliffs_Reports_First_Quarter_2023_587.pdf
2026-07-17 03:48:53,https://www.clevelandcliffs.com/investors/financial-information/financial-results,2023 02 13 Cleveland Cliffs Reports Full Year and Fourth 572,https://www.clevelandcliffs.com/_assets/_0797e0cd1f2b4107c9c680d4fd772abe/clevelandcliffs/news/2023-02-13_Cleveland_Cliffs_Reports_Full_Year_and_Fourth_572.pdf
2026-07-17 03:48:53,https://www.clevelandcliffs.com/investors/financial-information/financial-results,2022 10 25 Cleveland Cliffs Reports Third Quarter 2022 560,https://www.clevelandcliffs.com/_assets/_0797e0cd1f2b4107c9c680d4fd772abe/clevelandcliffs/news/2022-10-25_Cleveland_Cliffs_Reports_Third_Quarter_2022_560.pdf
2026-07-17 03:48:53,https://www.clevelandcliffs.com/investors/financial-information/financial-results,2022 07 22 Cleveland Cliffs Reports Second Quarter 2022 553,https://www.clevelandcliffs.com/_assets/_0797e0cd1f2b4107c9c680d4fd772abe/clevelandcliffs/news/2022-07-22_Cleveland_Cliffs_Reports_Second_Quarter_2022_553.pdf
2026-07-17 03:48:53,https://www.clevelandcliffs.com/investors/financial-information/financial-results,2022 04 22 Cleveland Cliffs Reports First Quarter 2022 547,https://www.clevelandcliffs.com/_assets/_0797e0cd1f2b4107c9c680d4fd772abe/clevelandcliffs/news/2022-04-22_Cleveland_Cliffs_Reports_First_Quarter_2022_547.pdf
2026-07-17 03:48:53,https://www.clevelandcliffs.com/investors/financial-information/financial-results,2022 02 11 Cleveland Cliffs Reports Full Year and Fourth 541,https://www.clevelandcliffs.com/_assets/_0797e0cd1f2b4107c9c680d4fd772abe/clevelandcliffs/news/2022-02-11_Cleveland_Cliffs_Reports_Full_Year_and_Fourth_541.pdf
2026-07-17 03:48:53,https://www.clevelandcliffs.com/investors/financial-information/financial-results,2021 10 22 Cleveland Cliffs Reports Record Third Quarter 535,https://www.clevelandcliffs.com/_assets/_0797e0cd1f2b4107c9c680d4fd772abe/clevelandcliffs/news/2021-10-22_Cleveland_Cliffs_Reports_Record_Third_Quarter_535.pdf
2026-07-17 03:48:53,https://www.clevelandcliffs.com/investors/financial-information/financial-results,2021 07 22 Cleveland Cliffs Reports Record Second Quarter 526,https://www.clevelandcliffs.com/_assets/_0797e0cd1f2b4107c9c680d4fd772abe/clevelandcliffs/news/2021-07-22_Cleveland_Cliffs_Reports_Record_Second_Quarter_526.pdf
2026-07-17 03:48:53,https://www.clevelandcliffs.com/investors/financial-information/financial-results,2021 04 22 Cleveland Cliffs Reports First Quarter 2021 213,https://www.clevelandcliffs.com/_assets/_0797e0cd1f2b4107c9c680d4fd772abe/clevelandcliffs/news/2021-04-22_Cleveland_Cliffs_Reports_First_Quarter_2021_213.pdf
2026-07-17 03:48:53,https://www.clevelandcliffs.com/investors/financial-information/financial-results,2021 02 25 Cleveland Cliffs Reports Fourth Quarter and Full 210,https://www.clevelandcliffs.com/_assets/_0797e0cd1f2b4107c9c680d4fd772abe/clevelandcliffs/news/2021-02-25_Cleveland_Cliffs_Reports_Fourth_Quarter_and_Full_210.pdf
2026-07-17 03:48:53,https://www.clevelandcliffs.com/investors/financial-information/financial-results,2020 10 23 Cleveland Cliffs Inc Reports Third Quarter 2020 11,https://www.clevelandcliffs.com/_assets/_0797e0cd1f2b4107c9c680d4fd772abe/clevelandcliffs/news/2020-10-23_Cleveland_Cliffs_Inc_Reports_Third_Quarter_2020_11.pdf
2026-07-17 03:48:53,https://www.clevelandcliffs.com/investors/financial-information/financial-results,2020 07 30 Cleveland Cliffs Inc Reports Second Quarter 2020 14,https://www.clevelandcliffs.com/_assets/_0797e0cd1f2b4107c9c680d4fd772abe/clevelandcliffs/news/2020-07-30_Cleveland_Cliffs_Inc_Reports_Second_Quarter_2020_14.pdf
2026-07-17 03:48:53,https://www.clevelandcliffs.com/investors/financial-information/financial-results,2020 05 11 Cleveland Cliffs Inc Reports First Quarter 2020 22,https://www.clevelandcliffs.com/_assets/_0797e0cd1f2b4107c9c680d4fd772abe/clevelandcliffs/news/2020-05-11_Cleveland_Cliffs_Inc_Reports_First_Quarter_2020_22.pdf
2026-07-17 03:48:53,https://www.clevelandcliffs.com/investors/financial-information/financial-results,2020 02 20 Cleveland Cliffs Inc Reports Fourth Quarter and 43,https://www.clevelandcliffs.com/_assets/_0797e0cd1f2b4107c9c680d4fd772abe/clevelandcliffs/news/2020-02-20_Cleveland_Cliffs_Inc_Reports_Fourth_Quarter_and_43.pdf
2026-07-17 03:48:53,https://www.clevelandcliffs.com/investors/financial-information/financial-results,2019 10 23 Cleveland Cliffs Inc Reports Third Quarter 2019 53,https://www.clevelandcliffs.com/_assets/_0797e0cd1f2b4107c9c680d4fd772abe/clevelandcliffs/news/2019-10-23_Cleveland_Cliffs_Inc_Reports_Third_Quarter_2019_53.pdf
2026-07-17 03:48:53,https://www.clevelandcliffs.com/investors/financial-information/financial-results,2019 07 19 Cleveland Cliffs Inc Reports Second Quarter 2019 59,https://www.clevelandcliffs.com/_assets/_0797e0cd1f2b4107c9c680d4fd772abe/clevelandcliffs/news/2019-07-19_Cleveland_Cliffs_Inc_Reports_Second_Quarter_2019_59.pdf
2026-07-17 03:48:53,https://www.clevelandcliffs.com/investors/financial-information/financial-results,2019 04 25 Cleveland Cliffs Inc Reports First Quarter 2019 68,https://www.clevelandcliffs.com/_assets/_0797e0cd1f2b4107c9c680d4fd772abe/clevelandcliffs/news/2019-04-25_Cleveland_Cliffs_Inc_Reports_First_Quarter_2019_68.pdf
2026-07-17 03:48:53,https://www.clevelandcliffs.com/investors/financial-information/financial-results,2019 02 08 Cleveland Cliffs Inc Reports Fourth Quarter and 72,https://www.clevelandcliffs.com/_assets/_0797e0cd1f2b4107c9c680d4fd772abe/clevelandcliffs/news/2019-02-08_Cleveland_Cliffs_Inc_Reports_Fourth_Quarter_and_72.pdf
2026-07-17 03:48:53,https://www.clevelandcliffs.com/investors/financial-information/financial-results,2018 10 19 Cleveland Cliffs Inc Reports Third Quarter 2018 78,https://www.clevelandcliffs.com/_assets/_0797e0cd1f2b4107c9c680d4fd772abe/clevelandcliffs/news/2018-10-19_Cleveland_Cliffs_Inc_Reports_Third_Quarter_2018_78.pdf
2026-07-17 03:48:53,https://www.clevelandcliffs.com/investors/financial-information/financial-results,2018 07 20 Cleveland Cliffs Inc Reports Second Quarter 2018 86,https://www.clevelandcliffs.com/_assets/_0797e0cd1f2b4107c9c680d4fd772abe/clevelandcliffs/news/2018-07-20_Cleveland_Cliffs_Inc_Reports_Second_Quarter_2018_86.pdf
2026-07-17 03:48:53,https://www.clevelandcliffs.com/investors/financial-information/financial-results,2018 04 20 Cleveland Cliffs Inc Reports First Quarter 2018 90,https://www.clevelandcliffs.com/_assets/_0797e0cd1f2b4107c9c680d4fd772abe/clevelandcliffs/news/2018-04-20_Cleveland_Cliffs_Inc_Reports_First_Quarter_2018_90.pdf
2026-07-17 03:48:53,https://www.clevelandcliffs.com/investors/financial-information/financial-results,2018 01 25 Cleveland Cliffs Inc Reports Fourth Quarter and 96,https://www.clevelandcliffs.com/_assets/_0797e0cd1f2b4107c9c680d4fd772abe/clevelandcliffs/news/2018-01-25_Cleveland_Cliffs_Inc_Reports_Fourth_Quarter_and_96.pdf
2026-07-17 03:48:53,https://www.clevelandcliffs.com/investors/financial-information/financial-results,2017 10 20 Cleveland Cliffs Inc Reports Third Quarter 2017 106,https://www.clevelandcliffs.com/_assets/_0797e0cd1f2b4107c9c680d4fd772abe/clevelandcliffs/news/2017-10-20_Cleveland_Cliffs_Inc_Reports_Third_Quarter_2017_106.pdf
2026-07-17 03:48:53,https://www.clevelandcliffs.com/investors/financial-information/financial-results,2008 05 05 Cleveland Cliffs Inc Reports First Quarter 2008 144,https://www.clevelandcliffs.com/_assets/_0797e0cd1f2b4107c9c680d4fd772abe/clevelandcliffs/news/2008-05-05_Cleveland_Cliffs_Inc_Reports_First_Quarter_2008_144.pdf
2026-07-17 03:48:53,https://www.clevelandcliffs.com/investors/financial-information/financial-results,2008 02 21 Cleveland Cliffs Inc Reports Fourth Quarter and 153,https://www.clevelandcliffs.com/_assets/_0797e0cd1f2b4107c9c680d4fd772abe/clevelandcliffs/news/2008-02-21_Cleveland_Cliffs_Inc_Reports_Fourth_Quarter_and_153.pdf
2026-07-17 03:48:53,https://www.clevelandcliffs.com/investors/financial-information/financial-results,2007 11 01 Cleveland Cliffs Inc Reports Third Quarter 164,https://www.clevelandcliffs.com/_assets/_0797e0cd1f2b4107c9c680d4fd772abe/clevelandcliffs/news/2007-11-01_Cleveland_Cliffs_Inc_Reports_Third_Quarter_164.pdf
2026-07-17 03:48:53,https://www.clevelandcliffs.com/investors/financial-information/financial-results,2007 07 26 Cleveland Cliffs Reports Second Quarter 177,https://www.clevelandcliffs.com/_assets/_0797e0cd1f2b4107c9c680d4fd772abe/clevelandcliffs/news/2007-07-26_Cleveland_Cliffs_Reports_Second_Quarter_177.pdf
2026-07-17 03:48:53,https://www.clevelandcliffs.com/investors/financial-information/financial-results,2007 02 21 Cleveland Cliffs Reports Record Revenues and 203,https://www.clevelandcliffs.com/_assets/_0797e0cd1f2b4107c9c680d4fd772abe/clevelandcliffs/news/2007-02-21_Cleveland_Cliffs_Reports_Record_Revenues_and_203.pdf
2026-07-17 03:48:54,https://www.bharatforge.com/investors/reports/annual-reports,Annual Report for 2026,https://www.bharatforge.com/assets/pdf/investors/Bharat-Forge-IR-2026.pdf
2026-07-17 03:48:54,https://www.clevelandcliffs.com/news/fact-center,"Nicholas Kohlhas - Executive Vice President, Operations",https://www.clevelandcliffs.com/_assets/_0797e0cd1f2b4107c9c680d4fd772abe/clevelandcliffs/db/1188/12086/file/CLF_ExecBio_Kohlhas_062026.pdf
2026-07-17 03:48:54,https://www.clevelandcliffs.com/news/fact-center,CC FactSheet BurnsHarbor 062026,https://www.clevelandcliffs.com/_assets/_0797e0cd1f2b4107c9c680d4fd772abe/clevelandcliffs/db/1188/10379/file/CC_FactSheet_BurnsHarbor_062026.pdf
2026-07-17 03:48:54,https://www.clevelandcliffs.com/news/fact-center,CLF FactSheet DearbornWorks 72026,https://www.clevelandcliffs.com/_assets/_0797e0cd1f2b4107c9c680d4fd772abe/clevelandcliffs/db/1188/10391/file/CLF_FactSheet_DearbornWorks_72026.pdf
2026-07-17 03:48:54,https://www.clevelandcliffs.com/news/fact-center,CC FactSheet MansfieldWorks 072026,https://www.clevelandcliffs.com/_assets/_0797e0cd1f2b4107c9c680d4fd772abe/clevelandcliffs/db/1188/10392/file/CC_FactSheet_MansfieldWorks_072026.pdf
2026-07-17 03:48:54,https://www.clevelandcliffs.com/news/fact-center,CLF CC FactSheet Warren 062026,https://www.clevelandcliffs.com/_assets/_0797e0cd1f2b4107c9c680d4fd772abe/clevelandcliffs/db/1188/10373/file/CLF_CC_FactSheet_Warren_062026.pdf
2026-07-17 03:48:54,https://www.alokind.com/financialresult.html,Results Q1 30062026,https://www.alokind.com/assets/pdf/investor-relations/financial-results/quaterly-financial-results/2026-27/Results_Q1_30062026.pdf
2026-07-17 03:48:54,https://investor.stoketherapeutics.com/governance/,R&D Committee Charter,https://investor.stoketherapeutics.com/static-files/b0e3a6a9-a07f-469d-8756-ce7233f91a01
2026-07-17 03:48:54,https://ir.navitassemi.com/financial-information,0001595888-26-000073.pdf 0001595888-26-000073.rtf 0001595888-26-000073.xls View HTML,https://ir.navitassemi.com/static-files/efc1af37-45e3-43ec-82f3-64333439700c
2026-07-17 03:48:54,https://ir.navitassemi.com/financial-information,0001595888-26-000073.pdf 0001595888-26-000073.rtf 0001595888-26-000073.xls View HTML,https://ir.navitassemi.com/static-files/8d4b8d89-7a9d-489e-8b6e-f36e9b0d09eb
2026-07-17 03:48:54,https://ir.navitassemi.com/financial-information,0001595888-26-000073.pdf 0001595888-26-000073.rtf 0001595888-26-000073.xls View HTML,https://ir.navitassemi.com/static-files/6aeb4b0b-bcca-4d12-b3b9-f937c4c3bdaf
2026-07-17 03:48:54,https://www.sterlingandwilsonre.com/investor-relations/financials,Q1 FY 2026-27 30 June 2026,https://www.sterlingandwilsonre.com/pdf/Quarterly_Results/2026-27/Financials.pdf
2026-07-17 03:48:53,https://www.sciencegroup.com/news/,"16 July, 2026 Transaction in own shares",https://www.sciencegroup.com/wp-content/uploads/2026/07/Buyback-15.07.2026.pdf
2026-07-17 03:48:53,https://investors.southside.com/corporate-overview/documents/default.aspx,SBSI Innovation Digital Banking and IT Committee Charter July 2026 For Approval 136135,https://s202.q4cdn.com/147044628/files/doc_document_list/2026/Jul/13/SBSI-Innovation-Digital-Banking-and-IT-Committee-Charter-July-2026_For-Approval-136135.pdf
2026-07-17 03:48:53,https://inwestor.asseco.com/en/about-asseco/corporate-governance/egm/2026/,22 2026 ogloszenie o zwolaniu NWZ 1,https://inwestor.asseco.com/files/investor/uploads/22_2026_ogloszenie_o_zwolaniu_NWZ__1_.pdf
2026-07-17 03:48:53,https://inwestor.asseco.com/en/about-asseco/corporate-governance/egm/2026/,Annex 1 to the Announcement about convening the General Meeting,https://inwestor.asseco.com/files/investor/uploads/22_2026_Zal_1_do_Ogloszenia_NWZ_Asseco_Poland.pdf
2026-07-17 03:48:53,https://inwestor.asseco.com/en/about-asseco/corporate-governance/egm/2026/,22 2026 Asseco Poland NWZ projekty uchwal z zala cznikami,https://inwestor.asseco.com/files/investor/uploads/22_2026_Asseco_Poland_NWZ_projekty_uchwal_z_zala__cznikami_.pdf
2026-07-17 03:48:53,https://inwestor.asseco.com/en/about-asseco/corporate-governance/egm/2026/,2026 08 12 Voting form EGM Asseco Poland,https://inwestor.asseco.com/files/investor/uploads/2026_08_12_Voting_form_EGM_Asseco_Poland.pdf
2026-07-17 03:48:53,https://inwestor.asseco.com/en/about-asseco/corporate-governance/egm/2026/,Total number of shares and votes,https://inwestor.asseco.com/files/investor/uploads/Total_number_of_shares_and_votes.pdf
2026-07-17 17:37:34,https://www.sbicard.com/en/who-we-are/corporate-announcements.page,Intimation of the Board Meeting – 24.07.2026,https://www.sbicard.com/sbi-card-en/assets/docs/pdf/who-we-are/notices/Intimation-of-the-Board-Meeting-24-07-2026.pdf
2026-07-17 17:37:34,https://www.ltts.com/media-kit,Factsheet Q1FY27,https://www.ltts.com/sites/default/files/2026-07/Factsheet-Q1FY27.pdf
2026-07-17 17:37:34,https://www.ltts.com/media-kit,Corporate Brochure Q1FY27,https://www.ltts.com/sites/default/files/2026-07/Corporate%20Brochure-Q1FY27.pdf
2026-07-17 17:37:34,https://www.christianberner.com/en/investors/reports-andpresentations/annual-reports/,berner industrier q2 2026 eng 260717,https://www.bernerindustrier.se/en/wp-content/uploads/sites/2/2021/10/berner-industrier-q2-2026-eng-260717.pdf
2026-07-17 17:37:34,https://www.dalmiacement.com/investors-relations/shareholders-Information,Intimation Reaffirmation of ESG Rating by ICRA -17.07.2026,https://www.dalmiacement.com/assets/pdf/shareholder-Information/credit-rating/fy27/Reaffirmation of ESG Rating by ICRA -17.07.2026.pdf
2026-07-17 17:37:34,https://ir.fulcrumtx.com/financial-information/sec-filings,0002052113-26-000745.pdf 0002052113-26-000745.rtf 0002052113-26-000745.xls View HTML,https://ir.fulcrumtx.com/static-files/13a9e994-24fe-49fa-9a6e-c15371797f0e
2026-07-17 17:37:34,https://ir.fulcrumtx.com/financial-information/sec-filings,0002052113-26-000745.pdf 0002052113-26-000745.rtf 0002052113-26-000745.xls View HTML,https://ir.fulcrumtx.com/static-files/c45292b5-db26-471c-a908-7f78862afc08
2026-07-17 17:37:34,https://ir.fulcrumtx.com/financial-information/sec-filings,0002052113-26-000745.pdf 0002052113-26-000745.rtf 0002052113-26-000745.xls View HTML,https://ir.fulcrumtx.com/static-files/26dbf0a7-cd46-4d7a-adb3-d1c020c3ce49
2026-07-17 17:37:34,https://ir.cadeler.com/financials/financial-results,Cadeler+ +Press+Release+ +Q1+2026+Earnings+Release,https://ir.cadeler.com/_assets/_282352ef1bc186d2f338957615aec42a/cadeler/db/947/9803/earnings_release/Cadeler+-+Press+Release+-+Q1+2026+Earnings+Release.pdf
2026-07-17 17:37:34,https://ir.cadeler.com/financials/financial-results,Cadeler+ +IR+Presentation+ +Q1+2026,https://ir.cadeler.com/_assets/_282352ef1bc186d2f338957615aec42a/cadeler/db/947/9803/presentation/Cadeler+-+IR+Presentation+-+Q1+2026.pdf
2026-07-17 17:37:34,https://ir.cadeler.com/financials/financial-results,Cadeler+ +Q1+2026+Earnings+Release,https://ir.cadeler.com/_assets/_282352ef1bc186d2f338957615aec42a/cadeler/db/947/9803/quarterly_report/Cadeler+-+Q1+2026+Earnings+Release.pdf
2026-07-17 17:37:34,https://www.technotrans.com/company/supervisory-board,TEC CV Brand 17.07.26 EN,https://www.technotrans.com/fileadmin/user_upload/Unternehmen/PDFs_der_Lebenslaeufe/TEC_CV_Brand_17.07.26_EN.pdf
2026-07-17 17:37:34,https://www.bridgepoint.eu/,bridgepoint group interim report 2026.downloadasset,https://www.bridgepoint.eu/content/dam/bridgepoint/corporate2022/documents/financial-information/results_reports_presentations/2026/bridgepoint-group-interim-report-2026.pdf.downloadasset.pdf
2026-07-17 17:37:34,https://www.bridgepoint.eu/shareholders/results-reports-and-presentations,bridgepoint group interim results 2026 announcement.downloadasset,https://www.bridgepoint.eu/content/dam/bridgepoint/corporate2022/documents/financial-information/results_reports_presentations/2026/bridgepoint-group-interim-results-2026-announcement.pdf.downloadasset.pdf
2026-07-17 17:37:34,https://www.bridgepoint.eu/shareholders/results-reports-and-presentations,bridgepoint group interim results 2026 presentation.downloadasset,https://www.bridgepoint.eu/content/dam/bridgepoint/corporate2022/documents/financial-information/results_reports_presentations/2026/bridgepoint-group-interim-results-2026-presentation.pdf.downloadasset.pdf
2026-07-17 17:37:34,https://www.primefocus.com/investor-centre/resources/,Reg30 CIRP Closure PFL,https://www.primefocus.com/wp-content/uploads/2026/07/Reg30_CIRP-Closure_PFL.pdf
2026-07-17 17:37:34,https://eclerx.com/investors/corporate-governance/policies/,Shareholding Pattern 30.06.2026,https://eclerx.com/wp-content/uploads/2026/07/Shareholding-Pattern-30062026-Website.pdf
2026-07-17 17:37:34,https://www.iifl.com/finance/disclosures-under-regulation-46-and-62-sebi-lodr-regulations,Disclosure of contact details of Key Managerial Personnel authorized for determining materiality under Regulation 30,https://nbfciiflprodstg.blob.core.windows.net/iifl-finance-storage/files/2024-03/SE_AuthorizationKMPsDetermineMateriality.pdf 
2026-07-17 17:37:34,https://www.iifl.com/finance/disclosures-under-regulation-46-and-62-sebi-lodr-regulations,Interest Rate & Charges Policy,https://nbfciiflprodstg.blob.core.windows.net/iifl-finance-storage/files/2024-07/Interest%20Rate%20%26%20Charges%20Policy.pdf
2026-07-17 17:37:34,https://www.iifl.com/finance/disclosures-under-regulation-46-and-62-sebi-lodr-regulations,Corporate Governance Policy,https://nbfciiflprodstg.blob.core.windows.net/iifl-finance-storage/files/2026-06/Corporate_Governance_Policy.pdf
2026-07-17 17:37:34,https://www.iifl.com/finance/disclosures-under-regulation-46-and-62-sebi-lodr-regulations,Recovery Agencies & DSA,https://nbfciiflprodstg.blob.core.windows.net/iifl-finance-storage/files/2024-05/Recovery%20Agencies.pdf
2026-07-17 17:37:34,https://www.iifl.com/finance/disclosures-under-regulation-46-and-62-sebi-lodr-regulations,List of Terminated Service Provider,https://nbfciiflprodstg.blob.core.windows.net/iifl-storage/files/2024-12/List%20of%20Terminated%20Service%20Provider.pdf
2026-07-17 17:37:34,https://www.iifl.com/finance/disclosures-under-regulation-46-and-62-sebi-lodr-regulations,Information on secured assets possessed under the SARFAESI Act,https://nbfciiflprodstg.blob.core.windows.net/iifl-storage/files/2024-05/Information%20on%20secured%20assets%20possessed%20under%20the%20SARFAESI%20Act.pdf
2026-07-17 17:37:34,https://www.iifl.com/finance/disclosures-under-regulation-46-and-62-sebi-lodr-regulations,Policy on Appointment of Statutory Auditors of the Company,https://nbfciiflprodstg.blob.core.windows.net/iifl-finance-storage/files/2026-06/Policy_on_Appointment_of_Statutory_Auditors_of_the_Company.pdf
2026-07-17 17:37:34,https://www.freedomholdingcorp.com/investors/esg-for-investors,Tear+Sheet,https://d1io3yog0oux5.cloudfront.net/_43cc26a306602d9d745fa1ad5815a620/freedomholdingcorp/files/Tear+Sheet.pdf
2026-07-17 17:37:35,https://www.procredit-holding.com/downloads/#sustainability,Plastic Policy 2026,https://www.procredit-holding.com/wp-content/uploads/2026/07/Plastic-Policy-2026.pdf
2026-07-17 17:37:35,https://www.manappuram.com/investors/notice-to-shareholders.html,"E-voting results of the Extra-ordinary General Meeting held on July 14, 2026, together with the Scrutinizer’s Report",https://www.manappuram.com/sites/default/files/2026-07/81_c525eee7-0016-44fb-872d-e4bc2782bae6.pdf
2026-07-17 17:37:35,https://www.relaxofootwear.com/pages/shareholding-pattern,Q1 as on 30.06.2026,https://cdn.shopify.com/s/files/1/0673/0003/2740/files/Q1_as_on_30.06.2026.pdf?v=1784263965
2026-07-17 17:37:35,https://www.betssonab.com/en/reports-and-presentations,Report,https://www.betssonab.com/sites/default/files/pr/202607169728-1.pdf?ts=1784266635
2026-07-17 17:37:35,https://www.freedomholdingcorp.com/investors,2026 06 01 Freedom Holding Corp FRHC Reports 2026 99,https://d1io3yog0oux5.cloudfront.net/_43cc26a306602d9d745fa1ad5815a620/freedomholdingcorp/news/2026-06-01_Freedom_Holding_Corp_FRHC_Reports_2026_99.pdf
2026-07-17 17:37:35,https://www.freedomholdingcorp.com/investors,20260602+ +Corporate+presentation+ +Freedom+Holding+Corp,https://d1io3yog0oux5.cloudfront.net/_43cc26a306602d9d745fa1ad5815a620/freedomholdingcorp/db/357/3297/pdf/20260602+-+Corporate+presentation+-+Freedom+Holding+Corp.pdf
2026-07-17 17:37:33,https://www.hermle.de/en/news-media/downloads/,1.2.1 PSIRT Coordinated Vulnerability Disclosure CVD Policy der Maschinenfabrik Berthold HERMLE AG 1EN,https://www.hermle.de/fileadmin/website/2_BEARBEITUNGSZENTREN_AUTOMATION/2_5_Digitale_Bausteine/Produktsicherheit/1.2.1_-_PSIRT___Coordinated_Vulnerability_Disclosure__CVD__Policy_der_Maschinenfabrik_Berthold_HERMLE_AG_1EN.pdf
2026-07-17 17:37:33,https://www.sapphirefoods.in/investors-relation/updates,Sapphire Foods - BM Intimation - 17-07-2026,https://www.sapphirefoods.in/storage/app/media/sapphire-foods-bm-intimation-17-07-2026.pdf
2026-07-17 17:37:35,https://www.iifl.com/finance/corporate-governance,Policy on Determining Fit and Proper Person for appointment as Director,https://nbfciiflprodstg.blob.core.windows.net/iifl-finance-storage/files/2026-06/Policy_on_Determining_Fit_and_Proper_Person_for_appointment_as_Director.pdf
2026-07-17 17:37:35,https://www.iifl.com/finance/corporate-governance,Dividend Distribution Policy,https://nbfciiflprodstg.blob.core.windows.net/iifl-finance-storage/files/2026-06/Dividend_Distribution_Policy.pdf
2026-07-17 17:37:35,https://www.shareindia.com/about-us/investor-relations,"Board Meeting Intimation for Meeting to be held on July 24, 2026",https://www.shareindia.com/wp-content/uploads/data/uploads/Investor_Relations_Files/Reg29PriorIntimation_final_17072026.pdf
2026-07-17 17:37:32,https://www.bharatforge.com/investors/reports/annual-reports,Subsidiary AR 2025 - 2026,https://www.bharatforge.com/assets/pdf/investors/AR-25-26-Final-for-WEB.pdf
2026-07-17 17:37:32,https://www.axiata.com/our-business/corporate-structure,"Explore how Axiata, together with our operating companies, subsidiaries, and strategic affiliates, drives impactful growth across Asia’s diverse digital landscape.",https://www.axiata.com/media/qe1pn0va/corp-structure-as-at-30062026.pdf
2026-07-17 17:37:32,https://www.greenlandscaping.com/investors/reports-presentations/,2026-07-17 07:00 CEST Interim report January-June 2026,https://www.greenlandscaping.com/files/mfn/6aafcdd8-e6eb-4f6b-9f49-16e0071ca4c9/gl-group-q2-2026-english.pdf
2026-07-17 17:37:32,https://www.greenlandscaping.com/investors/reports-presentations/,2026-07-17 07:00 CEST Interim report January-June 2026,https://www.greenlandscaping.com/files/Presentations/2026/gl-group-q2-2026-presentation.pdf
2026-07-17 17:37:32,https://www.iifl.com/finance/investor-relations/financials,Annual Report with Notice 2025 2026,https://nbfciiflprodstg.blob.core.windows.net/iifl-finance-storage/files/investor/financials/Annual_Report_with_Notice_2025-2026.pdf
2026-07-17 17:37:32,https://www.iifl.com/finance/investor-relations/financials,Draft MGT 7 2025 26,https://nbfciiflprodstg.blob.core.windows.net/iifl-finance-storage/files/investor/financials/Draft_MGT-7_2025-26.pdf
2026-07-17 17:37:32,https://www.iifl.com/finance/investor-relations/financials,IIFL Home Finance Signed FS 2025 2026,https://nbfciiflprodstg.blob.core.windows.net/iifl-finance-storage/files/investor/financials/IIFL_Home_Finance_Signed_FS_2025-2026.pdf
2026-07-17 17:37:32,https://www.iifl.com/finance/investor-relations/financials,IIFL Samasta Signed FS 2025 2026,https://nbfciiflprodstg.blob.core.windows.net/iifl-finance-storage/files/investor/financials/IIFL_Samasta_Signed_FS_2025-2026.pdf
2026-07-17 17:37:32,https://www.iifl.com/finance/investor-relations/financials,IIFL Fintech Signed FS 2025 2026,https://nbfciiflprodstg.blob.core.windows.net/iifl-finance-storage/files/investor/financials/IIFL_Fintech_Signed_FS_2025-2026.pdf
2026-07-17 17:37:32,https://ir.navitassemi.com/financial-information,0001595888-26-000073.pdf 0001595888-26-000073.rtf 0001595888-26-000073.xls View HTML,https://ir.navitassemi.com/static-files/3551b6b5-9b06-4e7e-b216-8c507323bb64
2026-07-17 17:37:32,https://ir.navitassemi.com/financial-information,0001595888-26-000073.pdf 0001595888-26-000073.rtf 0001595888-26-000073.xls View HTML,https://ir.navitassemi.com/static-files/b2d52fa6-9d91-4467-b3d5-97f5df77d043
2026-07-17 17:37:32,https://ir.navitassemi.com/financial-information,0001595888-26-000073.pdf 0001595888-26-000073.rtf 0001595888-26-000073.xls View HTML,https://ir.navitassemi.com/static-files/406f7cb4-144c-4d49-b4c0-0239f6380287
2026-07-17 17:37:32,https://ir.navitassemi.com/financial-information,0001104659-26-081576.pdf 0001104659-26-081576.rtf 0001104659-26-081576.xls EX-101.SCH - XBRL TAXONOMY EXTENSION SCHEMA View HTML,https://ir.navitassemi.com/static-files/cdcfdf2d-5000-4380-84a4-cc7e156ff01b
2026-07-17 17:37:32,https://ir.navitassemi.com/financial-information,0001104659-26-081576.pdf 0001104659-26-081576.rtf 0001104659-26-081576.xls EX-101.SCH - XBRL TAXONOMY EXTENSION SCHEMA View HTML,https://ir.navitassemi.com/static-files/b655521a-5393-4775-a663-5276a14a612d
2026-07-17 17:37:32,https://ir.navitassemi.com/financial-information,0001104659-26-081576.pdf 0001104659-26-081576.rtf 0001104659-26-081576.xls EX-101.SCH - XBRL TAXONOMY EXTENSION SCHEMA View HTML,https://ir.navitassemi.com/static-files/3371e86b-48a4-4a3a-971e-eb8a787fe787
2026-07-17 17:37:32,https://ir.navitassemi.com/financial-information,0001104659-26-078274.pdf 0001104659-26-078274.rtf 0001104659-26-078274.xls EX-101.SCH - XBRL TAXONOMY EXTENSION SCHEMA View HTML,https://ir.navitassemi.com/static-files/ac050a48-2306-41e4-87f6-4237e794ce0c
2026-07-17 17:37:32,https://ir.navitassemi.com/financial-information,0001104659-26-078274.pdf 0001104659-26-078274.rtf 0001104659-26-078274.xls EX-101.SCH - XBRL TAXONOMY EXTENSION SCHEMA View HTML,https://ir.navitassemi.com/static-files/deb8c7f5-fb8b-4286-b5c8-5482e4ee17a7
2026-07-17 17:37:32,https://ir.navitassemi.com/financial-information,0001104659-26-078274.pdf 0001104659-26-078274.rtf 0001104659-26-078274.xls EX-101.SCH - XBRL TAXONOMY EXTENSION SCHEMA View HTML,https://ir.navitassemi.com/static-files/985a93af-0d6d-4005-914a-118c9fe17be5
2026-07-17 17:37:32,https://ir.navitassemi.com/financial-information,0001104659-26-074127.pdf 0001104659-26-074127.rtf 0001104659-26-074127.xls EX-101.SCH - XBRL TAXONOMY EXTENSION SCHEMA View HTML,https://ir.navitassemi.com/static-files/b10e6e2a-8adf-4c34-b3f7-2915b28f050d
2026-07-17 17:37:32,https://ir.navitassemi.com/financial-information,0001104659-26-074127.pdf 0001104659-26-074127.rtf 0001104659-26-074127.xls EX-101.SCH - XBRL TAXONOMY EXTENSION SCHEMA View HTML,https://ir.navitassemi.com/static-files/2d855792-9f01-4dde-9a21-6b167a7d9a29
2026-07-17 17:37:32,https://ir.navitassemi.com/financial-information,0001104659-26-074127.pdf 0001104659-26-074127.rtf 0001104659-26-074127.xls EX-101.SCH - XBRL TAXONOMY EXTENSION SCHEMA View HTML,https://ir.navitassemi.com/static-files/36c71d3d-f94a-4116-8681-1b3a22ddeae6
2026-07-17 17:37:32,https://ir.navitassemi.com/financial-information,0001104659-26-072945.pdf 0001104659-26-072945.rtf 0001104659-26-072945.xls View HTML,https://ir.navitassemi.com/static-files/fb114ef4-eaf5-464b-9ed6-8056492184b2
2026-07-17 17:37:32,https://ir.navitassemi.com/financial-information,0001104659-26-072945.pdf 0001104659-26-072945.rtf 0001104659-26-072945.xls View HTML,https://ir.navitassemi.com/static-files/d590e996-0244-40c5-81c9-695fee424bbd
2026-07-17 17:37:32,https://ir.navitassemi.com/financial-information,0001104659-26-072945.pdf 0001104659-26-072945.rtf 0001104659-26-072945.xls View HTML,https://ir.navitassemi.com/static-files/96dc6c58-6619-4ba7-b789-ef1bc43dfd89
2026-07-17 17:37:32,https://ir.navitassemi.com/financial-information,0001104659-26-071850.pdf 0001104659-26-071850.rtf 0001104659-26-071850.xls EX-101.SCH - XBRL TAXONOMY EXTENSION SCHEMA View HTML,https://ir.navitassemi.com/static-files/879731ff-f062-4e46-ba8d-b2568fe701f6
2026-07-17 17:37:32,https://ir.navitassemi.com/financial-information,0001104659-26-071850.pdf 0001104659-26-071850.rtf 0001104659-26-071850.xls EX-101.SCH - XBRL TAXONOMY EXTENSION SCHEMA View HTML,https://ir.navitassemi.com/static-files/13dc7b96-b1e5-434f-8101-3fc764a933d0
2026-07-17 17:37:32,https://ir.navitassemi.com/financial-information,0001104659-26-071850.pdf 0001104659-26-071850.rtf 0001104659-26-071850.xls EX-101.SCH - XBRL TAXONOMY EXTENSION SCHEMA View HTML,https://ir.navitassemi.com/static-files/e3539cb1-e618-4d23-9102-f84385ad77e3
2026-07-17 17:37:34,https://www.sciencegroup.com/news/,"17 July, 2026 Transaction in own shares",https://www.sciencegroup.com/wp-content/uploads/2026/07/Buyback-16.07.2026.pdf
2026-07-20 03:29:43,https://www.ltts.com/investors/exchange-announcements,"Disclosure under Regulation 31A of the SEBI (Listing Obligations and Disclosure Requirements) Regulations, 2015",https://www.ltts.com/sites/default/files/investors/exchange-announcements/SubmissionApplicationsigned.pdf
2026-07-20 03:29:44,http://www.manappuram.com/,Credit Rating as on 30.06.2026,http://www.manappuram.com/sites/default/files/2026-07/Credit-Rating-as-on-30.06.2026.pdf
2026-07-20 03:29:44,https://www.manappuram.com/investors/annual-reports.html,Credit Rating as on 30.06.2026,https://www.manappuram.com/sites/default/files/2026-07/Credit-Rating-as-on-30.06.2026.pdf
2026-07-20 03:29:44,https://www.manappuram.com/investors/annual-reports.html,Manappuram Comptech and Consultants Ltd: View Download,https://www.manappuram.com/sites/default/files/2026-07/AMFL_AR_FY2025-26.pdf
2026-07-20 03:29:44,https://www.manappuram.com/investors/annual-reports.html,MACOM Annual report 25 26,https://www.manappuram.com/sites/default/files/2026-07/MACOM%20Annual%20report-25-26.pdf
2026-07-20 03:29:44,https://www.manappuram.com/investors/notice-to-shareholders.html,"Summary of proceedings of the Extra-Ordinary General Meeting of the Company held on July 14, 2026",https://www.manappuram.com/sites/default/files/2026-07/80_6dbdae25-b0f1-4b04-bce1-8ef65e728b7a.pdf
2026-07-20 03:29:44,https://qic-group.com/corporate-governance/#charter-of-the-bod,QIC+CG+Audit+Report+2025+ +English+ Signed+ +website,https://s3-qicgroup.s3.ap-southeast-1.amazonaws.com/PR+QIC+GROUP/2026/Website/Auditors+Report+/QIC+CG+Audit+Report+2025+-+English+-Signed+-+website.pdf
2026-07-20 03:29:44,https://qic-group.com/corporate-governance/#charter-of-the-bod,QIC+CG+Audit+Report+2025+ +Arabic+ Signed+ +website,https://s3-qicgroup.s3.ap-southeast-1.amazonaws.com/PR+QIC+GROUP/2026/Website/Auditors+Report+/QIC+CG+Audit+Report+2025+-+Arabic+-Signed+-+website.pdf
2026-07-20 03:29:44,https://qic-group.com/corporate-governance/#charter-of-the-bod,QIC+ICOFR+Audit+Report+2025+ +English+ Signed+ +website,https://s3-qicgroup.s3.ap-southeast-1.amazonaws.com/PR+QIC+GROUP/2026/Website/Auditors+Report+/QIC+ICOFR+Audit+Report+2025+-+English+-Signed+-+website.pdf
2026-07-20 03:29:44,https://qic-group.com/corporate-governance/#charter-of-the-bod,QIC+ICOFR+Audit+Report+2025+ +Arabic+ Signed+ +website,https://s3-qicgroup.s3.ap-southeast-1.amazonaws.com/PR+QIC+GROUP/2026/Website/Auditors+Report+/QIC+ICOFR+Audit+Report+2025+-+Arabic+-Signed+-+website.pdf
2026-07-20 03:29:44,https://www.betssonab.com/en/reports-and-presentations,betsson interim report january june 2026,https://www.betssonab.com/sites/default/files/pr/betsson-interim-report-january-june-2026.pdf?ts=1784266635
2026-07-20 03:29:44,https://www.mapmyindia.com/investor,MapmyIndia Annual Report 2025-26,https://cdn-public.mappls.com/about-mappls/assets/investor_doc/Annual-Report-2025-26.pdf
2026-07-20 03:29:44,https://www.mapmyindia.com/investor,MMI 31st AGM Notice 11.08.2026,https://cdn-public.mappls.com/about-mappls/assets/investor_doc/2026-27/MMI_31st_AGM_Notice_11.08.2026.pdf
2026-07-20 03:29:41,https://www.graphicpkg.com/sustainability/sustainability-reporting/,GraphicPackaging 2025 ImpactReport Accessible,https://www.graphicpkg.com/custom-content/uploads/2026/07/GraphicPackaging_2025_ImpactReport_Accessible.pdf
2026-07-21 02:54:12,https://masangroup.com/investor-relations.html,20/07/2026 20/07/2026 Notice of change in the 35th Enterprise Registration Certificate,https://www.masangroup.com/wp-content/uploads/2026/07/20260720-MSN-Change-in-35th-Enterprise-Registration-Certificate-ban-CBTT.pdf
2026-07-21 02:54:12,https://mahindralogistics.com/corporate-announcement,SE Intimation - Re-appointment of Ameet Hariani Published on: 20 July 2026,https://mahindralogistics.com/tabs/cms/files/SE-Intimation-Re-appointment-of-Ameet-Hariani.pdf
2026-07-21 02:54:12,https://mahindralogistics.com/corporate-announcement,Monitoring Agency Report_Q1FY2027 Published on: 20 July 2026,https://mahindralogistics.com/tabs/cms/files/SEIntimationMonitoringAgencyReport30June2026Signed.pdf
2026-07-21 02:54:12,https://mahindralogistics.com/corporate-announcement,Presentation for the 19th Annual General Meeting– Published on: 20 July 2026,https://mahindralogistics.com/tabs/cms/files/Presentation-for-the-19th-Annual-General-Meeting.pdf
2026-07-21 02:54:12,https://mahindralogistics.com/corporate-announcement,Appointment of Internal Auditor Published on: 20 July 2026,https://mahindralogistics.com/tabs/cms/files/Appointment-of-Internal-Auditor.pdf
2026-07-21 02:54:12,https://mahindralogistics.com/corporate-announcement,Outcome of Board Meeting – 20 July 2026 Published on: 20 July 2026,https://mahindralogistics.com/tabs/cms/files/Outcome-of-Board-Meeting-20July2026.pdf
2026-07-21 02:54:12,https://mahindralogistics.com/financial-results/annual-result/,19th Annual General Meeting - Voting results and Scrutiniser Report Published on: 20 July 2026,https://mahindralogistics.com/tabs/cms/files/19th-Annual-General-Meeting-Voting-results-and-Scrutiniser-Report.pdf
2026-07-21 02:54:12,https://mahindralogistics.com/financial-results/annual-result/,Outcome of 19th Annual General Meeting Published on: 20 July 2026,https://mahindralogistics.com/tabs/cms/files/Outcome-of-19th-Annual-General-Meeting.pdf
2026-07-21 02:54:12,https://mahindralogistics.com/financial-results/quaterly-result/,SE Intimation – Outcome of Board Meeting -20 July 2026 Published on: 20 July 2026,https://mahindralogistics.com/tabs/cms/files/Quarterly-Result-for-Q1FY27.pdf
2026-07-21 02:54:12,https://gocolors.com/pages/investor-relations,RECONCILIATION OF SHARE CAPITAL Q1 FY26 db5f46e3 5423 4596 b4c9 134a84d4cf61,https://cdn.shopify.com/s/files/1/0598/8158/6848/files/RECONCILIATION_OF_SHARE_CAPITAL_Q1_FY26_db5f46e3-5423-4596-b4c9-134a84d4cf61.pdf?v=1784546326
2026-07-21 02:54:12,https://gocolors.com/pages/investor-relations,SHAREHOLDING PATTERN Q1 FY27,https://cdn.shopify.com/s/files/1/0598/8158/6848/files/SHAREHOLDING_PATTERN_Q1_FY27.pdf?v=1784546327
2026-07-21 02:54:12,https://ir.fulcrumtx.com/financial-information/sec-filings,0001178579-26-000016.pdf 0001178579-26-000016.rtf 0001178579-26-000016.xls View HTML,https://ir.fulcrumtx.com/static-files/b9f34630-54dc-429e-9a66-82294983ed75
2026-07-21 02:54:12,https://ir.fulcrumtx.com/financial-information/sec-filings,0001178579-26-000016.pdf 0001178579-26-000016.rtf 0001178579-26-000016.xls View HTML,https://ir.fulcrumtx.com/static-files/c78a75ea-9e54-42ed-96ec-b3b844bb350b
2026-07-21 02:54:12,https://ir.fulcrumtx.com/financial-information/sec-filings,0001178579-26-000016.pdf 0001178579-26-000016.rtf 0001178579-26-000016.xls View HTML,https://ir.fulcrumtx.com/static-files/758669d6-0392-4051-9203-39340a392b36
2026-07-21 02:54:12,https://www.bridgepoint.eu/shareholders/results-reports-and-presentations,bridgepoint interim results 2026 transcript.downloadasset,https://www.bridgepoint.eu/content/dam/bridgepoint/corporate2022/documents/financial-information/results_reports_presentations/2026/bridgepoint-interim-results-2026-transcript.pdf.downloadasset.pdf
2026-07-21 02:54:12,https://brickabilitygroupplc.com/#,Annual report You can view and download our latest annual report and accounts. The annual report and accounts includes our,https://brckgroup.com/uploads/documents/BRCK-Group-plc-Annual-Report-and-Accounts-2026.pdf
2026-07-21 02:54:12,https://brickabilitygroupplc.com/investors/reports-presentations,Interim Results Presentation for the six months ended 30 September 2025 25 Nov 2025 Presentation,https://brckgroup.com/uploads/documents/BRCK-Group-plc-Notice-of-AGM-2026.pdf
2026-07-21 02:54:12,https://www.steppecement.com/investors/rns-announcements/,Director Dealing 19072026 SH,https://www.steppecement.com/images/pdf/Director Dealing 19072026 SH.pdf
2026-07-21 02:54:12,https://www.sm-energy.com/investors/corporate-governance/board-committees,Nominating+and+Governance+Committee+Charter+(Adopted+5.21.26),https://d1io3yog0oux5.cloudfront.net/_987feb544def86d877141108b512a401/smenergy/db/3721/35600/file/Nominating+and+Governance+Committee+Charter+%28Adopted+5.21.26%29.pdf
2026-07-21 02:54:12,https://www.sm-energy.com/investors/corporate-governance/board-committees,Operations+and+EHS+Committee+Charter+(Adopted+5.21.26),https://d1io3yog0oux5.cloudfront.net/_987feb544def86d877141108b512a401/smenergy/db/3721/35601/file/Operations+and+EHS+Committee+Charter+%28Adopted+5.21.26%29.pdf
2026-07-21 02:54:14,https://www.ardaghmetalpackaging.com/esg/sustainability#sustainability-reports,Green Bond Allocation and Impact Report 2023 (PDF 3.2 MB),https://www.ardaghmetalpackaging.com/_assets/_ddd5359850c83452b0cb845484664a97/ardaghmetalpackagingcorp/db/3892/38863/file/AMP+Green+financing+Framework+V1.0+%2817112025%29.pdf
2026-07-21 02:54:14,https://www.ardaghmetalpackaging.com/esg/sustainability#sustainability-reports,AMP+Human+rights+policy+statement+V1.2[EXT],https://www.ardaghmetalpackaging.com/_assets/_ddd5359850c83452b0cb845484664a97/ardaghmetalpackagingcorp/db/3892/38857/file/AMP+Human+rights+policy+statement+V1.2%5BEXT%5D.pdf
2026-07-21 02:54:14,https://www.manappuram.com/investors/annual-reports.html,20 07 26 FINAL HI RES,https://www.manappuram.com/sites/default/files/2026-07/20-07-26-FINAL-HI-RES.pdf
2026-07-21 02:54:14,https://www.manappuram.com/investors/annual-reports.html,MAHOFIN annual report 2025 26,https://www.manappuram.com/sites/default/files/2026-07/MAHOFIN_annual%20report%202025-26.pdf
2026-07-21 02:54:14,https://www.manappuram.com/investors/annual-reports.html,MAIBRO Annual Report Draft 25 26,https://www.manappuram.com/sites/default/files/2026-07/MAIBRO%20Annual%20Report%20Draft%2025-26.pdf
2026-07-21 02:54:14,https://www.manappuram.com/investors/notice-to-shareholders.html,Notice of 34th AGM dated 12.08.2026,https://www.manappuram.com/sites/default/files/2026-07/Manappuram%20Finance_2025-26_Notice.pdf
2026-07-21 02:54:14,https://nalcoindia.com/investor-services/annual-reports/,Engagement of Consultant for Preparation of Roadmap and Implementation of Digital Transformation (Industry 4.0) 17/07/2026 |,https://nalcoindia.com/wp-content/uploads/2026/07/NALCO-LIVE-TENDER-1.pdf
2026-07-21 02:54:14,https://www.welspuncorp.com/company-disclosures.php,"Earnings Conference Call Invite Q1 FY27 on 27th July, 2026",https://www.welspuncorp.com/uploads/investor_data/investorreport__1700.pdf
2026-07-21 02:54:14,https://www.merchantstrust.co.uk/,fact sheet merchants the merchants trust plc 30 06 26,https://www.merchantstrust.co.uk/-/media/allianzgi/eu/merchants-trust/docs/fact-sheet/2026/fact-sheet-merchants-the-merchants-trust-plc-30-06-26.pdf?rev=-1
2026-07-21 02:54:14,https://investors.vertumotors.com/announcements/#share,Transaction In Own Shares,https://investors.vertumotors.com/custom/147853.pdf
2026-07-21 02:54:15,https://ir.veritexbank.com/investor-overview?c,2026 Morgan Stanley US Financials Conference View Presentation,https://d1io3yog0oux5.cloudfront.net/_f1f946f78073adfba338c11ff29fa69e/huntington/db/2706/28821/pdf/HBAN+MS+Presentation_vf.pdf
2026-07-21 02:54:15,http://www.steppecement.com/investors/rns-announcements,Director Dealing 19072026 SH,http://www.steppecement.com/images/pdf/Director Dealing 19072026 SH.pdf
2026-07-21 02:54:15,https://www.sapphirefoods.in/investors-relation/updates,Sapphire Foods - Earnings Call Intimation - 20-07-2026,https://www.sapphirefoods.in/storage/app/media/sapphire-foods-earnings-call-intimation-20-07-2026.pdf
2026-07-21 02:54:15,https://ghcl.co.in/investors-complaints-report,Statement regarding Grievance Redressal Mechanism for the quarter ended June 30 2026,https://ghcl.co.in/wp-content/uploads/2026/07/Statement-regarding-Grievance-Redressal-Mechanism-for-the-quarter-ended-June-30-2026.pdf
2026-07-21 02:54:15,https://www.shareindia.com/about-us/investor-relations,"Shareholding Pattern for the period ended June 30, 2026",https://www.shareindia.com/wp-content/uploads/data/uploads/Investor_Relations_Files/SHP30062026_new.pdf
2026-07-21 02:54:15,https://www.shareindia.com/about-us/investor-relations,Announcement Under Regulation 30 & 51 (LODR) – Issuance of Non-Convertible Debentures (NCDs) of the Company on a private placement,https://www.shareindia.com/wp-content/uploads/data/uploads/Investor_Relations_Files/Reg30NCDsIssuance20072026.pdf
2026-07-21 02:54:15,https://www.clevelandcliffs.com/investors/financial-information/financial-results,2026 04 20 Cleveland Cliffs Reports First Quarter 2026 696,https://www.clevelandcliffs.com/_assets/_58665102d99290596ab89de0cd093188/clevelandcliffs/news/2026-04-20_Cleveland_Cliffs_Reports_First_Quarter_2026_696.pdf
2026-07-21 02:54:15,https://www.clevelandcliffs.com/investors/financial-information/financial-results,2026 02 09 Cleveland Cliffs Reports Fourth Quarter and Full 693,https://www.clevelandcliffs.com/_assets/_58665102d99290596ab89de0cd093188/clevelandcliffs/news/2026-02-09_Cleveland_Cliffs_Reports_Fourth_Quarter_and_Full_693.pdf
2026-07-21 02:54:15,https://www.clevelandcliffs.com/investors/financial-information/financial-results,2025 10 20 Cleveland Cliffs Reports Third Quarter 2025 686,https://www.clevelandcliffs.com/_assets/_58665102d99290596ab89de0cd093188/clevelandcliffs/news/2025-10-20_Cleveland_Cliffs_Reports_Third_Quarter_2025_686.pdf
2026-07-21 02:54:15,https://www.clevelandcliffs.com/investors/financial-information/financial-results,2025 07 21 Cleveland Cliffs Reports Second Quarter 2025 678,https://www.clevelandcliffs.com/_assets/_58665102d99290596ab89de0cd093188/clevelandcliffs/news/2025-07-21_Cleveland_Cliffs_Reports_Second_Quarter_2025_678.pdf
2026-07-21 02:54:15,https://www.clevelandcliffs.com/investors/financial-information/financial-results,2025 05 07 Cleveland Cliffs Reports First Quarter 2025 674,https://www.clevelandcliffs.com/_assets/_58665102d99290596ab89de0cd093188/clevelandcliffs/news/2025-05-07_Cleveland_Cliffs_Reports_First_Quarter_2025_674.pdf
2026-07-21 02:54:15,https://www.clevelandcliffs.com/investors/financial-information/financial-results,2025 02 24 Cleveland Cliffs Reports Full Year and Fourth 670,https://www.clevelandcliffs.com/_assets/_58665102d99290596ab89de0cd093188/clevelandcliffs/news/2025-02-24_Cleveland_Cliffs_Reports_Full_Year_and_Fourth_670.pdf
2026-07-21 02:54:15,https://www.clevelandcliffs.com/investors/financial-information/financial-results,2024 11 04 Cleveland Cliffs Reports Third Quarter 2024 662,https://www.clevelandcliffs.com/_assets/_58665102d99290596ab89de0cd093188/clevelandcliffs/news/2024-11-04_Cleveland_Cliffs_Reports_Third_Quarter_2024_662.pdf
2026-07-21 02:54:15,https://www.clevelandcliffs.com/investors/financial-information/financial-results,2024 07 22 Cleveland Cliffs Reports Second Quarter 2024 645,https://www.clevelandcliffs.com/_assets/_58665102d99290596ab89de0cd093188/clevelandcliffs/news/2024-07-22_Cleveland_Cliffs_Reports_Second_Quarter_2024_645.pdf
2026-07-21 02:54:15,https://www.clevelandcliffs.com/investors/financial-information/financial-results,2024 04 22 Cleveland Cliffs Reports First Quarter 2024 635,https://www.clevelandcliffs.com/_assets/_58665102d99290596ab89de0cd093188/clevelandcliffs/news/2024-04-22_Cleveland_Cliffs_Reports_First_Quarter_2024_635.pdf
2026-07-21 02:54:15,https://www.clevelandcliffs.com/investors/financial-information/financial-results,2024 01 29 Cleveland Cliffs Reports Full Year and Fourth 621,https://www.clevelandcliffs.com/_assets/_58665102d99290596ab89de0cd093188/clevelandcliffs/news/2024-01-29_Cleveland_Cliffs_Reports_Full_Year_and_Fourth_621.pdf
2026-07-21 02:54:15,https://www.clevelandcliffs.com/investors/financial-information/financial-results,2023 10 23 Cleveland Cliffs Reports Third Quarter 2023 609,https://www.clevelandcliffs.com/_assets/_58665102d99290596ab89de0cd093188/clevelandcliffs/news/2023-10-23_Cleveland_Cliffs_Reports_Third_Quarter_2023_609.pdf
2026-07-21 02:54:15,https://www.clevelandcliffs.com/investors/financial-information/financial-results,2023 07 24 Cleveland Cliffs Reports Second Quarter 2023 599,https://www.clevelandcliffs.com/_assets/_58665102d99290596ab89de0cd093188/clevelandcliffs/news/2023-07-24_Cleveland_Cliffs_Reports_Second_Quarter_2023_599.pdf
2026-07-21 02:54:15,https://www.clevelandcliffs.com/investors/financial-information/financial-results,2023 04 24 Cleveland Cliffs Reports First Quarter 2023 587,https://www.clevelandcliffs.com/_assets/_58665102d99290596ab89de0cd093188/clevelandcliffs/news/2023-04-24_Cleveland_Cliffs_Reports_First_Quarter_2023_587.pdf
2026-07-21 02:54:15,https://www.clevelandcliffs.com/investors/financial-information/financial-results,2023 02 13 Cleveland Cliffs Reports Full Year and Fourth 572,https://www.clevelandcliffs.com/_assets/_58665102d99290596ab89de0cd093188/clevelandcliffs/news/2023-02-13_Cleveland_Cliffs_Reports_Full_Year_and_Fourth_572.pdf
2026-07-21 02:54:15,https://www.clevelandcliffs.com/investors/financial-information/financial-results,2022 10 25 Cleveland Cliffs Reports Third Quarter 2022 560,https://www.clevelandcliffs.com/_assets/_58665102d99290596ab89de0cd093188/clevelandcliffs/news/2022-10-25_Cleveland_Cliffs_Reports_Third_Quarter_2022_560.pdf
2026-07-21 02:54:15,https://www.clevelandcliffs.com/investors/financial-information/financial-results,2022 07 22 Cleveland Cliffs Reports Second Quarter 2022 553,https://www.clevelandcliffs.com/_assets/_58665102d99290596ab89de0cd093188/clevelandcliffs/news/2022-07-22_Cleveland_Cliffs_Reports_Second_Quarter_2022_553.pdf
2026-07-21 02:54:15,https://www.clevelandcliffs.com/investors/financial-information/financial-results,2022 04 22 Cleveland Cliffs Reports First Quarter 2022 547,https://www.clevelandcliffs.com/_assets/_58665102d99290596ab89de0cd093188/clevelandcliffs/news/2022-04-22_Cleveland_Cliffs_Reports_First_Quarter_2022_547.pdf
2026-07-21 02:54:15,https://www.clevelandcliffs.com/investors/financial-information/financial-results,2022 02 11 Cleveland Cliffs Reports Full Year and Fourth 541,https://www.clevelandcliffs.com/_assets/_58665102d99290596ab89de0cd093188/clevelandcliffs/news/2022-02-11_Cleveland_Cliffs_Reports_Full_Year_and_Fourth_541.pdf
2026-07-21 02:54:15,https://www.clevelandcliffs.com/investors/financial-information/financial-results,2021 10 22 Cleveland Cliffs Reports Record Third Quarter 535,https://www.clevelandcliffs.com/_assets/_58665102d99290596ab89de0cd093188/clevelandcliffs/news/2021-10-22_Cleveland_Cliffs_Reports_Record_Third_Quarter_535.pdf
2026-07-21 02:54:15,https://www.clevelandcliffs.com/investors/financial-information/financial-results,2021 07 22 Cleveland Cliffs Reports Record Second Quarter 526,https://www.clevelandcliffs.com/_assets/_58665102d99290596ab89de0cd093188/clevelandcliffs/news/2021-07-22_Cleveland_Cliffs_Reports_Record_Second_Quarter_526.pdf
2026-07-21 02:54:15,https://www.clevelandcliffs.com/investors/financial-information/financial-results,2021 04 22 Cleveland Cliffs Reports First Quarter 2021 213,https://www.clevelandcliffs.com/_assets/_58665102d99290596ab89de0cd093188/clevelandcliffs/news/2021-04-22_Cleveland_Cliffs_Reports_First_Quarter_2021_213.pdf
2026-07-21 02:54:15,https://www.clevelandcliffs.com/investors/financial-information/financial-results,2021 02 25 Cleveland Cliffs Reports Fourth Quarter and Full 210,https://www.clevelandcliffs.com/_assets/_58665102d99290596ab89de0cd093188/clevelandcliffs/news/2021-02-25_Cleveland_Cliffs_Reports_Fourth_Quarter_and_Full_210.pdf
2026-07-21 02:54:15,https://www.clevelandcliffs.com/investors/financial-information/financial-results,2020 10 23 Cleveland Cliffs Inc Reports Third Quarter 2020 11,https://www.clevelandcliffs.com/_assets/_58665102d99290596ab89de0cd093188/clevelandcliffs/news/2020-10-23_Cleveland_Cliffs_Inc_Reports_Third_Quarter_2020_11.pdf
2026-07-21 02:54:15,https://www.clevelandcliffs.com/investors/financial-information/financial-results,2020 07 30 Cleveland Cliffs Inc Reports Second Quarter 2020 14,https://www.clevelandcliffs.com/_assets/_58665102d99290596ab89de0cd093188/clevelandcliffs/news/2020-07-30_Cleveland_Cliffs_Inc_Reports_Second_Quarter_2020_14.pdf
2026-07-21 02:54:15,https://www.clevelandcliffs.com/investors/financial-information/financial-results,2020 05 11 Cleveland Cliffs Inc Reports First Quarter 2020 22,https://www.clevelandcliffs.com/_assets/_58665102d99290596ab89de0cd093188/clevelandcliffs/news/2020-05-11_Cleveland_Cliffs_Inc_Reports_First_Quarter_2020_22.pdf
2026-07-21 02:54:15,https://www.clevelandcliffs.com/investors/financial-information/financial-results,2020 02 20 Cleveland Cliffs Inc Reports Fourth Quarter and 43,https://www.clevelandcliffs.com/_assets/_58665102d99290596ab89de0cd093188/clevelandcliffs/news/2020-02-20_Cleveland_Cliffs_Inc_Reports_Fourth_Quarter_and_43.pdf
2026-07-21 02:54:15,https://www.clevelandcliffs.com/investors/financial-information/financial-results,2019 10 23 Cleveland Cliffs Inc Reports Third Quarter 2019 53,https://www.clevelandcliffs.com/_assets/_58665102d99290596ab89de0cd093188/clevelandcliffs/news/2019-10-23_Cleveland_Cliffs_Inc_Reports_Third_Quarter_2019_53.pdf
2026-07-21 02:54:15,https://www.clevelandcliffs.com/investors/financial-information/financial-results,2019 07 19 Cleveland Cliffs Inc Reports Second Quarter 2019 59,https://www.clevelandcliffs.com/_assets/_58665102d99290596ab89de0cd093188/clevelandcliffs/news/2019-07-19_Cleveland_Cliffs_Inc_Reports_Second_Quarter_2019_59.pdf
2026-07-21 02:54:15,https://www.clevelandcliffs.com/investors/financial-information/financial-results,2019 04 25 Cleveland Cliffs Inc Reports First Quarter 2019 68,https://www.clevelandcliffs.com/_assets/_58665102d99290596ab89de0cd093188/clevelandcliffs/news/2019-04-25_Cleveland_Cliffs_Inc_Reports_First_Quarter_2019_68.pdf
2026-07-21 02:54:15,https://www.clevelandcliffs.com/investors/financial-information/financial-results,2019 02 08 Cleveland Cliffs Inc Reports Fourth Quarter and 72,https://www.clevelandcliffs.com/_assets/_58665102d99290596ab89de0cd093188/clevelandcliffs/news/2019-02-08_Cleveland_Cliffs_Inc_Reports_Fourth_Quarter_and_72.pdf
2026-07-21 02:54:15,https://www.clevelandcliffs.com/investors/financial-information/financial-results,2018 10 19 Cleveland Cliffs Inc Reports Third Quarter 2018 78,https://www.clevelandcliffs.com/_assets/_58665102d99290596ab89de0cd093188/clevelandcliffs/news/2018-10-19_Cleveland_Cliffs_Inc_Reports_Third_Quarter_2018_78.pdf
2026-07-21 02:54:15,https://www.clevelandcliffs.com/investors/financial-information/financial-results,2018 07 20 Cleveland Cliffs Inc Reports Second Quarter 2018 86,https://www.clevelandcliffs.com/_assets/_58665102d99290596ab89de0cd093188/clevelandcliffs/news/2018-07-20_Cleveland_Cliffs_Inc_Reports_Second_Quarter_2018_86.pdf
2026-07-21 02:54:15,https://www.clevelandcliffs.com/investors/financial-information/financial-results,2018 04 20 Cleveland Cliffs Inc Reports First Quarter 2018 90,https://www.clevelandcliffs.com/_assets/_58665102d99290596ab89de0cd093188/clevelandcliffs/news/2018-04-20_Cleveland_Cliffs_Inc_Reports_First_Quarter_2018_90.pdf
2026-07-21 02:54:15,https://www.clevelandcliffs.com/investors/financial-information/financial-results,2018 01 25 Cleveland Cliffs Inc Reports Fourth Quarter and 96,https://www.clevelandcliffs.com/_assets/_58665102d99290596ab89de0cd093188/clevelandcliffs/news/2018-01-25_Cleveland_Cliffs_Inc_Reports_Fourth_Quarter_and_96.pdf
2026-07-21 02:54:15,https://www.clevelandcliffs.com/investors/financial-information/financial-results,2017 10 20 Cleveland Cliffs Inc Reports Third Quarter 2017 106,https://www.clevelandcliffs.com/_assets/_58665102d99290596ab89de0cd093188/clevelandcliffs/news/2017-10-20_Cleveland_Cliffs_Inc_Reports_Third_Quarter_2017_106.pdf
2026-07-21 02:54:15,https://www.clevelandcliffs.com/investors/financial-information/financial-results,2008 05 05 Cleveland Cliffs Inc Reports First Quarter 2008 144,https://www.clevelandcliffs.com/_assets/_58665102d99290596ab89de0cd093188/clevelandcliffs/news/2008-05-05_Cleveland_Cliffs_Inc_Reports_First_Quarter_2008_144.pdf
2026-07-21 02:54:15,https://www.clevelandcliffs.com/investors/financial-information/financial-results,2008 02 21 Cleveland Cliffs Inc Reports Fourth Quarter and 153,https://www.clevelandcliffs.com/_assets/_58665102d99290596ab89de0cd093188/clevelandcliffs/news/2008-02-21_Cleveland_Cliffs_Inc_Reports_Fourth_Quarter_and_153.pdf
2026-07-21 02:54:15,https://www.clevelandcliffs.com/investors/financial-information/financial-results,2007 11 01 Cleveland Cliffs Inc Reports Third Quarter 164,https://www.clevelandcliffs.com/_assets/_58665102d99290596ab89de0cd093188/clevelandcliffs/news/2007-11-01_Cleveland_Cliffs_Inc_Reports_Third_Quarter_164.pdf
2026-07-21 02:54:15,https://www.clevelandcliffs.com/investors/financial-information/financial-results,2007 07 26 Cleveland Cliffs Reports Second Quarter 177,https://www.clevelandcliffs.com/_assets/_58665102d99290596ab89de0cd093188/clevelandcliffs/news/2007-07-26_Cleveland_Cliffs_Reports_Second_Quarter_177.pdf
2026-07-21 02:54:15,https://www.clevelandcliffs.com/investors/financial-information/financial-results,2007 02 21 Cleveland Cliffs Reports Record Revenues and 203,https://www.clevelandcliffs.com/_assets/_58665102d99290596ab89de0cd093188/clevelandcliffs/news/2007-02-21_Cleveland_Cliffs_Reports_Record_Revenues_and_203.pdf
2026-07-21 02:54:14,https://www.sm-energy.com/sustainability/governance,Nominating+and+Governance+Committee+Charter+(Adopted+5.21.26),https://d1io3yog0oux5.cloudfront.net/_987feb544def86d877141108b512a401/smenergy/db/3852/35602/file/Nominating+and+Governance+Committee+Charter+%28Adopted+5.21.26%29.pdf
2026-07-21 02:54:14,https://www.sm-energy.com/sustainability/governance,Operations+and+EHS+Committee+Charter+(Adopted+5.21.26),https://d1io3yog0oux5.cloudfront.net/_987feb544def86d877141108b512a401/smenergy/db/3852/35603/file/Operations+and+EHS+Committee+Charter+%28Adopted+5.21.26%29.pdf
2026-07-21 02:54:14,https://www.abfrl.com/,Media Release Jaypore Showcases the Rare Legacy of Tangaliya Craft at Bharat Tex 2026,https://www.abfrl.com/wp-content/uploads/2026/07/Media-Release_Jaypore-Showcases-the-Rare-Legacy-of-Tangaliya-Craft-at-Bharat-Tex-2026.pdf
2026-07-21 02:54:14,https://www.clevelandcliffs.com/news/fact-center,"Nicholas Kohlhas - Executive Vice President, Operations",https://www.clevelandcliffs.com/_assets/_58665102d99290596ab89de0cd093188/clevelandcliffs/db/1188/12086/file/CLF_ExecBio_Kohlhas_062026.pdf
2026-07-21 02:54:14,https://www.clevelandcliffs.com/news/fact-center,CC FactSheet BurnsHarbor 062026,https://www.clevelandcliffs.com/_assets/_58665102d99290596ab89de0cd093188/clevelandcliffs/db/1188/10379/file/CC_FactSheet_BurnsHarbor_062026.pdf
2026-07-21 02:54:14,https://www.clevelandcliffs.com/news/fact-center,CLF FactSheet DearbornWorks 72026,https://www.clevelandcliffs.com/_assets/_58665102d99290596ab89de0cd093188/clevelandcliffs/db/1188/10391/file/CLF_FactSheet_DearbornWorks_72026.pdf
2026-07-21 02:54:14,https://www.clevelandcliffs.com/news/fact-center,CC FactSheet MansfieldWorks 072026,https://www.clevelandcliffs.com/_assets/_58665102d99290596ab89de0cd093188/clevelandcliffs/db/1188/10392/file/CC_FactSheet_MansfieldWorks_072026.pdf
2026-07-21 02:54:14,https://www.clevelandcliffs.com/news/fact-center,CLF CC FactSheet Warren 062026,https://www.clevelandcliffs.com/_assets/_58665102d99290596ab89de0cd093188/clevelandcliffs/db/1188/10373/file/CLF_CC_FactSheet_Warren_062026.pdf
2026-07-21 02:54:14,https://investors.gates.com/governance/governance-documents/default.aspx,Audit Committee Charter 1,https://s22.q4cdn.com/277773419/files/doc_governance/2026/Audit-Committee-Charter-1.pdf
2026-07-21 02:54:14,https://investors.gates.com/governance/governance-documents/default.aspx,Compensation Committee Charter 1,https://s22.q4cdn.com/277773419/files/doc_governance/2026/Compensation-Committee-Charter-1.pdf
2026-07-21 02:54:14,https://investors.gates.com/governance/governance-documents/default.aspx,Corporate Governance Guidelines,https://s22.q4cdn.com/277773419/files/doc_governance/2026/Corporate-Governance-Guidelines.pdf
2026-07-21 02:54:14,https://investors.gates.com/governance/governance-documents/default.aspx,Nominating and Governance Committee Charter,https://s22.q4cdn.com/277773419/files/doc_governance/2026/Nominating-Committee-Charter.pdf
2026-07-21 02:54:14,https://ir.veritexbank.com/investor-overview?c=253740&p=irol-irhome,2026 Morgan Stanley US Financials Conference View Presentation,https://d1io3yog0oux5.cloudfront.net/_f4b8c9bb595c9c948ebb81e90137345a/huntington/db/2706/28821/pdf/HBAN+MS+Presentation_vf.pdf
2026-07-21 02:54:12,https://www.siyaram.com/investor-relations/corporate-governance.php,Integrated+Governance June+2026,https://prod-siyaram-bucket.s3.ap-south-1.amazonaws.com/images/investor-relationship-doc/corporate-governance-report/2026-2027/Integrated+Governance_June+2026.pdf
2026-07-21 02:54:12,https://www.cibeg.com/en/investor-relations/ir-library/investor-toolkit,Earnings Release 2Q2026 .pdf 321.1 KB,https://www.cibeg.com/-/media/project/downloads/investor-relations/ir-library/earning-releases/2026/2q26-press-release.pdf
2026-07-21 02:54:12,https://www.clsholdings.com/investors/corporate-governance,Section 430 (2B) Companies Act 2006 Statement - Harry Stokes,https://www.clsholdings.com/investors/2026.07.17 - S430 2B CA2006 - HS Remuneration.pdf
2026-07-21 02:54:12,https://www.sm-energy.com/,"Latest Presentation Jun 2, 2026 Investor Presentation – June 2026",https://d1io3yog0oux5.cloudfront.net/_987feb544def86d877141108b512a401/smenergy/db/3711/35673/pdf/2026.06+SM+Investor+Presentation_Updated.pdf
2026-07-21 02:54:12,https://www.alokind.com/shareholder.html,Integrated Filing Financials 20072026,https://www.alokind.com/assets/pdf/investor-relations/integrated_filling/2026-27/Integrated_Filing_Financials_20072026.pdf
2026-07-21 02:54:12,https://www.alokind.com/shareholder.html,Shareholding Pattern 20072026,https://www.alokind.com/assets/pdf/investor-relations/shareholders-information/shareholding-pattern/2026-27/Shareholding_Pattern_20072026.pdf
2026-07-21 02:54:12,https://investors.gates.com/governance/governance-documents/Translations-Code-of-BCE/,Code of Business Conduct and Ethics (Arabic),https://s22.q4cdn.com/277773419/files/doc_downloads/governance_documents/Translations/2026/07/Code-of-Business-Conduct-and-Ethics-Arabic.pdf
2026-07-21 02:54:12,https://investors.gates.com/governance/governance-documents/Translations-Code-of-BCE/,Code of Business Conduct and Ethics (Chinese),https://s22.q4cdn.com/277773419/files/doc_downloads/governance_documents/Translations/2026/07/Code-of-Business-Conduct-and-Ethics-Chinese.pdf
2026-07-21 02:54:12,https://investors.gates.com/governance/governance-documents/Translations-Code-of-BCE/,Code of Business Conduct and Ethics (Czech),https://s22.q4cdn.com/277773419/files/doc_downloads/governance_documents/Translations/2026/07/Code-of-Business-Conduct-and-Ethics-Czech.pdf
2026-07-21 02:54:12,https://investors.gates.com/governance/governance-documents/Translations-Code-of-BCE/,Code of Business Conduct and Ethics (Dutch),https://s22.q4cdn.com/277773419/files/doc_downloads/governance_documents/Translations/2026/07/Code-of-Business-Conduct-and-Ethics-Dutch.pdf
2026-07-21 02:54:12,https://investors.gates.com/governance/governance-documents/Translations-Code-of-BCE/,Code of Business Conduct and Ethics (English),https://s22.q4cdn.com/277773419/files/doc_downloads/governance_documents/Translations/2026/07/Code-of-Business-Conduct-and-Ethics-English.pdf
2026-07-21 02:54:12,https://investors.gates.com/governance/governance-documents/Translations-Code-of-BCE/,Code of Business Conduct and Ethics (French),https://s22.q4cdn.com/277773419/files/doc_downloads/governance_documents/Translations/2026/07/Code-of-Business-Conduct-and-Ethics-French.pdf
2026-07-21 02:54:12,https://investors.gates.com/governance/governance-documents/Translations-Code-of-BCE/,Code of Business Conduct and Ethics (German),https://s22.q4cdn.com/277773419/files/doc_downloads/governance_documents/Translations/2026/07/Code-of-Business-Conduct-and-Ethics-German.pdf
2026-07-21 02:54:12,https://investors.gates.com/governance/governance-documents/Translations-Code-of-BCE/,Code of Business Conduct and Ethics (Hindi),https://s22.q4cdn.com/277773419/files/doc_downloads/governance_documents/Translations/2026/07/Code-of-Business-Conduct-and-Ethics-Hindi.pdf
2026-07-21 02:54:12,https://investors.gates.com/governance/governance-documents/Translations-Code-of-BCE/,Code of Business Conduct and Ethics (Indonesian),https://s22.q4cdn.com/277773419/files/doc_downloads/governance_documents/Translations/2026/07/Code-of-Business-Conduct-and-Ethics-Indonesian.pdf
2026-07-21 02:54:12,https://investors.gates.com/governance/governance-documents/Translations-Code-of-BCE/,Code of Business Conduct and Ethics (Italian),https://s22.q4cdn.com/277773419/files/doc_downloads/governance_documents/Translations/2026/07/Code-of-Business-Conduct-and-Ethics-Italian.pdf
2026-07-21 02:54:12,https://investors.gates.com/governance/governance-documents/Translations-Code-of-BCE/,Code of Business Conduct and Ethics (Japanese),https://s22.q4cdn.com/277773419/files/doc_downloads/governance_documents/Translations/2026/07/Code-of-Business-Conduct-and-Ethics-Japanese.pdf
2026-07-21 02:54:12,https://investors.gates.com/governance/governance-documents/Translations-Code-of-BCE/,Code of Business Conduct and Ethics (Korean),https://s22.q4cdn.com/277773419/files/doc_downloads/governance_documents/Translations/2026/07/Code-of-Business-Conduct-and-Ethics-Korean.pdf
2026-07-21 02:54:12,https://investors.gates.com/governance/governance-documents/Translations-Code-of-BCE/,Code of Business Conduct and Ethics (Polish),https://s22.q4cdn.com/277773419/files/doc_downloads/governance_documents/Translations/2026/07/Code-of-Business-Conduct-and-Ethics-Polish.pdf
2026-07-21 02:54:12,https://investors.gates.com/governance/governance-documents/Translations-Code-of-BCE/,Code of Business Conduct and Ethics (Portuguese),https://s22.q4cdn.com/277773419/files/doc_downloads/governance_documents/Translations/2026/07/Code-of-Business-Conduct-and-Ethics-Portuguese.pdf
2026-07-21 02:54:12,https://investors.gates.com/governance/governance-documents/Translations-Code-of-BCE/,Code of Business Conduct and Ethics (Russian),https://s22.q4cdn.com/277773419/files/doc_downloads/governance_documents/Translations/2026/07/Code-of-Business-Conduct-and-Ethics-Russian.pdf
2026-07-21 02:54:12,https://investors.gates.com/governance/governance-documents/Translations-Code-of-BCE/,Code of Business Conduct and Ethics (Spanish - Latin America),https://s22.q4cdn.com/277773419/files/doc_downloads/governance_documents/Translations/2026/07/Code-of-Business-Conduct-and-Ethics-Spanish-Latin-America.pdf
2026-07-21 02:54:12,https://investors.gates.com/governance/governance-documents/Translations-Code-of-BCE/,Code of Business Conduct and Ethics (Tamil),https://s22.q4cdn.com/277773419/files/doc_downloads/governance_documents/Translations/2026/07/Code-of-Business-Conduct-and-Ethics-Tamil.pdf
2026-07-21 02:54:12,https://investors.gates.com/governance/governance-documents/Translations-Code-of-BCE/,Code of Business Conduct and Ethics (Thai),https://s22.q4cdn.com/277773419/files/doc_downloads/governance_documents/Translations/2026/07/Code-of-Business-Conduct-and-Ethics-Thai.pdf
2026-07-21 02:54:12,https://investors.gates.com/governance/governance-documents/Translations-Code-of-BCE/,Code of Business Conduct and Ethics (Turkish),https://s22.q4cdn.com/277773419/files/doc_downloads/governance_documents/Translations/2026/07/Code-of-Business-Conduct-and-Ethics-Turkish.pdf
2026-07-21 02:54:12,https://www.birlasoft.com/resources,Agentforce Center of Excellence (CoE) | Salesforce Data 360 and AI Solutions | Birlasoft,https://www.birlasoft.com/sites/default/files/resources/downloads/brochures/dt/future-ready-ai-salesforce-data-agentforce.pdf
2026-07-21 02:54:12,https://www.siyaram.com/investor-relations/communications.php,Siyaram CSR Annual Action Plan 2026-2027,https://prod-siyaram-bucket.s3.ap-south-1.amazonaws.com/images/investor-relationship-doc/communications/2026-2027/CSR+Action+Plan_2026-27.pdf
2026-07-21 02:54:12,https://www.ardaghmetalpackaging.com/esg/governance#risk-management,AMP+Green+financing+Framework+V1.0+(17112025),https://www.ardaghmetalpackaging.com/_assets/_ddd5359850c83452b0cb845484664a97/ardaghmetalpackagingcorp/db/3898/37401/file/AMP+Green+financing+Framework+V1.0+%2817112025%29.pdf
2026-07-21 02:54:12,https://www.ardaghmetalpackaging.com/about-us/media-centre,AMP+Green+financing+Framework+V1.0+(17112025),https://www.ardaghmetalpackaging.com/_assets/_ddd5359850c83452b0cb845484664a97/ardaghmetalpackagingcorp/db/3877/38818/file/AMP+Green+financing+Framework+V1.0+%2817112025%29.pdf
2026-07-21 02:54:12,https://www.ardaghmetalpackaging.com/about-us/media-centre,AMP+Human+rights+policy+statement+V1.2[EXT],https://www.ardaghmetalpackaging.com/_assets/_ddd5359850c83452b0cb845484664a97/ardaghmetalpackagingcorp/db/3877/38799/file/AMP+Human+rights+policy+statement+V1.2%5BEXT%5D.pdf
2026-07-21 15:07:19,https://investors.ccbg.com/,2026 07 21 Capital City Bank Group Inc Reports Second 240,https://d1io3yog0oux5.cloudfront.net/_f7add7948021233ee52841e474fcdf0b/ccbg/news/2026-07-21_Capital_City_Bank_Group_Inc_Reports_Second_240.pdf
2026-07-21 15:07:19,https://investors.ccbg.com/financial-information/financial-results,2026 04 20 Capital City Bank Group Inc Reports First Quarter 232,https://d1io3yog0oux5.cloudfront.net/_f7add7948021233ee52841e474fcdf0b/ccbg/news/2026-04-20_Capital_City_Bank_Group_Inc_Reports_First_Quarter__232.pdf
2026-07-21 15:07:19,https://masangroup.com/investor-relations.html,21/07/2026 21/07/2026 Notice of last registration date of payment and 7th interest rate of Bond MSN123009,https://www.masangroup.com/wp-content/uploads/2026/07/20260721_TB-NDKCC-va-lai-ky-7_MSN123009.pdf
2026-07-21 15:07:19,https://masangroup.com/investor-relations.html,21/07/2026 21/07/2026 Notice of last registration date of payment and 7th interest rate of Bond MSN123008,https://www.masangroup.com/wp-content/uploads/2026/07/20260721_TB-NDKCC-va-lai-ky-7_MSN123008.pdf
2026-07-21 15:07:19,https://www.ltts.com/investors,LTTS Q1FY27 Earnings Call Transcript,https://www.ltts.com/system/files/2026-07/LTTS-Q1FY27-Earnings-Call-Transcript.pdf
2026-07-21 15:07:19,https://www.ltts.com/investors/exchange-announcements,"Shareholding pattern of the Company for the quarter ended June 30, 2026",https://www.ltts.com/sites/default/files/investors/exchange-announcements/SHPWebsite.pdf
2026-07-21 15:07:19,https://www.ltts.com/investors/exchange-announcements,"Transcript of Q1 FY27 Earnings Conference Call held on July 14, 2026",https://www.ltts.com/sites/default/files/investors/exchange-announcements/LTTSQ1FY27EarningsCallTranscript.pdf
2026-07-21 15:07:19,https://www.ltts.com/investors/exchange-announcements,ESG Rating by SES ESG Research Private Limited,https://www.ltts.com/sites/default/files/investors/exchange-announcements/SESESGCreditRating20072026signed.pdf
2026-07-21 15:07:19,https://www.manulife.com.my/investor-relations,MHB~Minutes of the 50th AGM (V3) (final) (website),https://www.manulife.com.my/content/dam/insurance/my/documents/about-us/investor-relations/50th-agm-2026/MHB~Minutes%20of%20the%2050th%20AGM%20(V3)%20(final)%20(website).pdf
2026-07-21 15:07:15,https://www.sunteckindia.com/esg.php,ESG report 2025-26,https://www.sunteckindia.com/pdf/esg/sunteck-report-2025-26.pdf
2026-07-21 15:07:15,https://www.dcmshriram.com/annual_reports,Annual Report FY 2025-26 List of Capital Assets FY 2025–26 BRSR FY 2025-26,https://www.dcmshriram.com/docs/files/Annual-Report-FY-2025-26.pdf
2026-07-21 15:07:15,https://www.dcmshriram.com/annual_reports,Annual Report FY 2025-26 List of Capital Assets FY 2025–26 BRSR FY 2025-26,https://www.dcmshriram.com/docs/files/BRSR-FY-2025-26.pdf
2026-07-21 15:07:15,https://www.dcmshriram.com/annual_reports,Annual Report FY 2025-26 List of Capital Assets FY 2025–26 BRSR FY 2025-26,https://www.dcmshriram.com/docs/files/AGM-Notice-FY-2025-26.pdf
2026-07-21 15:07:15,https://www.dcmshriram.com/code-of-conduct,DCM Shriram Prevention of Sexual Harassment Policy,https://www.dcmshriram.com/docs/files/Prevention-of-Sexual-Harassment-Policy.pdf
2026-07-21 15:07:15,https://suriagroup.com.my/investorrelations/,SCHB EGM 14July2026,https://suriagroup.com.my/wp-content/uploads/2026/06/SCHB-EGM-14July2026.pdf
2026-07-21 15:07:15,http://www.valueline.com/about/investor-relations,VL Press Release as of 7 17 2026 $0 350 div New Repurchase Program $2m,http://www.valueline.com/getmedia/d1beb456-06de-4dde-90d6-5cd3f4071f92/VL-Press-Release-as-of-7-17-2026-$0-350-div-New-Repurchase-Program-$2m.pdf?ext=.pdf
2026-07-21 15:07:14,https://www.cera-india.com/investor-relations/disclosure-of-events-under-regulation-30-of-sebi-lodr-regulations-2015,Announcement Under Regulation 30 (LODR)- Change In Senior Management Personnel VIEW PDF,https://www.cera-india.com/sites/default/files/2026-07/Announcement%20Under%20Regulation%2030%20%28LODR%29%20-%20Change%20In%20Senior%20Management%20Personnel.pdf
2026-07-21 15:07:14,https://www.birlasoft.com/company/investors/policies-reports-filings,earnings call intimation schedule q1fy27,https://www.birlasoft.com/sites/default/files/resources/downloads/investors/earnings-call-intimation-schedule-q1fy27.pdf
2026-07-21 15:07:14,https://www.mum.de/investor-relations/investor-relations-english/corporate-governance,2026 07 21 mum praesentation juli 2026,https://www.mum.de/-/media/mum/downloads/investor-relations/praesentationen-presentations/2026-07-21-mum-praesentation-juli-2026.pdf
2026-07-21 15:07:14,https://www.mum.de/investor-relations/investor-relations-english/corporate-governance,2026 07 21 mum presentation july 2026,https://www.mum.de/-/media/mum/downloads/investor-relations/praesentationen-presentations/2026-07-21-mum-presentation-july-2026.pdf
2026-07-21 15:07:13,https://mondenissin.com/sustainability/,Home Making Better Possible Our Impact Pillars Our Stories Governance & Stewardship Data & Resources,https://mondenissin.com/Monde Nissin 2025 Sustainability Report.pdf
2026-07-21 15:07:13,https://www.mum.de/investor-relations/investor-relations-english/company-reports,2026 q2 mum report,https://www.mum.de/-/media/mum/downloads/investor-relations/berichte-reports/2026-q2-mum-report.pdf
2026-07-21 15:07:14,https://www.empireco.ca/code-of-business-conduct-and-ethics,Code of Business Conduct and Ethics (Backstage Management) (PDF 1.93MB),https://www.empireco.ca/uploads/2026/07/Empire-Code-of-Business-Conduct-and-Ethics_Backstage-Management.pdf?id=axx12z
2026-07-21 15:07:14,https://www.empireco.ca/code-of-business-conduct-and-ethics,Code of Business Conduct and Ethics (Non-Management) (PDF 1.99MB),https://www.empireco.ca/uploads/2026/07/Empire-Code-of-Business-Conduct-and-Ethics_Non-Management.pdf?id=axx12z
2026-07-21 15:07:14,https://www.birlasoft.com/company/investors/corporate-governance,"Notice of Board Meeting scheduled on July 28, 2026",https://www.birlasoft.com/sites/default/files/resources/downloads/investors/notice-of-board-meeting-scheduled-on-july-28-2026.pdf
2026-07-21 15:07:14,https://www.sciencegroup.com/news/,"21 July, 2026 Transaction in own shares",https://www.sciencegroup.com/wp-content/uploads/2026/07/Buyback-20.07.2026.pdf
2026-07-21 15:07:14,https://www.camparigroup.com/en/page/group/governance,Annual General Meeting 16 April 2026 Annual report for the year ended 31.12.2025 Notice of call Candidates CV Overview of,https://www.camparigroup.com/sites/default/files/downloads/Annual%20General%20Meeting%20-%20Minutes.pdf
2026-07-23 03:41:59,https://investors.ccbg.com/sec-filings,Current report Documents EX-99.1,https://investors.ccbg.com/sec-filings/all-sec-filings/content/0000726601-26-000020/0000726601-26-000020.pdf
2026-07-23 03:41:59,https://masangroup.com/investor-relations.html,22/07/2026 22/07/2026 Board Resolution proposes the adjusted 2026 Business Plan,https://www.masangroup.com/wp-content/uploads/2026/07/20260722_MSN_NQ-HDQT_Dieu-chinh-KHKD-2026_EN.pdf
2026-07-23 03:41:59,https://en.wynnmacaulimited.com/announcements-and-circulars,Voluntary Announcement – Amendment of Land Concession Contract from the Macau Government in Respect of the Cotai Land,https://en.wynnmacaulimited.com/static-files/3887596e-f794-4be1-8faf-ba3ad6b900b3 
2026-07-23 03:41:59,https://gocolors.com/pages/investor-relations,INTEGRATED FILING - GOVERNANCE Q1 FY27,https://cdn.shopify.com/s/files/1/0598/8158/6848/files/INTEGRATED_FILING_-_GOVERNANCE_Q1_FY27.pdf?v=1784720772
2026-07-23 03:41:59,https://gocolors.com/pages/investor-relations,INVESTOR GRIEVANCE REPORT Q1 FY2027,https://cdn.shopify.com/s/files/1/0598/8158/6848/files/INVESTOR_GRIEVANCE_REPORT_Q1_FY2027.pdf?v=1784720771
2026-07-23 03:41:59,https://www.foresight.group/document-library,04 Jul 2023 FY23 Download Datapack Download Transcript Download Results Announcement Download Sustainability Report Download Presentation Download Report View Highlights,https://www.foresight.group/media/0n4bpcbw/interactive_web_book_fghl_ar26.pdf
2026-07-23 03:41:59,https://assuredguaranty.com/,S&P Affirms Assured Guaranty’s AA Financial Strength Ratings with Stable Outlook,https://assuredguaranty.com/images/uploads/RatingAgency-SP-2026-07-17-AGL-Report.pdf
2026-07-23 03:41:59,https://www.mullen-group.com/governance-compliance/governance-compliance/,How We Conduct Our Business A Behavior Guide 2025 Final,https://www.mullen-group.com/wp-content/uploads/How-We-Conduct-Our-Business-A-Behavior-Guide-2025-Final.pdf
2026-07-23 03:41:59,https://www.ucobank.com/English/policies.aspx,List of Provisionally Shortlisted Candidates for interview for the position of Data Privacy Compliance Officer in JMGS-I,https://www.ucobank.com/documents/20120/653076/Candidate+Provisionally+Selected+as+Customer+Service+Associate+under+IBPS-CRP-CSA-XV+for+Chandigarh+UT.pdf/df4bc94d-f80a-38a5-58dc-188d46f80383?t=1784723639505
2026-07-23 03:41:59,https://suriagroup.com.my/sustainability/,Sustainability Statement 2025,https://suriagroup.com.my/wp-content/uploads/2026/07/Sustainability-Statement-2025.pdf
2026-07-23 03:41:59,https://www.uco.bank.in/business-responsibility-and-sustainability-report-2024-25,List of Provisionally Shortlisted Candidates for interview for the position of Data Privacy Compliance Officer in JMGS-I,https://www.uco.bank.in/documents/20120/653076/Candidate+Provisionally+Selected+as+Customer+Service+Associate+under+IBPS-CRP-CSA-XV+for+Chandigarh+UT.pdf/df4bc94d-f80a-38a5-58dc-188d46f80383?t=1784723639505
2026-07-23 03:41:59,https://www.hasi.com/sustainability,6a610bec1ccffae3fbf1c6fb U.S. Political Engagement Report FY2025 fnl,https://cdn.prod.website-files.com/686ff8b55ddf1cb3401c8c94/6a610bec1ccffae3fbf1c6fb_U.S.%20Political%20Engagement%20Report_FY2025_fnl.pdf
2026-07-23 03:41:59,http://www.unitechgroup.com/about-us/code-of-conduct.asp,Year 2026 Year 2025 Year 2024 Year 2023 Year 2022 Year 2021 Year 2020 Year 2019 Year 2018 Year 2017,http://www.unitechgroup.com/pdfs/Order_dated_27-05-2026.pdf
2026-07-23 03:41:59,https://www.unitechgroup.com/investor-relations/disclosures-under-regulation-LODR.asp,Year 2026 Year 2025 Year 2024 Year 2023 Year 2022 Year 2021 Year 2020 Year 2019 Year 2018 Year 2017,https://www.unitechgroup.com/pdfs/Order_dated_27-05-2026.pdf
2026-07-23 03:41:59,https://www.manappuram.com/investors/annual-reports.html,MACOM Annual Report 2025 26,https://www.manappuram.com/sites/default/files/2026-07/MACOM%20Annual%20Report%202025-26.pdf
2026-07-23 03:41:59,https://www.dcmshriram.com/annual_reports,Annual Report FY 2025-26 List of Capital Assets FY 2025–26 BRSR FY 2025-26,https://www.dcmshriram.com/docs/files/weblink-letter.pdf
2026-07-23 03:41:59,https://www.dcmshriram.com/annual_reports,Subsidiary Financials FY 2025 26,https://www.dcmshriram.com/docs/files/Subsidiary-Financials-FY-2025-26.pdf
2026-07-23 03:41:59,https://www.relaxofootwear.com/pages/details-of-shares-transferred-to-iepf,FY 2018 19 Final Dividend 1,https://cdn.shopify.com/s/files/1/0673/0003/2740/files/FY_2018-19_Final_Dividend_1.pdf?v=1784711731
2026-07-23 03:41:59,https://www.iifl.com/finance/investor-relations/overview,‌ IIFL Finance Q1FY27 Investor Presentation,https://nbfciiflprodstg.blob.core.windows.net/iifl-finance-storage/files/investor/financials/Outcome_220720261.pdf
2026-07-23 03:41:59,https://www.iifl.com/finance/investor-relations/overview,IIFL Finance Q1FY27 Investor Presentation 1,https://nbfciiflprodstg.blob.core.windows.net/iifl-finance-storage/files/investor/financials/IIFL%20Finance%20Q1FY27_Investor%20Presentation_1.pdf
2026-07-23 03:42:01,https://www.touchstoneexploration.com/governance/sustainability/,Touchstone Board of Directors Mandate March 30 2026,https://www.touchstoneexploration.com/wp-content/uploads/2026/06/Touchstone-Board-of-Directors-Mandate-March-30-2026.pdf
2026-07-23 03:42:01,https://www.touchstoneexploration.com/governance/sustainability/,ESTMA Reporting Touchstone Exploration Inc. 2025,https://www.touchstoneexploration.com/wp-content/uploads/2026/05/ESTMA-Reporting-Touchstone-Exploration-Inc.-2025.pdf
2026-07-23 03:42:01,https://www.iifl.com/iifl-finance/financial,IIFL Finance Q1FY27 Investor Presentation 1,https://nbfciiflprodstg.blob.core.windows.net/iifl-finance-storage/files/investor/financials/IIFL Finance Q1FY27_Investor Presentation_1.pdf
2026-07-23 03:42:01,https://www.rainbowhospitals.in/investors-relations/policies-and-programs,"Notice of Board Meeting - July 30, 2026",https://d31scedd5hpubp.cloudfront.net/investor_files/Notice_of_Board_Meeting_-_July_30__2026.pdf
2026-07-23 03:42:01,https://www.bathurst.co.nz/investors-news/asx-announcements/,Noosa Mining Investor Conference presentation,https://www.bathurst.co.nz/assets/reports/Noosa-Mining-Investor-Conference-presentation.pdf
2026-07-23 03:42:01,https://www.bathurst.co.nz/investors-news/asx-announcements/,Noosa Mining Investor Conference presentation2,https://www.bathurst.co.nz/assets/reports/Noosa-Mining-Investor-Conference-presentation2.pdf
2026-07-23 03:42:01,https://www.sapphirefoods.in/investors-relation/updates,Sapphire Foods - AGM Scrutinizer Report - 22-07-2026,https://www.sapphirefoods.in/storage/app/media/sapphire-foods-agm-scrutinizer-report-22-07-2026.pdf
2026-07-23 03:42:01,https://www.sapphirefoods.in/investors-relation/updates,Sapphire Foods - Proceedings of AGM - 21-07-2026,https://www.sapphirefoods.in/storage/app/media/Sapphire%20Foods%20-%20Proceedings%20of%20AGM%20-%2021-07-2026.pdf
2026-07-23 03:42:01,https://www.sapphirefoods.in/investors-relation/updates,sapphire foods proceedings agm 26 27,https://www.sapphirefoods.in/storage/app/media/sapphire-foods-proceedings-agm-26-27.pdf
2026-07-23 03:41:55,https://www.bumiarmada.com/sustainability/,Bumi Armada Berhad is proud to be recognised at the Sustainability & CSR Malaysia Awards 2026 as the Company of,https://www.bumiarmada.com/wp-content/uploads/2026/07/Sustainability-CSR-Malaysia-Awards-2026.pdf
2026-07-23 03:41:55,https://www.tecsys.com/about-us/investors,FY2026 Tecsys Annual Report English,https://www.tecsys.com/hubfs/Financial%20Statements/FY26%20Annual%20Documents/FY2026%20Tecsys%20Annual%20Report%20-%20English.pdf?hsLang=en
2026-07-23 03:41:55,https://www.tecsys.com/about-us/investors,Annual Information Form FY26 Tecsys English,https://www.tecsys.com/hubfs/Financial%20Statements/FY26%20Annual%20Documents/Annual%20Information%20Form%20FY26%20Tecsys%20-%20English.pdf?hsLang=en
2026-07-23 03:41:55,https://www.tecsys.com/about-us/investors,FY26 Tecsys Annual Information Form,https://www.tecsys.com/hubfs/Financial%20Statements/FY26%20Annual%20Documents/Notice%20of%20Meeting%20FY26%20-%20English.pdf?hsLang=en
2026-07-23 03:41:55,https://www.tecsys.com/about-us/investors,FY26 Tecsys Annual Information Form,https://www.tecsys.com/hubfs/Financial%20Statements/FY26%20Annual%20Documents/Management%20Information%20Circular%20Tecsys%20FY26%20-%20English.pdf?hsLang=en
2026-07-23 03:41:55,https://www.hfcl.com/company-facts,Q1 Apr’ 26-Jun’26 Earning Announcement,https://cdn.prod.website-files.com/69e0036b695965871f0524ab/6a608936024792b3b3e82b80_HFCL_UFR_30062026.pdf
2026-07-23 03:41:55,https://www.shareindia.com/about-us/investor-relations,Details of Unclaimed amounts relating to NCD,https://www.shareindia.com/wp-content/uploads/data/uploads/Investor_Relations_Files/PublicView22072026.pdf
2026-07-23 03:41:55,https://www.shareindia.com/about-us/investor-relations,Announcement under Regulation 30 (LODR)- Intimation of Schedule of Conference Call with Analysts/Investors,https://www.shareindia.com/wp-content/uploads/data/uploads/Investor_Relations_Files/InvestorIntimation22072026.pdf
2026-07-23 03:42:02,https://www.jollibee.com.ph/investors/sec-reports/sustainability-report/,"November 11, 2024 JFC Press Release - Jollibee Group Reports Quarter 3 2024 Financial Results Consolidates Compose Coffee Delivers Strong",https://bucketeer-3eb16243-2c1c-43d2-be4e-1c2b3664d293.s3.amazonaws.com/2026/07/17C_Cash-Dividend-Declaration_June-17-2026.pdf
2026-07-23 03:42:02,https://www.touchstoneexploration.com/investors/reports-and-filings/,TXP Form 45 106F19 Listed Issuer Financing Document SEDAR,https://www.touchstoneexploration.com/wp-content/uploads/2026/06/TXP-Form-45-106F19-Listed-Issuer-Financing-Document-SEDAR.pdf
2026-07-23 03:42:02,https://www.touchstoneexploration.com/investors/reports-and-filings/,TXP Information Circular AGM 2026 vF,https://www.touchstoneexploration.com/wp-content/uploads/2026/06/TXP-Information-Circular-AGM-2026-vF.pdf
2026-07-23 03:42:02,https://www.clevelandcliffs.com/investors/corporate-governance/governance-documents,CLF Charter AuditCommittee 072026,https://www.clevelandcliffs.com/_assets/_14455905eb09b8b4f067620ee0773a5c/clevelandcliffs/db/1097/10047/file/CLF_Charter_AuditCommittee_072026.pdf
2026-07-23 03:42:02,https://www.clevelandcliffs.com/investors/corporate-governance/governance-documents,Strategy and Sustainability Committee Charter,https://www.clevelandcliffs.com/_assets/_14455905eb09b8b4f067620ee0773a5c/clevelandcliffs/db/1097/10050/file/CLF_Charter_Strategy_072026.pdf
2026-07-23 03:42:02,https://www.clevelandcliffs.com/investors/corporate-governance/governance-documents,Share Ownership Guidelines,https://www.clevelandcliffs.com/_assets/_14455905eb09b8b4f067620ee0773a5c/clevelandcliffs/db/1097/10802/file/CLF_ShareOwnership_072026.pdf
2026-07-23 03:42:02,https://www.irbinvit.co.in/announcement/,Audited Consolidated & Standalone Financial Results of IRB InvIT Fund (‘The Trust’) for the Half Year and Financial year ended,https://www.irbinvit.co.in/wp-content/uploads/2026/07/Intimation_Earningscall_IRBINVITFUND_SD.pdf
2026-07-23 03:41:56,http://en.wynnmacaulimited.com/announcements-and-circulars,Voluntary Announcement – Amendment of Land Concession Contract from the Macau Government in Respect of the Cotai Land,http://en.wynnmacaulimited.com/static-files/3887596e-f794-4be1-8faf-ba3ad6b900b3 
2026-07-23 03:41:56,https://dil-rjcorp.com/corporate-governance/,"Shareholding Pattern June 30, 2026",https://dil-rjcorp.com/wp-content/uploads/2026/07/dil-shp-30062026.pdf
2026-07-23 03:41:56,https://www.sciencegroup.com/news/,"22 July, 2026 Transaction in own shares",https://www.sciencegroup.com/wp-content/uploads/2026/07/Buyback-21.07.2026.pdf
2026-07-23 03:41:56,https://investor.horizonbank.com/corporate-information/corporate-profile/default.aspx,HBNC 2026 06 30 Earnings Release,https://s205.q4cdn.com/709297452/files/doc_financials/2026/q2/HBNC-2026-06-30-Earnings-Release.pdf
2026-07-23 03:41:56,https://investor.horizonbank.com/corporate-information/corporate-profile/default.aspx,HBNC 2Q26 Investor Presentation,https://s205.q4cdn.com/709297452/files/doc_financials/2026/q2/HBNC-2Q26-Investor-Presentation.pdf
2026-07-23 13:34:19,https://mahindralogistics.com/financial-results/shareholding-pattern/,Shareholding Pattern as on 30 June 2026 Published on: 23 July 2026,https://mahindralogistics.com/tabs/cms/files/Shareholding-Pattern-as-on-30-June-2026.pdf
2026-07-23 13:34:19,https://www.dalmiacement.com/investors-relations/shareholders-Information,SHP DBL Q1 FY 2026 2027,https://www.dalmiacement.com/assets/pdf/shareholder-Information/shareholding-pattern/fy27/SHP DBL Q1 FY 2026-2027.pdf
2026-07-23 13:34:19,https://www.primefocus.com/investor-centre/resources/,Reg 30 - Liquidation of a Subsidiary,https://www.primefocus.com/wp-content/uploads/2026/07/Reg-30-Liquidation-of-a-Subsidiary.pdf
2026-07-23 13:34:19,https://www.clevelandcliffs.com/,Cleveland-Cliffs Reports Second-Quarter 2026 Results,https://www.clevelandcliffs.com/_assets/_1a6e577b9a8bec8a83b71b6d2b3aeebb/clevelandcliffs/db/1111/12092/file/CLF+-+Second-Quarter+2026+Earnings+Presentation.pdf
2026-07-23 13:34:19,https://www.irbinvit.co.in/corporate-presentations-transcripts/,Corporate Presentation September 2021 Download Earnings Conference Call – 09/08/2021 Download Corporate Presentation June 2021 Download Earnings Conference Call –,https://www.irbinvit.co.in/wp-content/uploads/2026/07/IRB-InvIT_Corporate-Presentation_Q1FY27_v1.pdf
2026-07-23 13:34:20,https://www.ocbc.id/en/tentang-ocbc-nisp/tata-kelola,"OCBC has identified and reported on 10 material topics related to ESG, which align with our ""ABC"" imperatives, which include:",https://cdn1.ocbc.id/asset/media/Feature/AboutOCBC/Laporan-Keberlanjutan/2025/sustainability-report-2025-ocbc.pdf#page=212
2026-07-23 13:34:18,https://ir.veritexbank.com/investor-overview?c,2026 Second Quarter Earnings Review View Presentation,https://d1io3yog0oux5.cloudfront.net/_1675fe84d997d1559fbf405a8e5c9d2f/huntington/db/2706/28862/pdf/2Q26+Earnings+Presentation_vfinal.pdf
2026-07-23 13:34:18,https://ir.veritexbank.com/investor-overview?c,2Q26+Earnings+Presentation vfinal,https://d1io3yog0oux5.cloudfront.net/_1675fe84d997d1559fbf405a8e5c9d2f/huntington/db/2725/28860/presentation/2Q26+Earnings+Presentation_vfinal.pdf
2026-07-23 13:34:18,https://ir.veritexbank.com/investor-overview?c,Earnings Press Release and Supplement PDF,https://d1io3yog0oux5.cloudfront.net/_1675fe84d997d1559fbf405a8e5c9d2f/huntington/db/2725/28860/earnings_press_release_and_supplement/2Q26+EPR+and+Supplemental+vF.pdf
2026-07-23 13:34:18,https://www.rainbowhospitals.in/investors-relations/policies-and-programs,"Intimation of ESG Rating – July 23, 2026",https://d31scedd5hpubp.cloudfront.net/investor_files/Intimation_of_ESG_Rating_–_July_23__2026.pdf
2026-07-23 13:34:18,https://www.ardaghmetalpackaging.com/investors/,AMPSA+Q2+2026+Earnings+Release,https://ir.ardaghmetalpackaging.com/_assets/_331e07c16ad1db78206b0c5a9e304c41/ardaghmetalpackaging/db/1085/15847/earnings_release/AMPSA+Q2+2026+Earnings+Release.pdf
2026-07-23 13:34:18,https://www.ardaghmetalpackaging.com/investors/,Ardagh+Metal+Packaging+S.A.+Q2+2026+Earnings+Presentation+230726,https://ir.ardaghmetalpackaging.com/_assets/_331e07c16ad1db78206b0c5a9e304c41/ardaghmetalpackaging/db/1085/15847/presentation/Ardagh+Metal+Packaging+S.A.+Q2+2026+Earnings+Presentation+230726.pdf
2026-07-23 13:34:18,https://www.ardaghmetalpackaging.com/investors/,AMPSA+Q2+2026+Interim+Financial+Statements,https://ir.ardaghmetalpackaging.com/_assets/_331e07c16ad1db78206b0c5a9e304c41/ardaghmetalpackaging/db/1085/15847/financial_report/AMPSA+Q2+2026+Interim+Financial+Statements.pdf
2026-07-23 13:34:17,https://www.mrcb.com.my/investor-relations/shareholder.html,Minutes of 55th AGM 18 June 2026,https://ir2.chartnexus.com/mrcb/docs/agm/2026/Minutes of 55th AGM 18 June 2026.pdf
2026-07-23 13:34:17,https://www.shareindia.com/about-us/investor-relations,Merchant Banking InvestorCharter IPOs and FPOs including OFS 23072026,https://www.shareindia.com/wp-content/uploads/data/uploads/Investor_Relations_Files/Merchant-Banking-InvestorCharter-IPOs-and-FPOs-including-OFS-23072026.pdf
2026-07-23 13:34:17,https://www.shareindia.com/about-us/investor-relations,Merchant Banker Investor Charter Rights Issue Qualified Institutions Placement QIPs Prefential Issue 23072026,https://www.shareindia.com/wp-content/uploads/data/uploads/Investor_Relations_Files/Merchant-Banker-Investor-Charter-Rights-Issue-Qualified-Institutions-Placement-QIPs-Prefential-Issue-23072026.pdf
2026-07-23 13:34:17,https://www.shareindia.com/about-us/investor-relations,Merchant Banker Investor Charter SME IPOs FPOs BUYBACK OF SECURITIES DELISTING OF EQUITY SHARES 23 072026,https://www.shareindia.com/wp-content/uploads/data/uploads/Investor_Relations_Files/Merchant-Banker-Investor-Charter-SME-IPOs-FPOs-BUYBACK-OF-SECURITIES-DELISTING-OF-EQUITY-SHARES-23-072026.pdf
2026-07-23 13:34:17,https://www.shareindia.com/about-us/investor-relations,Merchant Banking Investo Charter Substantial Acquisition of shared and takeovers 2307206,https://www.shareindia.com/wp-content/uploads/data/uploads/Investor_Relations_Files/Merchant-Banking-Investo-Charter-Substantial-Acquisition-of-shared-and-takeovers-2307206.pdf
2026-07-23 13:34:17,https://www.shareindia.com/about-us/investor-relations,Share India Securities Limited Initial Rating Letter updated 23072026,https://www.shareindia.com/wp-content/uploads/data/uploads/Investor_Relations_Files/Share India Securities Limited_Initial_Rating_Letter_updated_23072026.pdf
2026-07-23 13:34:17,https://www.clevelandcliffs.com/investors/financial-information/financial-results,2026 07 23 Cleveland Cliffs Reports Second Quarter 2026 700,https://www.clevelandcliffs.com/_assets/_c27fa9725e0f08b1726d6b525a551cd6/clevelandcliffs/news/2026-07-23_Cleveland_Cliffs_Reports_Second_Quarter_2026_700.pdf
2026-07-23 13:34:17,https://www.clevelandcliffs.com/investors/financial-information/financial-results,CLF+ +Second Quarter+2026+Earnings+Presentation,https://www.clevelandcliffs.com/_assets/_54655ab5ed93999cb17e2ea0403b44c9/clevelandcliffs/db/1111/12092/file/CLF+-+Second-Quarter+2026+Earnings+Presentation.pdf
2026-07-23 13:34:17,https://www.bruker.com/en/about.html,Bruker UK Limited Anti Slavery Statement 2023,https://www.bruker.com/protected/en/services/software-downloads/preclinical-and-biomedical-imaging/_jcr_content/root/sections/section_1260158288/sectionpar/twocolumns/contentpar-2/text_copy_copy_copy.download-asset.pdf/35646349-01ee-4e77-ab0f-650a5466e2dd/Bruker-UK-Limited-Anti-Slavery-Statement-2023.pdf
2026-07-23 13:34:17,https://www.tigerbrands.com/policies-and-charters.php,tiger brands board charter 2026,https://www.tigerbrands.com/pdf/download-centre/policies-and-charters/policies/tiger-brands-board-charter-2026.pdf
2026-07-23 13:34:17,https://www.tigerbrands.com/policies-and-charters.php,tiger brands terms of reference of the audit and risk committee 2026,https://www.tigerbrands.com/pdf/download-centre/policies-and-charters/policies/tiger-brands-terms-of-reference-of-the-audit-and-risk-committee-2026.pdf
2026-07-23 13:34:17,https://www.tigerbrands.com/policies-and-charters.php,tiger brands terms of reference of the investment committee 2026,https://www.tigerbrands.com/pdf/download-centre/policies-and-charters/policies/tiger-brands-terms-of-reference-of-the-investment-committee-2026.pdf
2026-07-23 13:34:17,https://www.tigerbrands.com/policies-and-charters.php,tiger brands terms of reference of the nomination and governance committee 2026,https://www.tigerbrands.com/pdf/download-centre/policies-and-charters/policies/tiger-brands-terms-of-reference-of-the-nomination-and-governance-committee-2026.pdf
2026-07-23 13:34:17,https://www.tigerbrands.com/policies-and-charters.php,tiger brands terms of reference of the remuneration committee 2026,https://www.tigerbrands.com/pdf/download-centre/policies-and-charters/policies/tiger-brands-terms-of-reference-of-the-remuneration-committee-2026.pdf
2026-07-23 13:34:17,https://www.tigerbrands.com/policies-and-charters.php,tiger brands terms of reference of the social ethics and sustainability committee 2026,https://www.tigerbrands.com/pdf/download-centre/policies-and-charters/policies/tiger-brands-terms-of-reference-of-the-social-ethics-and-sustainability-committee-2026.pdf
2026-07-23 13:34:17,https://www.tigerbrands.com/policies-and-charters.php,English Tiger Brands PAIA Manual 2026,https://www.tigerbrands.com/pdf/download-centre/sustainability/English-Tiger-Brands-PAIA-Manual-2026.pdf
2026-07-23 13:34:17,https://www.tigerbrands.com/policies-and-charters.php,Zulu Tiger Brands PAIA Manual 2026,https://www.tigerbrands.com/pdf/download-centre/sustainability/Zulu-Tiger-Brands-PAIA-Manual-2026.pdf
2026-07-23 13:34:17,https://www.tigerbrands.com/policies-and-charters.php,Afrikaans Tiger Brands PAIA Manual 2026,https://www.tigerbrands.com/pdf/download-centre/sustainability/Afrikaans-Tiger-Brands-PAIA-Manual-2026.pdf
2026-07-23 13:34:16,https://www.clevelandcliffs.com/news/fact-center,Lourenco Goncalves – Chairman and Chief Executive Officer,https://www.clevelandcliffs.com/_assets/_c27fa9725e0f08b1726d6b525a551cd6/clevelandcliffs/db/1188/10358/file/ExecBios_LourencoGoncalves_072026.pdf
2026-07-23 13:34:16,https://www.clevelandcliffs.com/news/fact-center,Celso Goncalves – President and Chief Financial Officer,https://www.clevelandcliffs.com/_assets/_c27fa9725e0f08b1726d6b525a551cd6/clevelandcliffs/db/1188/10366/file/ExecBios_CelsoGoncalves_072026.pdf
2026-07-23 13:34:16,https://jamescropper.com/investors/,Report Annual Report 2026,https://jamescropper.com/wp-content/uploads/2026/07/FY26-Annual-Report_James-Cropper_Web.pdf
2026-07-23 13:34:16,https://www.iifl.com/finance/investor-relations/financials,IIFL ESOP Disclosure 2026 298.96 KB,https://nbfciiflprodstg.blob.core.windows.net/iifl-finance-storage/files/investor/financials/IIFL_ESOP_Disc_2026.pdf
2026-07-23 13:34:16,https://www.irbinvit.co.in/announcement/,"Expanding asset base drives higher distribution, IRB InvIT Fund declares Q1FY27 payout of Rs.208.26 Crs at Rs.1.625 per unit (annualized",https://www.irbinvit.co.in/wp-content/uploads/2026/07/PressRelease_IRBInvIT_Results-Q1FY27_23rdJuly.2026_Final.pdf
2026-07-23 13:34:16,https://www.irbinvit.co.in/announcement/,Audited Consolidated & Standalone Financial Results of IRB InvIT Fund (‘The Trust’) for the Half Year and Financial year ended,https://www.irbinvit.co.in/wp-content/uploads/2026/07/ProceedingsofAGM_IRBInvITFund_sd.pdf
2026-07-23 13:34:16,https://www.irbinvit.co.in/announcement/,Audited Consolidated & Standalone Financial Results of IRB InvIT Fund (‘The Trust’) for the Half Year and Financial year ended,https://www.irbinvit.co.in/wp-content/uploads/2026/07/Scrutinizerreport_sd.pdf
2026-07-23 13:34:16,https://www.irbinvit.co.in/announcement/,Audited Consolidated & Standalone Financial Results of IRB InvIT Fund (‘The Trust’) for the Half Year and Financial year ended,https://www.irbinvit.co.in/wp-content/uploads/2026/07/OutcomeofBM_sd.pdf
2026-07-23 13:34:16,https://www.gruppoacea.it/en/presentations-and-webcasts,1h 2026 results presentation,https://www.gruppoacea.it/content/dam/acea-corporate/pdf/en/investors/2026/presentations/1h-2026-results-presentation.pdf
2026-07-23 13:34:16,https://www.gruppoacea.it/en/presentations-and-webcasts,AceaCPS 23072026 en,https://www.gruppoacea.it/content/dam/acea-corporate/pdf/en/comunicati-stampa/comunicati-ps/2026/07/AceaCPS-23072026-en.pdf
2026-07-23 13:34:19,https://www.clevelandcliffs.com/investors,CLF+ +Second Quarter+2026+Earnings+Presentation,https://www.clevelandcliffs.com/_assets/_c27fa9725e0f08b1726d6b525a551cd6/clevelandcliffs/db/1111/12092/file/CLF+-+Second-Quarter+2026+Earnings+Presentation.pdf
2026-07-23 13:34:19,https://www.zegnagroup.com/en/corporate-governance/governance-documents/,Overview of roles Executive Chairman and LNED,https://www.zegnagroup.com/wp-content/uploads/2021/11/Overview-of-roles-Executive-Chairman-and-LNED.pdf
2026-07-23 13:34:19,https://investor.marinemax.com/,HZO 3QF26 Earnings Slides vFinal,https://s28.q4cdn.com/795129223/files/doc_presentations/2026/Jul/23/HZO_3QF26-Earnings-Slides_vFinal.pdf
2026-07-24 03:19:55,https://www.cegedim.com/finance/documentation/Pages/reports.aspx,Cegedim Revenue 1H2026 ENG,https://www.cegedim.com/Communique/Cegedim_Revenue_1H2026_ENG.pdf
2026-07-24 03:19:55,https://www.cegedim.com/finance/documentation/Pages/reports.aspx,Cegedim slidesRevenue 1S2026 ENG,https://www.cegedim.com/Communique/Cegedim_slidesRevenue_1S2026_ENG.pdf
2026-07-24 03:19:55,https://www.clevelandcliffs.com/investors,10-Q Filing,https://www.clevelandcliffs.com/investors/sec-filings/all-sec-filings/content/0000764065-26-000100/0000764065-26-000100.pdf
2026-07-24 03:19:55,https://www.picknpayinvestor.co.za/governance.php,The Corporate Governance charter is reviewed annually to ensure that the committee mandates remain current and effective and that the,https://www.picknpayinvestor.co.za/pdf/governance/2026/elc14722-pick-n-pay-retailers-bee-certificate-final.pdf
2026-07-24 03:19:55,https://www.picknpayinvestor.co.za/governance.php,The Corporate Governance charter is reviewed annually to ensure that the committee mandates remain current and effective and that the,https://www.picknpayinvestor.co.za/pdf/governance/2026/pik-2026-bbbee-1-compliance-report-13g2-jse-2.pdf
2026-07-24 03:19:55,https://investor.marinemax.com/,Form 10 Q,https://d18rn0p25nwr6d.cloudfront.net/CIK-0001057060/f218d4cd-8aa1-4fbe-aed1-bc9cf8d612f2.pdf
2026-07-24 03:19:57,https://www.baytexenergy.com/,"Jul 23, 2026 Baytex Conference Call and Webcast on Second Quarter 2026 Results to Be Held on July 31, 2026",https://newsroom.newsfilecorp.com/8528/1784840400-306331.pdf
2026-07-24 03:19:57,https://www.baytexenergy.com/investors/news-releases/,"Baytex Conference Call and Webcast on Second Quarter 2026 Results to Be Held on July 31, 2026",https://www.baytexenergy.com/content/uploads/news/1784840400-306331.pdf
2026-07-24 03:19:57,https://www.ucobank.com/en/policies,"Candidate Provisionally Selected as Customer Service Associate under IBPS-CRP-CSA-XV for Chandigarh UT, along with schedule of Document, Biometric Verification and",https://www.ucobank.com/documents/20120/670460/Candidate+Provisionally+Selected+as+Customer+Service+Associate+under+IBPS-CRP-CSA-XV+for+Chandigarh+UT.pdf/478eeafd-b4f9-e421-8c09-f3c7aa92f7cc?t=1784722645299
2026-07-24 03:19:54,https://www.rainbowhospitals.in/investors-relations/policies-and-programs,RCML’s Q1 FY27 Conference Call,https://d31scedd5hpubp.cloudfront.net/investor_files/RCML’s_Q1_FY27_Conference_Call.pdf
2026-07-24 03:19:58,https://ir.aprea.com/financial-information/sec-filings,Report of unscheduled material events or corporate event,https://ir.aprea.com/static-files/fabcde9e-00f4-4933-bd22-6996c195de2f
2026-07-24 03:19:58,https://ir.aprea.com/financial-information/sec-filings,Report of unscheduled material events or corporate event,https://ir.aprea.com/static-files/cd5e64a2-a7dd-4c97-898b-8d9f66161fa7
2026-07-24 03:19:58,https://ir.aprea.com/financial-information/sec-filings,Report of unscheduled material events or corporate event,https://ir.aprea.com/static-files/22f172b9-c30f-46b4-95ee-55c2ac9cd4e7
2026-07-24 03:19:54,https://www.hasi.com/sustainability/policies-disclosures,6a610bec1ccffae3fbf1c6fb a7f270aa529143ad457cfae08cbd5339 US Political Engagement Report FY2025,https://cdn.prod.website-files.com/686ff8b55ddf1cb3401c8c94/6a610bec1ccffae3fbf1c6fb_a7f270aa529143ad457cfae08cbd5339_US%20Political%20Engagement%20Report_FY2025.pdf
2026-07-24 03:19:54,https://eupe.com.my/investors,ECB Announcement Q1FY2027,https://eupe.com.my/sites/default/files/node/quarterly-report/files/2026-07/ECB%20Announcement%20Q1FY2027.pdf
2026-07-24 03:19:54,https://www.ubisoft.com/en-us/company/about-us/investors#governance,Ubisoft reports first-quarter 2026-27 sales,https://staticctf.ubisoft.com/8aefmxkxpxwl/u6PstLIurmu4aaTlzdOvk/66cdf0b12d61438d5df4c066f0fa64ba/Ubisoft_FY27_Q1_PR_English_vF.pdf
2026-07-24 03:19:56,https://www.uco.bank.in/business-responsibility-and-sustainability-report-2024-25,"Candidate Provisionally Selected as Customer Service Associate under IBPS-CRP-CSA-XV for Chandigarh UT, along with schedule of Document, Biometric Verification and",https://www.uco.bank.in/documents/20120/670460/Candidate+Provisionally+Selected+as+Customer+Service+Associate+under+IBPS-CRP-CSA-XV+for+Chandigarh+UT.pdf/478eeafd-b4f9-e421-8c09-f3c7aa92f7cc?t=1784722645299
2026-07-24 03:19:56,https://gacl.com/financials/,Q1 Result 2027,https://gacl.com/wp-content/uploads/2026/07/Q1-Result-2027.pdf
2026-07-27 02:46:40,https://www.sciencegroup.com/news/,"24 July, 2026 Notice of Interim Results",https://www.sciencegroup.com/wp-content/uploads/2026/07/Notice-of-Interim-Results-240726-.pdf
2026-07-27 02:46:40,https://www.sciencegroup.com/news/,"24 July, 2026 Transaction in own shares",https://www.sciencegroup.com/wp-content/uploads/2026/07/Buyback-23.07.2026.pdf
2026-07-27 02:46:40,https://www.clevelandcliffs.com/investors,Q2+2026+Earnings+Call+Transcript,https://www.clevelandcliffs.com/_assets/_e13fbf72c34970189769d0925fdc0263/clevelandcliffs/db/1111/12098/file/Q2+2026+Earnings+Call+Transcript.pdf
2026-07-27 02:46:40,https://www.acclimited.com/#collapse2,24 Jul 2026 ACC begins FY’27 with resilient Q1 Performance,https://www.acclimited.com/-/media/Project/ACC-Limited/newroom/2026/Media-Release---ACC-Q1-FY__27.ashx
2026-07-27 02:46:40,https://www.stillfront.com/en/investors/reports-and-documents/?y=2026,report interim report q2 2026 260724,https://www.stillfront.com/en/wp-content/uploads/sites/2/2021/10/report-interim-report-q2-2026-260724.pdf
2026-07-27 02:46:40,https://www.stillfront.com/en/investors/reports-and-documents/?y=2026,presentation interim report q2 2026 260724,https://www.stillfront.com/en/wp-content/uploads/sites/2/2021/10/presentation-interim-report-q2-2026-260724.pdf
2026-07-27 02:46:40,https://www.stillfront.com/en/investors/reports-and-documents/?y=2026,rapport delarsrapport q2 2026 260724,https://www.stillfront.com/en/wp-content/uploads/sites/2/2021/10/rapport-delarsrapport-q2-2026-260724.pdf
2026-07-27 02:46:41,https://www.arcelikglobal.com/en/sustainability/sustainability-reports/,2025 integrated report,https://www.arcelikglobal.com/media/fdijdskp/2025-integrated-report.pdf
2026-07-27 02:46:41,https://www.arcelikglobal.com/en/sustainability/sustainability-reports/,2025 tsrs compliant sustainability report,https://www.arcelikglobal.com/media/iflo3ikj/2025-tsrs-compliant-sustainability-report.pdf
2026-07-27 02:46:41,https://www.arcelikglobal.com/en/company/reports-presentations/sustainability-reports/,2025 tsrs compliant sustainability report,https://www.arcelikglobal.com/media/tevpiwpz/2025-tsrs-compliant-sustainability-report.pdf
2026-07-27 02:46:41,https://www.jollibee.com.ph/investors/sec-reports/sustainability-report/,"2015 Amended General Information Sheet – December 11, 2015",https://bucketeer-7d3e45fd-6c25-41b2-b572-f1a987947f0e.s3.amazonaws.com/jfc-interim/Jollibee%20Foods%20Corporation%202026%20General%20Information%20Sheet.pdf
2026-07-27 02:46:41,https://www.arcelikglobal.com/en/company/policies/,Artificial Intelligence Ethics and Responsible Governance Policy,https://www.arcelikglobal.com/media/vrxpgcfz/arcelik_ai_policy.pdf
2026-07-27 02:46:41,https://www.dcmshriram.com/investors/annual-report#pills-two-tab,Annual Report FY 2025-26 List of Capital Assets FY 2025–26 BRSR FY 2025-26,https://www.dcmshriram.com/docs/files/MGT-2025-26.pdf
2026-07-27 02:46:41,https://www.arcelikglobal.com/en/company/reports-presentations/assurance-reports/,arçelik 2025 ir independent assurance report,https://www.arcelikglobal.com/media/s1pfq1wb/arçelik-2025-ir_independent-assurance-report.pdf
2026-07-27 02:46:40,https://www.hermle.de/en/news-media/downloads/,1.2.1 PSIRT Coordinated Vulnerability Disclosure CVD Policy der Maschinenfabrik Berthold HERMLE AG EN,https://www.hermle.de/fileadmin/website/2_BEARBEITUNGSZENTREN_AUTOMATION/2_5_Digitale_Bausteine/Produktsicherheit/1.2.1_-_PSIRT__Coordinated_Vulnerability_Disclosure__CVD__Policy_der_Maschinenfabrik_Berthold_HERMLE_AG_EN.pdf
2026-07-27 02:46:40,https://www.rainbowhospitals.in/investors-relations/policies-and-programs,"RCML’s Q1 FY27 Conference Call on Friday, July 31, 2026, at 10:00 AM (IST)",https://d31scedd5hpubp.cloudfront.net/investor_files/RCML%E2%80%99s_Q1_FY27_Conference_Call.pdf
2026-07-27 02:46:40,https://www.sapphirefoods.in/investors-relation/updates,Sapphire Foods - Audio Recording Q1 FY27 Conference Call,https://www.sapphirefoods.in/storage/app/media/sapphire-foods-audio-recording-q1-fy27-conference-call.pdf
2026-07-27 02:46:40,https://www.sapphirefoods.in/investors-relation/updates,Sapphire Foods - Press Release & Earnings Presentation - 24-07-2026,https://www.sapphirefoods.in/storage/app/media/sapphire-foods-press-release-earnings-presentation-24-07-2026.pdf
2026-07-27 02:46:40,https://www.sapphirefoods.in/investors-relation/updates,Sapphire Foods - Outcome of Board Meeting - 24-07-2026,https://www.sapphirefoods.in/storage/app/media/sapphire-foods-outcome-board-meeting-24-07-2026.pdf
2026-07-27 02:46:40,https://masangroup.com/investor-relations.html,27/07/2026 27/07/2026 2Q2026 Consolidate Unaudited Results,https://www.masangroup.com/wp-content/uploads/2026/07/20260727_MSN_Conso-2Q26-FS_EN-quality.pdf
2026-07-27 02:46:40,https://masangroup.com/investor-relations.html,27/07/2026 27/07/2026 2Q2026 Separate Unaudited Results,https://www.masangroup.com/wp-content/uploads/2026/07/20260727_MSN_Sepa-2Q26-FS_EN-quality.pdf
2026-07-27 02:46:40,https://www.sbicard.com/en/who-we-are/corporate-announcements.page,Disclosure under Regulation 30 - Earnings Call Audio Recording,https://www.sbicard.com/sbi-card-en/assets/docs/pdf/who-we-are/notices/SEFilingAudio.pdf
2026-07-27 02:46:40,https://www.sbicard.com/en/who-we-are/corporate-announcements.page,Statement of deviation or variation under Reg 52(7) and 52(7A),https://www.sbicard.com/sbi-card-en/assets/docs/pdf/who-we-are/notices/SEFiling52(7)and52(7A)(4)July2026.pdf
2026-07-27 02:46:40,https://www.sbicard.com/en/who-we-are/corporate-announcements.page,Disclosure under Regulation 30 – Press Release,https://www.sbicard.com/sbi-card-en/assets/docs/pdf/who-we-are/notices/SEFilingPressRelease(3)July2026.pdf
2026-07-27 02:46:40,https://www.sbicard.com/en/who-we-are/corporate-announcements.page,Disclosure under Regulation 30 – Investor Presentation,https://www.sbicard.com/sbi-card-en/assets/docs/pdf/who-we-are/notices/SEFilingInvestorPresentation(2)July2026.pdf
2026-07-27 02:46:40,https://www.sbicard.com/en/who-we-are/corporate-announcements.page,Outcome of the Board Meeting – 24.07.2026 (Financial Results),https://www.sbicard.com/sbi-card-en/assets/docs/pdf/who-we-are/notices/SEFilingOutcomeofBoardMeeting(1)July2026.pdf
2026-07-27 02:46:40,https://www.sbicard.com/en/who-we-are/corporate-announcements.page,Disclosure under Regulation 30 – Allotment (ESOP),https://www.sbicard.com/sbi-card-en/assets/docs/pdf/who-we-are/notices/SEFilingESOPAllotment24July2026.pdf
2026-07-27 02:46:40,https://mahindralogistics.com/corporate-announcement,SES ESG Rating Report 2026 Published on: 25 July 2026,https://mahindralogistics.com/tabs/cms/files/SEIntimationNSEESGRatingSigned.pdf
2026-07-27 02:46:40,https://www.ltts.com/investors,LTTS Q1FY27 Investor Presentation,https://www.ltts.com/system/files/2026-07/LTTS-Q1FY27-Investor-Presentation.pdf
2026-07-27 02:46:40,https://gocolors.com/pages/investor-relations,EARNINGS CALL INVITE Q1 FY27,https://cdn.shopify.com/s/files/1/0598/8158/6848/files/EARNINGS_CALL_INVITE_Q1_FY27.pdf?v=1784868749
2026-07-27 02:46:40,https://gocolors.com/pages/investor-relations,INTIMATION OF BOARD MEETING Q1 FY27,https://cdn.shopify.com/s/files/1/0598/8158/6848/files/INTIMATION_OF_BOARD_MEETING_Q1_FY27.pdf?v=1784868749
2026-07-27 02:46:40,https://serviceware-se.com/company/investor-relations/financial-reports,serviceware 2025 2026 q2 interim report,https://serviceware-se.com/hubfs/serviceware-2025-2026-q2-interim-report.pdf
2026-07-27 02:46:40,https://www.hindustancopper.com/Page/CSR,Preamble For Hindustan Copper Limited (HCL) Corporate Social Responsibility (CSR) is the Company’s commitment to its stakeholders to conduct business,https://www.hindustancopper.com/Content/PDF/CSR-Annual-Report-FY-2025-26.pdf
2026-07-27 02:46:42,https://www.shareindia.com/about-us/investor-relations,CSR Annual Action Plan Jan 2026 revised up,https://www.shareindia.com/wp-content/uploads/data/uploads/Investor_Relations_Files/CSR_Annual Action Plan Jan 2026_revised_up.pdf
2026-07-27 02:46:42,https://www.shareindia.com/about-us/investor-relations,FinancialResultsd24072026,https://www.shareindia.com/wp-content/uploads/data/uploads/Investor_Relations_Files/FinancialResultsd24072026.pdf
2026-07-27 02:46:42,https://www.shareindia.com/about-us/investor-relations,Financials Results,https://www.shareindia.com/wp-content/uploads/data/uploads/Investor_Relations_Files/PressReleaseQ1FY27signed25072026.pdf
2026-07-27 02:46:42,https://www.shareindia.com/about-us/investor-relations,Announcement under Regulation 30 (LODR) – Newspaper Publication of Unaudited Standalone and Consolidated Financial Results of the Company for the,https://www.shareindia.com/wp-content/uploads/data/uploads/Investor_Relations_Files/NewspaperPublication25072026.pdf
2026-07-27 02:46:42,https://www.shareindia.com/about-us/investor-relations,"Announcement under Regulation 30 (LODR)- Outcome of Board Meeting held on July 24, 2026",https://www.shareindia.com/wp-content/uploads/data/uploads/Investor_Relations_Files/OutcomeBM24072026final.pdf
2026-07-27 02:46:36,https://www.sunteckindia.com/esg.php,isae 3000brsr core sunteck realty ltd sra 838881,https://www.sunteckindia.com/pdf/esg/isae-3000brsr-core-sunteck-realty-ltd-sra-838881.pdf
2026-07-27 02:46:36,https://www.hleglascoat.com/corporate-governance/,4. Integrated Governance Report Q1 FY2026 27,https://www.hleglascoat.com/wp-content/uploads/2026/07/4.-Integrated-Governance-Report_Q1-FY2026-27.pdf
2026-07-27 02:46:36,https://www.hleglascoat.com/corporate-governance/,10. Policy for Remuneration of the Directors,https://www.hleglascoat.com/wp-content/uploads/2026/07/10.-Policy-for-Remuneration-of-the-Directors.pdf
2026-07-27 02:46:36,https://www.hleglascoat.com/corporate-governance/,7. RPT H2 FY 2025 26 Disclosure,https://www.hleglascoat.com/wp-content/uploads/2026/07/7.-RPT-H2-FY-2025-26-Disclosure.pdf
2026-07-27 02:46:36,https://www.hleglascoat.com/corporate-governance/,6. RPT H1 FY 2025 26 Disclosure,https://www.hleglascoat.com/wp-content/uploads/2026/07/6.-RPT-H1-FY-2025-26-Disclosure.pdf
2026-07-27 02:46:36,https://www.hleglascoat.com/corporate-governance/,RPT Disclosures March 2025,https://www.hleglascoat.com/wp-content/uploads/2026/07/5.-RPT-H2-FY2024-25-Disclosure.pdf
2026-07-27 02:46:36,https://www.hleglascoat.com/updates-announcements/,Reg. 30 Intimation of Credit Ratings for Fund based and Non-fund-based facilities,https://www.hleglascoat.com/wp-content/uploads/2026/07/2.-intimation_ICRA_jul_2026_Rev_Final_SD.pdf
2026-07-27 02:46:36,https://www.hleglascoat.com/updates-announcements/,1. 522215 Regulation 30 Change in KMP NK SD,https://www.hleglascoat.com/wp-content/uploads/2026/07/1.-522215_Regulation-30_Change-in-KMP_NK_SD.pdf
2026-07-27 02:46:36,https://www.hleglascoat.com/updates-announcements/,Intimation for Closure of Trading Window June 2026 Quarter,https://www.hleglascoat.com/wp-content/uploads/2026/07/8.-LETTER-TRADING-WINDOW-CLOSURE-JUNE-26_sd.pdf
2026-07-27 02:46:36,https://www.hleglascoat.com/updates-announcements/,Reg. 30 _ Change in Senior Management Personnel (SMP) of the Company,https://www.hleglascoat.com/wp-content/uploads/2026/07/3.-522215_Regulation-30_Change-in-SMP_DC_SD.pdf
2026-07-27 02:46:36,http://www.acclimited.com/#collapse2,24 Jul 2026 ACC begins FY’27 with resilient Q1 Performance,http://www.acclimited.com/-/media/Project/ACC-Limited/newroom/2026/Media-Release---ACC-Q1-FY__27.ashx
2026-07-27 02:46:36,https://www.welspuncorp.com/company-disclosures.php,investorreport 1704,https://www.welspuncorp.com/uploads/investor_data/investorreport__1704.pdf
2026-07-27 02:46:36,https://www.relaxofootwear.com/pages/details-of-shares-transferred-to-iepf,FY 2018 19 Final Dividend,https://cdn.shopify.com/s/files/1/0673/0003/2740/files/FY_2018-19_Final_Dividend.pdf.pdf?v=1784875180
2026-07-27 02:46:36,https://www.relaxofootwear.com/pages/details-of-shares-transferred-to-iepf,FY 2018 19 Final Dividend 2,https://cdn.shopify.com/s/files/1/0673/0003/2740/files/FY_2018-19_Final_Dividend.pdf_2.pdf?v=1784877600
2026-07-27 02:46:36,https://sindhutrade.com/investors-corner/,Updated Valuation Report Sainik Mining and Allied Services Limited,https://sindhutrade.com/wp-content/uploads/2026/07/Valuation-Report-Sainik-Mining-and-Allied-Services-Limited.pdf
2026-07-27 02:46:36,https://sindhutrade.com/investors-corner/,Updated Valuation Report of Sindhu Trade Links Limited,https://sindhutrade.com/wp-content/uploads/2026/07/Updated-Valuation-Report-of-Sindhu-Trade-Links-Limited.pdf
2026-07-27 02:46:36,https://sindhutrade.com/investors-corner/,Updated Valuation Report Advent Coal Resources Pte. Limited,https://sindhutrade.com/wp-content/uploads/2026/07/Updated-Valuation-Report-Advent-Coal-Resources-Pte.-Limited.pdf
2026-07-27 02:46:36,https://sindhutrade.com/investors-corner/,Shareholding Pattern 2026-27 Q1,https://sindhutrade.com/wp-content/uploads/2026/07/SHP-30.06.2026.pdf
2026-07-27 02:46:36,https://sindhutrade.com/investors-corner/,Integrated Governance 2025 26 Q4,https://sindhutrade.com/wp-content/uploads/2026/07/Integrated-Governance-2025-26-Q4.pdf
2026-07-27 02:46:36,https://sindhutrade.com/investors-corner/,Share Capital Audit Report 2026 27 Q1,https://sindhutrade.com/wp-content/uploads/2026/07/Share-Capital-Audit-Report-2026-27-Q1.pdf
2026-07-28 04:16:09,https://www.gsfclimited.com/#1685093324744,Board Meeting Intimation 12.08.2026,https://www.gsfclimited.com/Content/writereaddata/Portal/Notification/NotificationImage/250_1_1_SE_-Intimation_of_Board_Meeting.pdf
2026-07-28 04:16:09,https://ir.clearwaterpaper.com/investors/governance/default.aspx,Code of Ethics for Senior Officers ee4de5,https://s24.q4cdn.com/913789668/files/doc_document_list/2026/Jul/27/Code-of-Ethics-for-Senior-Officers-ee4de5.pdf
2026-07-28 04:16:09,https://qcrh.q4ir.com/governance/governance-documents/default.aspx,Compensation Committee Charter Nov2025 383e58,https://s205.q4cdn.com/267087960/files/doc_document_list/2026/Jul/27/Compensation-Committee-Charter-Nov2025-383e58.pdf
2026-07-28 04:16:09,https://www.sciencegroup.com/news/,"27 July, 2026 Transaction in own shares",https://www.sciencegroup.com/wp-content/uploads/2026/07/Buyback-24.07.2026.pdf
2026-07-28 04:16:09,https://www.sciencegroup.com/news/,"27 July, 2026 INTERIM RESULTS FOR THE SIX MONTH PERIOD ENDED 30 JUNE 2026",https://www.sciencegroup.com/wp-content/uploads/2026/07/Science-Group-HY26-Interims.pdf
2026-07-28 04:16:09,https://investors.blackdiamondtherapeutics.com/sec-filings,SCHEDULE 13G - Description,https://investors.blackdiamondtherapeutics.com/static-files/3aeb2a59-8fdc-4c17-93fe-34ca4447dfb4
2026-07-28 04:16:09,https://investors.blackdiamondtherapeutics.com/sec-filings,SCHEDULE 13G - Description,https://investors.blackdiamondtherapeutics.com/static-files/b35df9d6-1734-48af-9a14-1e00fb7968a9
2026-07-28 04:16:09,https://investors.blackdiamondtherapeutics.com/sec-filings,SCHEDULE 13G - Description,https://investors.blackdiamondtherapeutics.com/static-files/f795aa9f-c5ac-44ff-9dc3-cb469eb83c71
2026-07-28 04:16:09,https://www.ardaghmetalpackaging.com/esg/environment,"*All of our data has been Third-Party Assured (limited assurance). To see our Independent Assurance Statement, click here:",https://www.ardaghmetalpackaging.com/_assets/_447704ae9efa80ef6b8170a15e0d6721/ardaghmetalpackagingcorp/db/3892/39292/file/AMP+%E2%80%93+Independent+Assurance+Report+%282025%29.pdf
2026-07-28 04:16:09,https://en.damicointernationalshipping.com/corporate-governance/,This section contains also the archive of the market communications made by the Company relating to the transactions subject to,https://en.damicointernationalshipping.com/media/10564/dis-internal-dealing-code-final-eng.pdf
2026-07-28 04:16:09,https://en.damicointernationalshipping.com/corporate-governance/,cp pmo 04 internal regulation governing inside information 202 complete,https://en.damicointernationalshipping.com/media/10565/cp-pmo-04-internal-regulation-governing-inside-information-202-complete.pdf
2026-07-28 04:16:09,https://en.damicointernationalshipping.com/corporate-governance/,Hereinafter you can download the document dealing with the Keeping and Updationg of the Insider List.,https://en.damicointernationalshipping.com/media/10566/cp-pmo-04a-annex-a-keeping-and-updating-of-the-insider-register.pdf
2026-07-28 04:16:08,https://www.arcelikglobal.com/en/company/policies/,Global Human Rights Due Diligence Process,https://www.arcelikglobal.com/media/bjfjpu1g/human-rights-due-diligence-process.pdf
2026-07-28 04:16:08,https://www.arcelikglobal.com/en/company/policies/,information security policy,https://www.arcelikglobal.com/media/s0sljl0c/information-security-policy.pdf
2026-07-28 04:16:08,https://www.arcelikglobal.com/en/company/policies/,arcelik global tax policy,https://www.arcelikglobal.com/media/scufgt2y/arcelik_global_tax_policy.pdf
2026-07-28 04:16:08,https://www.arcelikglobal.com/en/company/policies/,arcelik global responsible purchasing policy,https://www.arcelikglobal.com/media/porpkkry/arcelik_global_responsible_purchasing_policy.pdf
2026-07-28 04:16:08,https://www.rubis.fr/en/publications/financial-results,2026 overview,https://www.rubis.fr/app/uploads/sites/2/2026/07/2026-overview.pdf
2026-07-28 04:16:08,https://www.alokind.com/Policies.html,Terms and Conditions of Appointment of the Independent Directors,https://www.alokind.com/assets/pdf/investor-relations/sebilistingregulations/Terms_and_Conditions_of_Appointment_of_the_Independent_Directors.pdf
2026-07-28 04:16:08,https://ir.navitassemi.com/financial-information,0001628280-26-049795.pdf 0001628280-26-049795.rtf 0001628280-26-049795.xls EX-101.SCH - XBRL TAXONOMY EXTENSION SCHEMA View HTML,https://ir.navitassemi.com/static-files/866b61bd-58af-4a1b-8d5e-b8aee14f946c
2026-07-28 04:16:08,https://ir.navitassemi.com/financial-information,0001628280-26-049795.pdf 0001628280-26-049795.rtf 0001628280-26-049795.xls EX-101.SCH - XBRL TAXONOMY EXTENSION SCHEMA View HTML,https://ir.navitassemi.com/static-files/9de38930-a43e-4d2c-b1c5-322bf4ce825b
2026-07-28 04:16:08,https://ir.navitassemi.com/financial-information,0001628280-26-049795.pdf 0001628280-26-049795.rtf 0001628280-26-049795.xls EX-101.SCH - XBRL TAXONOMY EXTENSION SCHEMA View HTML,https://ir.navitassemi.com/static-files/23d120c1-73cf-497a-86ab-af946547769d
2026-07-28 04:16:08,https://ir.navitassemi.com/financial-information,0001628280-26-049808.pdf 0001628280-26-049808.rtf 0001628280-26-049808.xls EX-101.SCH - XBRL TAXONOMY EXTENSION SCHEMA View HTML,https://ir.navitassemi.com/static-files/1c8e5dfb-cc3d-43a0-84b0-cb74eba599e1
2026-07-28 04:16:08,https://ir.navitassemi.com/financial-information,0001628280-26-049808.pdf 0001628280-26-049808.rtf 0001628280-26-049808.xls EX-101.SCH - XBRL TAXONOMY EXTENSION SCHEMA View HTML,https://ir.navitassemi.com/static-files/f5604fc5-f09d-4de9-8405-8b75054bf568
2026-07-28 04:16:08,https://ir.navitassemi.com/financial-information,0001628280-26-049808.pdf 0001628280-26-049808.rtf 0001628280-26-049808.xls EX-101.SCH - XBRL TAXONOMY EXTENSION SCHEMA View HTML,https://ir.navitassemi.com/static-files/40b817fd-78c8-4d9d-baeb-a623815d453f
2026-07-28 04:16:13,https://www.iifl.com/iifl-finance/financial,IIFL Finance Q1FY27 Investor Presentation Final,https://nbfciiflprodstg.blob.core.windows.net/iifl-finance-storage/files/investor/financials/IIFL Finance Q1FY27_Investor Presentation_Final.pdf
2026-07-28 04:16:13,https://www.cera-india.com/investor-relations/disclosure-of-events-under-regulation-30-of-sebi-lodr-regulations-2015,"Intimation of Board Meeting to be held on 7th August, 2026 VIEW PDF",https://www.cera-india.com/sites/default/files/2026-07/Intimation%20of%20Board%20Meeting%20to%20be%20held%20on%207th%20August%2C%202026.pdf
2026-07-28 04:16:13,https://www.teleflex.com/usa/en/about-us/csr/index.html#policies,Teleflex 2025 Global Impact Report Executive Summary,https://www.teleflex.com/global/investor/csr/Teleflex_2025_Global_Impact_Report_Executive_Summary.pdf
2026-07-28 04:16:13,https://www.sapphirefoods.in/investors-relation/updates,Sapphire Foods - Newspaper Advt (Results Q1FY27) - 25-07-2026,https://www.sapphirefoods.in/storage/app/media/sapphire-foods-newspaper-advt-results-q1fy27-25-07-2026.pdf
2026-07-28 04:16:13,https://www.lectra.com/en/investors/financial-information/financial-news,PR Lectra announces the temporary closure of its Bordeaux Cestas site EN,https://www.lectra.com/sites/default/files/investors_files/PR_Lectra%20announces%20the%20temporary%20closure%20of%20its%20Bordeaux%20Cestas%20site_EN.pdf
2026-07-28 04:16:13,https://www.lectra.com/en/investors/financial-information/financial-news,CP Lectra annonce la fermeture temporaire de son site de Bordeaux Cestas FR,https://www.lectra.com/sites/default/files/investors_files/CP_Lectra%20annonce%20la%20fermeture%20temporaire%20de%20son%20site%20de%20Bordeaux%20Cestas_FR.pdf
2026-07-28 04:16:17,https://www.opko.com/investors,2026 07 27 OPKO Health Reports Second Quarter 2026 Business 549,https://d1io3yog0oux5.cloudfront.net/_58a1d2df0011f0c108f0b5e24aa58480/opko/news/2026-07-27_OPKO_Health_Reports_Second_Quarter_2026_Business_549.pdf
2026-07-28 04:16:17,https://www.opko.com/investors,10-Q Filing,https://www.opko.com/investors/sec-filings/all-sec-filings/content/0001193125-26-318090/0001193125-26-318090.pdf
2026-07-28 04:16:17,https://www.opko.com/investors/financial-information/financial-results,2026 04 28 OPKO Health Reports First Quarter 2026 Business 543,https://d1io3yog0oux5.cloudfront.net/_58a1d2df0011f0c108f0b5e24aa58480/opko/news/2026-04-28_OPKO_Health_Reports_First_Quarter_2026_Business_543.pdf
2026-07-28 04:16:17,https://investors.ccbg.com/,2Q26+Investor+Presentation FINAL,https://d1io3yog0oux5.cloudfront.net/_2e304d963607ff5eb88a48ebb09e1002/ccbg/db/1086/10269/pdf/2Q26+Investor+Presentation_FINAL.pdf
2026-07-28 04:16:17,https://investors.ccbg.com/sec-filings,Current report Documents EX-99.1,https://investors.ccbg.com/sec-filings/all-sec-filings/content/0000726601-26-000022/0000726601-26-000022.pdf
2026-07-28 04:16:17,https://masangroup.com/investor-relations.html,20260727 MSN Profit fluctuations explanation for Financial Statements in Q2.2026,https://www.masangroup.com/wp-content/uploads/2026/07/20260727-MSN-Profit-fluctuations-explanation-for-Financial-Statements-in-Q2.2026.pdf
2026-07-28 04:16:17,https://masangroup.com/investor-relations.html,27/07/2026 27/07/2026 Immediate release on business results in Q2.2026 and 6 months of 2026,https://www.masangroup.com/wp-content/uploads/2026/07/20260727-MSN-Immediate-release-business-results-in-2Q-an-6-month-of-2026.pdf
2026-07-28 04:16:17,https://masangroup.com/investor-relations.html,27/07/2026 27/07/2026 MSN 2Q2026 Earnings Presentation,https://www.masangroup.com/wp-content/uploads/2026/07/MSN_2Q2026_Earnings-Release.pdf
2026-07-28 04:16:17,https://www.sbicard.com/en/who-we-are/corporate-announcements.page,Newspaper Publications – Unaudited Financial Results 30.06.2026,https://www.sbicard.com/sbi-card-en/assets/docs/pdf/who-we-are/notices/SEFilingNewspaperAdv27July2026.pdf
2026-07-28 04:16:17,https://www.ltts.com/investors/exchange-announcements,"Integrated Governance Report for the quarter ended June 30, 2026",https://www.ltts.com/sites/default/files/investors/exchange-announcements/ICG.pdf
2026-07-28 04:16:17,https://www.freedomholdingcorp.com/investors/esg-for-investors,Tear+Sheet,https://d1io3yog0oux5.cloudfront.net/_66d198094438746be5373ee66be561da/freedomholdingcorp/files/Tear+Sheet.pdf
2026-07-28 04:16:08,https://sumichem.co.in/investors-relations.php#Governance,"Proceedings of the 26th Annual General Meeting held on 27th July, 2026.",https://sumichem.co.in/content/uploads/AGM_Proceedings_2025_26_signed-27-07-2026-11-27-38.pdf
2026-07-28 04:16:08,https://sumichem.co.in/investors-relations.php#Governance,Intimation under Reg. 30 of SEBI (LODR) - Change in Directorate.,https://sumichem.co.in/content/uploads/Signed NDG Resignation-27-07-2026-08-45-04.pdf
2026-07-28 04:16:08,https://sumichem.co.in/investors-relations.php#Governance,4). Draft 2nd Supplement to Contract for appointment of Dr. Suresh Ramachandran,https://sumichem.co.in/pdf/26-27/REVISED_Register_of_Contract_MBP_4_2025_26_WEBSITE.pdf
2026-07-28 04:16:08,https://sumichem.co.in/investors-relations.php#Governance,Quarterly Financial Results,https://sumichem.co.in/pdf/26-27/Final_Integrated_Filings_DSC.pdf
2026-07-28 04:16:08,https://sumichem.co.in/investors-relations.php#Governance,Quarterly Investor Presentation,https://sumichem.co.in/pdf/26-27/SCIL_Investor_Presentation_June_2026_v3.pdf
2026-07-28 04:16:08,https://investors.vertumotors.com/announcements/,Transaction In Own Shares,https://investors.vertumotors.com/custom/148080.pdf
2026-07-28 04:16:08,https://www.alokind.com/(X(1)A(UOJ61UDn2QEkAAAAODYzNDU5NTUtMjc2MS00NzgwLTkxNTEtOWYyZGVlMzc0Nzhho3dwuLvklsLSq4VGKBrOh9kH7Ug1))/Policies.html,Terms and Conditions of Appointment of the Independent Directors,https://www.alokind.com/(X(1)A(UOJ61UDn2QEkAAAAODYzNDU5NTUtMjc2MS00NzgwLTkxNTEtOWYyZGVlMzc0Nzhho3dwuLvklsLSq4VGKBrOh9kH7Ug1))/assets/pdf/investor-relations/sebilistingregulations/Terms_and_Conditions_of_Appointment_of_the_Independent_Directors.pdf
2026-07-28 04:16:08,https://www.shareindia.com/about-us/investor-relations,Financials Results,https://www.shareindia.com/wp-content/uploads/data/uploads/Investor_Relations_Files/InvestorPresentation270726.pdf
2026-07-28 04:16:08,https://www.shareindia.com/about-us/investor-relations,Announcement under Regulation 30 (LODR) – Audio Recording Link of the Conference Call with Analysts/Investors on Un-audited Standalone and Consolidated,https://www.shareindia.com/wp-content/uploads/data/uploads/Investor_Relations_Files/audiolink270726signed.pdf
2026-07-28 04:16:08,https://www.sciencegroup.com/financial-reports/,Interim results presentation 2026 Download pdf,https://www.sciencegroup.com/wp-content/uploads/2026/07/Science-Group-HY26-Presentation.pdf
2026-07-28 04:16:08,https://www.ardaghmetalpackaging.com/esg/sustainability#sustainability-reports,2026July23 CSRD AMP Sustainability+Report PublicationV3.0,https://www.ardaghmetalpackaging.com/_assets/_447704ae9efa80ef6b8170a15e0d6721/ardaghmetalpackagingcorp/db/3892/39291/file/2026July23_CSRD_AMP_Sustainability+Report_PublicationV3.0.pdf
2026-07-28 04:16:08,https://www.ardaghmetalpackaging.com/esg/sustainability#sustainability-reports,PCF Independent Assurance Statement (2025) (PDF 177 KB),https://www.ardaghmetalpackaging.com/_assets/_447704ae9efa80ef6b8170a15e0d6721/ardaghmetalpackagingcorp/db/3892/39293/file/AMP+%E2%80%93+PCF+Independent+Assurance+Report+%282025%29.pdf
2026-07-28 04:16:08,https://www.dcmshriram.com/code-of-conduct,DCM Shriram Limited CoC for Employees,https://www.dcmshriram.com/docs/files/DCM-Shriram-Limited-CoC-for-Employees.pdf
2026-07-28 04:16:08,https://www.dcmshriram.com/code-of-conduct,"Human Rights Policy - Last updated on 20 th July, 2026",https://www.dcmshriram.com/docs/files/Human-Rights-Policy-DCM-Shriram-Ltd.pdf
2026-07-28 04:16:08,https://www.welspuncorp.com/company-disclosures.php,investorreport 1708,https://www.welspuncorp.com/uploads/investor_data/investorreport__1708.pdf
2026-07-28 04:16:08,https://www.welspuncorp.com/company-disclosures.php,Receipt of order for Supply of Coated Line Pipes 27-07-2026,https://www.welspuncorp.com/uploads/investor_data/investorreport__1709.pdf
2026-07-28 04:16:08,http://www.gsfclimited.com/,Board Meeting Intimation 12.08.2026,http://www.gsfclimited.com/Content/writereaddata/Portal/Notification/NotificationImage/250_1_1_SE_-Intimation_of_Board_Meeting.pdf
2026-07-28 04:16:08,https://www.iifl.com/finance/investor-relations/overview,IIFL Finance Q1FY27 Investor Presentation Final,https://nbfciiflprodstg.blob.core.windows.net/iifl-finance-storage/files/investor/financials/IIFL%20Finance%20Q1FY27_Investor%20Presentation_Final.pdf
2026-07-28 04:16:08,https://www.orange-ir.pl/,27-07-2026 CR 15-2026 Selected data 2Q 2026 Download PDF 1,https://www.orange-ir.pl/wp-content/uploads/2026/07/CR-15-2026-Selected-data-1.pdf
2026-07-28 04:16:08,https://sindhutrade.com/investors-corner/,Regulation 30 27.07.2026,https://sindhutrade.com/wp-content/uploads/2026/07/Regulation30Signed.pdf
2026-07-29 03:56:54,https://www.eihltd.com/investors/corporate-governance/,Corporate Governance Report for Quarter ended 30.06.2026,https://www.eihltd.com/-/media/eihltd/pdf-files/corporate-governance/2026/integrated-governance-xbrl-eih.pdf
2026-07-29 03:56:54,https://www.birlasoft.com/company/investors/policies-reports-filings#shareholding-pattern,consolidated results q1 fy27,https://www.birlasoft.com/sites/default/files/resources/downloads/investors/consolidated-results/consolidated-results-q1-fy27.pdf
2026-07-29 03:56:54,https://www.birlasoft.com/company/investors/policies-reports-filings#shareholding-pattern,standalone results q1 fy27,https://www.birlasoft.com/sites/default/files/resources/downloads/investors/standalone-results/standalone-results-q1-fy27.pdf
2026-07-29 03:56:54,https://www.birlasoft.com/company/investors/policies-reports-filings#shareholding-pattern,Q1 2026-2027,https://www.birlasoft.com/sites/default/files/resources/downloads/investors/investor-update/q1-fy27-investor-update.pdf
2026-07-29 03:56:54,https://www.birlasoft.com/company/investors/policies-reports-filings#shareholding-pattern,voting results of the 35th annual general meeting of birlasoft limited,https://www.birlasoft.com/sites/default/files/resources/downloads/investors/voting-results-of-the-35th-annual-general-meeting-of-birlasoft-limited.pdf
2026-07-29 03:56:54,https://www.birlasoft.com/company/investors/policies-reports-filings#shareholding-pattern,Proceedings of the 35th Annual General Meeting (“AGM”) of Birlasoft Limited,https://www.birlasoft.com/sites/default/files/resources/downloads/investors/proceedings-of-the-35th-annual-general-meeting-agm-of-birlasoft-limited.pdf
2026-07-29 03:56:54,https://www.sciencegroup.com/news/,"28 July, 2026 Transaction in own shares",https://www.sciencegroup.com/wp-content/uploads/2026/07/Buyback-27.07.2026.pdf
2026-07-29 03:56:54,https://ir.gentex.com/investor-relations,Q2 2026 - Transcript,https://ir.gentex.com/static-files/78de2ab8-dc06-4ee7-89c1-ca9c71b2a0c6
2026-07-29 03:56:49,https://www.computacenter.com/sustainability/responsible-business,cc payment practices disclosure jul26,https://www.computacenter.com/docs/default-source/ethics-conduct/cc_payment_practices_disclosure_jul26.pdf?sfvrsn=6ff32d2a_4
2026-07-29 03:56:49,https://www.dcmshriram.com/investors/annual-report#pills-two-tab,DCM Console Signed Results,https://www.dcmshriram.com/docs/files/DCM-Console-Signed-Results.pdf
2026-07-29 03:56:49,https://www.dcmshriram.com/investors/annual-report#pills-two-tab,DCM Standalone Signed Results,https://www.dcmshriram.com/docs/files/DCM-Standalone-Signed-Results.pdf
2026-07-29 03:56:49,https://www.dcmshriram.com/investors/annual-report#pills-two-tab,FY 2026-2027,https://www.dcmshriram.com/docs/files/DCM-Q1-FY27-Investors-ppt.pdf
2026-07-29 03:56:49,https://www.birlasoft.com/,birlasoft q1 fy 2026 27 results press release,https://www.birlasoft.com/sites/default/files/resources/downloads/investors/birlasoft-q1-fy-2026-27-results-press-release.pdf
2026-07-29 03:56:49,https://alliedreit.com/,"Webcast Link to Second-Quarter Financial Results 2026 Earnings Conference Call July 28, 2026",https://alliedreit.com/wp-content/uploads/2026/07/Q2_PressRelease_Jul28_EN_Final.pdf
2026-07-29 03:56:49,https://alliedreit.com/,"Quarterly Report for the Period Ending March 31, 2026 April 29, 2026",https://alliedreit.com/wp-content/uploads/2026/07/Allied_Q2QR_July-28-2026_Final.pdf
2026-07-29 03:56:49,https://www.hindustanfoodslimited.com/corporate-governance.php,Quarterly Integrated Governance Report - June 2026,https://www.hindustanfoodslimited.com/investor-section/corporate-governance/2026/Quarterly Integrated Governance Report - June 2026.pdf
2026-07-29 03:56:48,https://www.jagb.com.my/corporate-policy,JAG 2025 Sustainability Statement,https://www.jagb.com.my/wp-content/uploads/2026/07/JAG-2025-Sustainability-Statement.pdf
2026-07-29 03:56:48,https://www.seacoastbanking.com/corporate-profile/default.aspx,Second Quarter 2026 Conference Call Presentation,https://s26.q4cdn.com/967008039/files/doc_earnings/2026/q2/presentation/SBCF-2Q-2026-Earnings-Presentation.pdf
2026-07-29 03:56:48,https://www.bankneocommerce.co.id/en/company-information/good-corporate-government#RUPS Announcements,Board of Comissioners Charter,https://www-cms.bankneo.co.id/storage/files/1/Tata Kelola/Pedoman Kerja Direksi dan Komisaris/BOC Charter.pdf
2026-07-29 03:56:48,https://www.mytechgroup.com.my/#investorrelations,MyTech Group Annual Report 2026,https://mytechgroup.com.my/wp-content/uploads/2026/07/MyTech-Group-Annual-Report-2026.pdf
2026-07-29 03:56:57,https://masangroup.com/investor-relations.html,28/07/2026 28/07/2026 Report on payment of principal and interest of PO Bonds in 6 months of 2026,https://www.masangroup.com/wp-content/uploads/2026/07/20260728-MSN-BC-1H2026-dinh-ky-TT-goc-lai-cac-TP-dai-chung-.pdf
2026-07-29 03:56:57,https://www.oconeefederal.com/Privacy-Statement,OFSL Privacy Notice 2026,https://www.oconeefederal.com/wp-content/uploads/2026/07/OFSL-Privacy-Notice-2026.pdf
2026-07-29 03:56:57,https://mahindralogistics.com/corporate-announcement,ESG Risk Assessments & Insights Ltd - Rating Report 2026 Published on: 27 July 2026,https://mahindralogistics.com/tabs/cms/files/SEIntimationESGRatingRiskAISSigned.pdf
2026-07-29 03:56:57,https://ir.fulcrumtx.com/financial-information/sec-filings,0002012383-26-002576.pdf 0002012383-26-002576.rtf 0002012383-26-002576.xls View HTML,https://ir.fulcrumtx.com/static-files/03815dae-5c32-4f68-a82c-93da663071f0
2026-07-29 03:56:57,https://ir.fulcrumtx.com/financial-information/sec-filings,0002012383-26-002576.pdf 0002012383-26-002576.rtf 0002012383-26-002576.xls View HTML,https://ir.fulcrumtx.com/static-files/7f0ff6ef-31ce-4a58-9c82-ff732b04a80b
2026-07-29 03:56:57,https://ir.fulcrumtx.com/financial-information/sec-filings,0002012383-26-002576.pdf 0002012383-26-002576.rtf 0002012383-26-002576.xls View HTML,https://ir.fulcrumtx.com/static-files/f0eaacaa-bb8d-4d52-b146-70d08d4cd464
2026-07-29 03:56:57,https://www.bridgepoint.eu/shareholders/results-reports-and-presentations,results of secondary placing 280726.downloadasset,https://www.bridgepoint.eu/content/dam/bridgepoint/corporate2022/documents/financial-information/results_reports_presentations/2026/results-of-secondary-placing-280726.pdf.downloadasset.pdf
2026-07-29 03:56:57,https://www.heliostowers.com/,Press Release 28 July 2026 Helios Towers white paper finds communications networks must evolve to meet exponential growth in data,https://www.heliostowers.com/media/mnapzlyq/280726_helios-towers-white-paper-finds-communications-networks-must-evolve-to-meet-exponential-growth-in-data-demand.pdf
2026-07-29 03:56:46,https://sumichem.co.in/investors-relations.php#Governance,"Report of Scrutinizer along with the Voting Results of the 26th Annual General Meeting held on 27th July, 2026.",https://sumichem.co.in/content/uploads/Letter_to_SEs_with_Scrutinizer_Report_and_Excel_sheets_26th_AGM_signed-28-07-2026-13-23-08.pdf
2026-07-29 03:56:46,https://www.relaxofootwear.com/pages/other-disclosures,Newspaper Publication for transfer of shares to IEPF of FY 2018 19,https://cdn.shopify.com/s/files/1/0673/0003/2740/files/Newspaper_Publication_for_transfer_of_shares_to_IEPF_of_FY_2018-19.pdf?v=1785225324
2026-07-30 03:32:35,https://www.capitalpower.com/sustainability/sustainability-reports/#reports,Capital Power 2026 Q2 Presentation,https://www.capitalpower.com/wp-content/uploads/2026/07/Capital-Power-2026-Q2-Presentation.pdf
2026-07-30 03:32:35,https://www.capitalpower.com/sustainability/sustainability-reports/#reports,Capital Power 2026 Q2 Report,https://www.capitalpower.com/wp-content/uploads/2026/07/Capital-Power-2026-Q2-Report.pdf
2026-07-30 03:32:35,https://www.capitalpower.com/sustainability/sustainability-reports/#reports,capital power 2026 detailed facility table Q2,https://www.capitalpower.com/wp-content/uploads/2026/07/capital-power-2026-detailed-facility-table-Q2.pdf
2026-07-30 03:32:35,https://www.bumiarmada.com/about-us/corporate-governance/,BAB GEN COP CME POL 00003 02 CODE OF BUSINESS CONDUCT AND ETHICS,https://www.bumiarmada.com/wp-content/uploads/2026/07/BAB-GEN-COP-CME-POL-00003_02_CODE-OF-BUSINESS-CONDUCT-AND-ETHICS.pdf
2026-07-30 03:32:35,https://www.bumiarmada.com/about-us/corporate-governance/,BAB GEN COP CME POL 00002 03 ANTI BRIBERY AND CORRUPTION POLICY,https://www.bumiarmada.com/wp-content/uploads/2026/07/BAB-GEN-COP-CME-POL-00002_03_ANTI-BRIBERY-AND-CORRUPTION-POLICY.pdf
2026-07-30 03:32:35,https://www.bumiarmada.com/about-us/corporate-governance/,"Additionally, you may review the details of the Bumi Armada Speak Up Policy by following this",https://www.bumiarmada.com/wp-content/uploads/2026/07/BAB-GEN-COP-CME-POL-00001_02_SPEAK-UP-POLICY.pdf
2026-07-30 03:32:35,https://www.bumiarmada.com/about-us/corporate-governance/,BAB GEN SER SUS POL 00001 01 SUSTAINABILITY POLICY,https://www.bumiarmada.com/wp-content/uploads/2026/07/BAB-GEN-SER-SUS-POL-00001_01_SUSTAINABILITY-POLICY.pdf
2026-07-30 03:32:35,https://www.gsfclimited.com/#1685093324744,ConCall Q1 2026-27,https://www.gsfclimited.com/Content/writereaddata/Portal/Notification/NotificationImage/251_1_1_ConCall30062026.pdf
2026-07-30 03:32:35,https://eclerx.com/investor-relations/corporate-governance-policies/,eClerx Q1FY27 Earnings Call Invite 004,https://eclerx.com/wp-content/uploads/2026/07/eClerx_Q1FY27_Earnings-Call-Invite-004.pdf
2026-07-30 03:32:35,https://www.shaftesburycapital.com/en/about-us/corporate-governance/how-we-behave.html#tabbedcontentitem_0,Financial Crime Policy July 2026,https://www.shaftesburycapital.com/content/dam/shaftesbury/corporate/new-build/doucments/responsibility/policies/Financial%20Crime%20Policy%20-%20July%202026.pdf
2026-07-30 03:32:35,https://ir.freedomholdingcorp.com/,"Fiscal Year Ended Mar 31, 2026",https://ir.freedomholdingcorp.com/all-sec-filings/content/0000924805-26-000044/0000924805-26-000044.pdf
2026-07-30 03:32:35,https://www.alokind.com/shareholder.html,Integrated Governance Q1,https://www.alokind.com/assets/pdf/investor-relations/integrated_filling/2026-27/Integrated_Governance_Q1.pdf
2026-07-30 03:32:35,https://www.sciencegroup.com/news/,"29 July, 2026 Treasury shares issued",https://www.sciencegroup.com/wp-content/uploads/2026/07/Treasury-shares-issued-28.07.2026.pdf
2026-07-30 03:32:35,https://ir.naturalhealthtrendscorp.com/annual-reports,Tear+Sheet,https://d1io3yog0oux5.cloudfront.net/_77659e78610267e2155b15b3fb47b04c/naturalhealthtrendscorp/files/Tear+Sheet.pdf
2026-07-30 03:32:35,https://www.medallion.com/investors.html,Company Overview Presentation,https://www.medallion.com/pdf/investors_annual_reports/MFIN_Company_Overview_July_2Q26.pdf
2026-07-30 03:32:35,https://www.medallion.com/investors.html,Quarterly Earnings Supplement â 2Q 26,https://www.medallion.com/pdf/investors_annual_reports/MFIN_Qtrly_Supplement_2Q26.pdf
2026-07-30 03:32:35,https://www.camparigroup.com/en/page/investors,Half Year Financial Report at 30 June 2026,https://www.camparigroup.com/sites/default/files/downloads/01.1_Campari%20Group_Half%20year%20report%20at%2030%20June%202026_0.pdf
2026-07-30 03:32:35,https://www.camparigroup.com/en/page/investors,H1 2026 Results Investor Presentation,https://www.camparigroup.com/sites/default/files/downloads/2026%20H1_Investor%20Presentation.pdf
2026-07-30 03:32:35,https://www.camparigroup.com/en/page/investors,Campari Group announces H1 2026 Results,https://www.camparigroup.com/sites/default/files/downloads/20260729%20H1%202026%20Results%20Press%20Release.pdf
2026-07-30 03:32:35,https://investors.sonos.com/investors/,FINAL 3Q26 Earnings Slides POST CALL,https://s22.q4cdn.com/672173472/files/doc_financials/2026/q3/FINAL-3Q26-Earnings-Slides-POST-CALL.pdf
2026-07-30 03:32:35,https://www.acset.co/en/investor/reports/2026,Q1 2026 Consolidated Financial Statement,https://www.acset.co/assets/file/investor/financial/Laporan_Keuangan_Q2_2026.pdf
2026-07-30 03:32:28,https://www.shaftesburycapital.com/en/investors/results-reports-presentations.html,shc press release 30 june 26.downloadasset,https://www.shaftesburycapital.com/content/dam/shaftesbury/corporate/new-build/doucments/investor/results---reports/2026/shc-press-release-30-june-26.pdf.downloadasset.pdf
2026-07-30 03:32:28,https://www.shaftesburycapital.com/en/investors/results-reports-presentations.html,shaftesbury capital investor presentation june 2026.downloadasset,https://www.shaftesburycapital.com/content/dam/shaftesbury/corporate/new-build/doucments/investor/results---reports/2026/shaftesbury-capital-investor-presentation-june-2026.pdf.downloadasset.pdf
2026-07-30 03:32:28,https://www.baytexenergy.com/,Investor Presentation July 2026,https://www.baytexenergy.com/wp-content/uploads/2026/07/26-07-July-Presentation-981e07e8.pdf
2026-07-30 03:32:28,https://www.baytexenergy.com/investors/news-releases/,Baytex Announces Renewal of Normal Course Issuer Bid,https://www.baytexenergy.com/wp-content/uploads/news/1782496800-302970.pdf
2026-07-30 03:32:28,https://www.baytexenergy.com/investors/news-releases/,"Baytex Conference Call and Webcast on Second Quarter 2026 Results to Be Held on July 31, 2026",https://www.baytexenergy.com/wp-content/uploads/news/1784840400-306331.pdf
2026-07-30 03:32:28,https://www.americanarestaurants.com/investors/financial-information/,"H126 results presentation – July 28, 2026",https://www.americanarestaurants.com/wp-content/uploads/2026/07/AMR-6M-2026-Earnings-Investor-Pack-Final.pdf
2026-07-30 03:32:28,https://www.americanarestaurants.com/investors/financial-information/,1. AMR H1 2026 Earnings press release EN,https://www.americanarestaurants.com/wp-content/uploads/2026/07/1.-AMR-H1-2026-Earnings-press-release_EN.pdf
2026-07-30 03:32:28,https://www.americanarestaurants.com/investors/financial-information/,H1 2026 Financial Statement,https://www.americanarestaurants.com/wp-content/uploads/2026/07/ENFS-Americana-Restaurants-International-Jun26SIGNED-COPY.pdf
2026-07-30 03:32:28,https://www.margunenerji.com.tr/en/yatirimci-iliskileri/genel-kurul-bilgileri,General Assembly Meeting Minutes,https://margun-enerji.s3.eu-central-1.amazonaws.com/Magen+Toplant%C4%B1+Tutanag%CC%86%C4%B1+EN.pdf
2026-07-30 03:32:28,https://www.margunenerji.com.tr/en/yatirimci-iliskileri/genel-kurul-bilgileri,Magen+Hazır+Bulunanlar+Listesi,https://margun-enerji.s3.eu-central-1.amazonaws.com/Magen+Haz%C4%B1r+Bulunanlar+Listesi.pdf
2026-07-30 03:32:28,https://www.birlasoft.com/company/investors/corporate-governance,newspaper publication of extract of unaudited financial results as on june 30 2026,https://www.birlasoft.com/sites/default/files/resources/downloads/investors/newspaper-publication-of-extract-of-unaudited-financial-results-as-on-june-30-2026.pdf
2026-07-30 03:32:28,https://www.birlasoft.com/company/investors/corporate-governance,"Recording of earnings call organized on July 28, 2026",https://www.birlasoft.com/sites/default/files/resources/downloads/investors/recording-of-earnings-call-organized-on-july-28-2026.pdf
2026-07-30 03:32:28,https://www.betamek.com.my/page-8/,Betamek Berhad - Interim Financial Report For The First Quarter Ended 30 June 2026,https://www.betamek.com.my/resources/BETA---Q1FY2027-(attachment).pdf
2026-07-30 03:32:28,https://www.betamek.com.my/page-8/,Betamek Berhad - Notice of 5th AGM,https://www.betamek.com.my/resources/Betamek-Berhad---Notice-of-5th-AGM.pdf
2026-07-30 03:32:28,https://www.betamek.com.my/page-8/,Betamek Berhad - Proxy Form 5th AGM,https://www.betamek.com.my/resources/Betamek-Berhad---Proxy-Form-5th-AGM.pdf
2026-07-30 03:32:28,https://www.betamek.com.my/page-8/,Betamek Berhad - Requisition Form for Annual Report and/or Circular to Shareholders,https://www.betamek.com.my/resources/or-Statement-to-Shareholders.pdf
2026-07-30 03:32:28,https://www.betamek.com.my/page-8/,Betamek Berhad - Statement to Shareholders in Relation to The Proposed Buy-Back Authority,https://www.betamek.com.my/resources/Statement-to-Shareholders---Share-Buy-Back.pdf
2026-07-30 03:32:28,https://www.exxaro.com/our-business/governance/,6 erl conflict of interest policy approved 14 april 2026 1,https://exxaro-prod.azureedge.net/sitestorage/media/ghvl4g4h/6-erl-conflict-of-interest-policy-approved-14-april-2026-1.pdf
2026-07-30 03:32:35,https://www.championsoncology.com/investor-relations,CSBR 10 K 4.30.2026 FINAL AS FILED,https://www.championsoncology.com/hubfs/Finance/FY%202026%20Q4/CSBR%2010-K%204.30.2026%20FINAL%20AS%20FILED.pdf?hsLang=en
2026-07-30 03:32:35,https://www.championsoncology.com/investor-relations,CSBR 8 K 4.30.2026 Exhibit 99.1 FINAL AS FILED,https://www.championsoncology.com/hubfs/Finance/FY%202026%20Q4/CSBR%208-K%204.30.2026%20Exhibit%2099.1%20FINAL%20AS%20FILED.pdf?hsLang=en
2026-07-30 03:32:35,https://www.hermle.de/en/news-media/downloads/,1.2.1 PSIRT Coordinated Vulnerability Disclosure CVD Policy der Maschinenfabrik Berthold HERMLE AG 1 EN,https://www.hermle.de/fileadmin/website/2_BEARBEITUNGSZENTREN_AUTOMATION/2_5_Digitale_Bausteine/Produktsicherheit/1.2.1_-_PSIRT__Coordinated_Vulnerability_Disclosure__CVD__Policy_der_Maschinenfabrik_Berthold_HERMLE_AG_1_EN.pdf
2026-07-30 03:32:35,https://www.themission.co.uk/makingapositiveimpact/,MISSION ESG REPORT 2026,https://www.themission.co.uk/app/uploads/2026/07/MISSION-ESG-REPORT-2026.pdf
2026-07-30 03:32:35,https://www.heliostowers.com/investors/corporate-governance/policies/,Modern Slavery and Human-Trafficking Statement Download PDF 125KB,https://www.heliostowers.com/media/tcvf2xpf/schedule-3-sheq-for-contractors.pdf
2026-07-30 03:32:35,http://www.baytexenergy.com/,Investor Presentation July 2026,http://www.baytexenergy.com/wp-content/uploads/2026/07/26-07-July-Presentation-981e07e8.pdf
2026-07-30 03:32:40,https://investors.ccbg.com/,10-Q Filing,https://investors.ccbg.com/sec-filings/all-sec-filings/content/0000726601-26-000024/0000726601-26-000024.pdf
2026-07-30 03:32:40,https://investors.ccbg.com/sec-filings/quarterly-reports,Quarterly report [Sections 13 or 15(d)] Documents EX-31.1 EX-31.2 EX-32.1 EX-32.2,https://investors.ccbg.com/sec-filings/quarterly-reports/content/0000726601-26-000024/0000726601-26-000024.pdf
2026-07-30 03:32:40,https://vipindustries.co.in/investor/financial_information_of_subsidiaries,"Blow Plast Retail Limited, FY 2025 26","https://vipindustries.co.in/storage/reports-subsidiaries/July2026/Blow Plast Retail Limited, FY-2025-26.pdf"
2026-07-30 03:32:40,https://vipindustries.co.in/investor/financial_information_of_subsidiaries,"VIP Industries Bangladesh Private Limited, FY 2025 26","https://vipindustries.co.in/storage/reports-subsidiaries/July2026/VIP Industries Bangladesh Private Limited, FY-2025-26.pdf"
2026-07-30 03:32:40,https://vipindustries.co.in/investor/financial_information_of_subsidiaries,"VIP Industries BD Manufacturing Private Limited, FY 2025 26","https://vipindustries.co.in/storage/reports-subsidiaries/July2026/VIP Industries BD Manufacturing Private Limited, FY-2025-26.pdf"
2026-07-30 03:32:40,https://vipindustries.co.in/investor/financial_information_of_subsidiaries,"VIP Luggage BD Private Limited, FY 2025 26","https://vipindustries.co.in/storage/reports-subsidiaries/July2026/VIP Luggage BD Private Limited, FY-2025-26.pdf"
2026-07-30 03:32:40,https://vipindustries.co.in/investor/financial_information_of_subsidiaries,"VIP Accessories BD Private Limited, FY 2025 26","https://vipindustries.co.in/storage/reports-subsidiaries/July2026/VIP Accessories BD Private Limited, FY-2025-26.pdf"
2026-07-30 03:32:40,http://www.luxinnerwear.com/investors/corporate-governance,CG Q1 2026 27,http://s3.amazonaws.com/luxs/ckeditors/pictures/755/original/CG_Q1_2026-27.pdf
2026-07-30 03:32:40,http://investors.rangerenergy.com/corporate-governance/governance-documents,corporate governance guidelines updated july 22 2026,http://investors.rangerenergy.com/~/media/Files/R/Ranger-Energy-IR/documents/governance-documents/corporate-governance-guidelines-updated-july-22-2026.pdf
2026-07-30 03:32:40,https://ranger-energy-ir.prod-use1.investis.com/corporate-governance/governance-documents,corporate governance guidelines updated july 22 2026,https://ranger-energy-ir.prod-use1.investis.com/~/media/Files/R/Ranger-Energy-IR/documents/governance-documents/corporate-governance-guidelines-updated-july-22-2026.pdf
2026-07-30 03:32:40,https://www.cementirholding.com/en/investors/results-center-and-presentations,CH Press release First half 2026 results 29072026,https://www.cementirholding.com/sites/default/files/press-release/2026-07/CH_Press%20release_First%20half%202026%20results_29072026.pdf
2026-07-30 03:32:40,https://www.cementirholding.com/en/investors/results-center-and-presentations,H1 Cementir_H1 2026 Presentation_29 07 2026.pdf 1.2 MB,https://www.cementirholding.com/sites/default/files/documenti/2026-07/Cementir_H1%202026%20Presentation_29%2007%202026.pdf
2026-07-30 03:32:32,https://dil-rjcorp.com/dil/financial-information/,1 Financial Results,https://dil-rjcorp.com/wp-content/uploads/2026/07/1_Financial-Results.pdf
2026-07-30 03:32:32,https://dil-rjcorp.com/dil/financial-information/,Audio recording of Earnings Call,https://dil-rjcorp.com/wp-content/uploads/2026/07/4_Press-Release.pdf
2026-07-30 03:32:32,https://dil-rjcorp.com/dil/financial-information/,2 Investor Presentation,https://dil-rjcorp.com/wp-content/uploads/2026/07/2_Investor-Presentation.pdf
2026-07-30 03:32:32,https://www.caplinpoint.net/index.php/press-release/,29-07-2026 Board Meeting Intimation,https://www.caplinpoint.net/wp-content/uploads/2026/05/BM-Intimation-Q1-26-27.pdf
2026-07-30 03:32:32,https://investors.rangerenergy.com/corporate-governance/governance-documents,corporate governance guidelines updated july 22 2026,https://investors.rangerenergy.com/~/media/Files/R/Ranger-Energy-IR/documents/governance-documents/corporate-governance-guidelines-updated-july-22-2026.pdf
2026-07-30 03:32:32,https://www.kimshospitals.com/investors/,"Board Meeting Intimation - 03 August, 2026",https://assets.kimshospitals.com/docs/production/Board_meting_intimation_final_1785329184.pdf
2026-07-30 03:32:32,https://www.kimshospitals.com/investors/,Intimation of Trading Window Closure for the Q1 ended 30.06.2026,https://assets.kimshospitals.com/docs/production/Closure_of_trading_window_on_letterhead_1785329313.pdf
2026-07-30 03:32:32,https://www.kimshospitals.com/investors/,Integrated Governance Report for the 01st Quarter ended 30th June 2026,https://assets.kimshospitals.com/docs/production/Igr_30062026_1785329500.pdf
2026-07-30 03:32:32,https://www.ruger.com/corporate/index.html,Q1 2026,https://www.ruger.com/corporate/PDF/ER-2026-07-29.pdf
2026-07-30 03:32:32,https://www.ruger.com/corporate/index.html,"Feb. 23, 2026 March 2, 2026 March 2, 2026 (CC) March 24, 2026 May 4, 2026 May 6, 2026 May",https://www.ruger.com/corporate/PDF/8K-2026-07-29.pdf
2026-07-30 03:32:32,https://www.ruger.com/corporate/index.html,10Q 2026 06 27,https://www.ruger.com/corporate/PDF/10Q-2026-06-27.pdf
2026-07-30 03:32:32,https://www.jindaltextiles.com/investor.php,* Advertisement for transfer of shares to IEPF - 2018 - 2019,https://www.jindaltextiles.com/investor-data/iepf/IEPF_Newspaper_Advertisement-2018-19.pdf
2026-07-30 03:32:30,https://www.dalmiasugar.com/investors/disclosures-under-regulation-46-of-the-lodr/,Disclosure of contact details of key managerial personnel who are authorized for the purpose of determining materiality of an event,https://www.dalmiasugar.com/wp-content/uploads/2026/07/Memorandum-of-Association-Articles-of-Association.pdf
2026-07-30 03:32:30,http://www.gsfclimited.com/,ConCall Q1 2026-27,http://www.gsfclimited.com/Content/writereaddata/Portal/Notification/NotificationImage/251_1_1_ConCall30062026.pdf
2026-07-30 03:32:30,https://www.metrodata.co.id/annual-reports-quarterly-financial-reports,Quarterly Report per 30 June 2026,https://www.metrodata.co.id/cfind/source/files/quarterly-report/2026/fs pt metrodata electronics tbk 30 jun 2026.pdf
2026-07-30 03:32:30,http://www.medallion.com/investors.html,Company Overview Presentation,http://www.medallion.com/pdf/investors_annual_reports/MFIN_Company_Overview_July_2Q26.pdf
2026-07-30 03:32:30,http://www.medallion.com/investors.html,Quarterly Earnings Supplement â 2Q 26,http://www.medallion.com/pdf/investors_annual_reports/MFIN_Qtrly_Supplement_2Q26.pdf
2026-07-30 03:32:30,http://www.valueline.com/about/investor-relations,VL Earnings Press Release as of 4 30 26 for 7 29 26,http://www.valueline.com/getmedia/155e28cc-741a-477b-ae39-4800f6967e4c/VL-Earnings-Press-Release-as-of-4-30-26-for-7-29-26.pdf?ext=.pdf
2026-07-30 03:32:30,http://www.valueline.com/about/investor-relations,10-K 2026-04-30,"http://www.valueline.com/getmedia/606e9dc8-3083-4344-87e5-012d0cf81c08/Value-Line,-Inc-10-K-4-30-26.pdf?ext=.pdf"
2026-07-30 03:32:30,https://www.naturalhealthtrendscorp.com/investors/,2026 07 29 Natural Health Trends Reports Second Quarter 2026 200,https://d1io3yog0oux5.cloudfront.net/_77659e78610267e2155b15b3fb47b04c/naturalhealthtrendscorp/news/2026-07-29_Natural_Health_Trends_Reports_Second_Quarter_2026__200.pdf
2026-07-30 03:32:30,https://www.naturalhealthtrendscorp.com/investors/,10-Q Filing,https://ir.naturalhealthtrendscorp.com/all-sec-filings/content/0001437749-26-024770/0001437749-26-024770.pdf
2026-07-31 03:08:10,https://www.federalsignal.com/investor-kit,Federal Signal Q2 2026 Earnings Release,https://www.federalsignal.com/hubfs/Federal%20Signal/Earnings%20Releases/Federal%20Signal%20Q2%202026%20Earnings%20Release.pdf
2026-07-31 03:08:10,https://www.federalsignal.com/investor-kit,FSS 2026.06.30 10Q,https://www.federalsignal.com/hubfs/Federal%20Signal/Quarterly%20and%20Annual%20Reports/FSS-2026.06.30-10Q.pdf
2026-07-31 03:08:10,http://investor.urbn.com/governance,EU Public Country by Country Report 2026 (XBRL),http://investor.urbn.com/static-files/af75c529-f6ff-49e9-91db-591eca199109
2026-07-31 03:08:10,http://investor.urbn.com/governance,EU Public Country by Country Report 2026 (PDF),http://investor.urbn.com/static-files/90acb694-51c9-4671-9d5a-a3e3e6a7c6b4
2026-07-31 03:08:10,https://www.bathurst.co.nz/investors-news/financial-reports/,2.7 MB,https://www.bathurst.co.nz/assets/reports/3097020.pdf
2026-07-31 03:08:10,https://www.baytexenergy.com/investors/,Chad Lundberg President and Chief Executive Officer Baytex Energy Corp. Chad Kalmakoff Chief Financial Officer Baytex Energy Corp. Chris Lessoway,https://www.baytexenergy.com/wp-content/uploads/2026/07/26-08-August-Presentation-7kn5g1zn.pdf
2026-07-31 03:08:10,https://www.camparigroup.com/en/page/group/governance,"In adopting this Model DAVIDE CAMPARI-MILANO N.V. aims to strengthen its organisational management and internal control, with specific reference to",https://www.camparigroup.com/sites/default/files/Davide%20Campari%20Milano%20N.V.%20-%20Model%20231%20-%20ENG.pdf
2026-07-31 03:08:09,https://www.empireco.ca/ethics-line,Empire Code of Business Conduct and Ethics Backstage Management 1,https://www.empireco.ca/uploads/2026/07/Empire-Code-of-Business-Conduct-and-Ethics_Backstage-Management-1.pdf?id=axx12z
2026-07-31 03:08:09,https://www.empireco.ca/ethics-line,Empire Code of Business Conduct and Ethics Non Management new,https://www.empireco.ca/uploads/2026/07/Empire-Code-of-Business-Conduct-and-Ethics_Non-Management-new.pdf?id=axx12z
2026-07-31 03:08:09,https://www.empireco.ca/annual-documents,Empire 2026 Annual Report English SEDAR,https://www.empireco.ca/uploads/2026/07/Empire-2026-Annual-Report-English-SEDAR.pdf?var=0
2026-07-31 03:08:09,https://www.empireco.ca/annual-documents,Notice of 2026 Annual General Meeting of Shareholders and Management Information Circular (PDF 2.4MB),https://www.empireco.ca/uploads/2026/07/Empire-2026-MIC-English-SEDAR.pdf?var=0
2026-07-31 03:08:09,https://www.baytexenergy.com/,"Jul 30, 2026 Baytex Announces Second Quarter 2026 Results; Production Guidance Raised on Strong Duvernay and Peavine Performance; Board Appointments",https://newsroom.newsfilecorp.com/8528/1785445440-307301.pdf
2026-07-31 03:08:09,https://www.baytexenergy.com/,"Jul 30, 2026 Baytex Announces Second Quarter 2026 Results; Production Guidance Raised on Strong Duvernay and Peavine Performance; Board Appointments",https://newsroom.newsfilecorp.com/8528/1785445200-307298.pdf
2026-07-31 03:08:09,https://www.baytexenergy.com/,2025 Annual Report Financial Reports,https://www.baytexenergy.com/wp-content/uploads/2026/07/Q2-2026-Report-qaGoca36.pdf
2026-07-31 03:08:09,https://investor.dolby.com/governance/Governance-Overview/default.aspx#governance-documents,Q3 26 Return of Capital Summary,https://s27.q4cdn.com/365963565/files/doc_financials/2026/q3/Q3-26-Return-of-Capital-Summary.pdf
2026-07-31 03:08:09,https://www.empireco.ca/fr,Empire Annual Information Form 2026 SEDAR FR,https://www.empireco.ca/fr/uploads/2026/07/Empire-Annual-Information-Form-2026-SEDAR_FR.pdf?id=axx12z
2026-07-31 03:08:09,https://www.advantageog.com/investors-2,2026 Second Quarter Report Continue reading →,https://www.advantageog.com/wp-content/uploads/Q2-2026-Report.pdf
2026-07-31 03:08:09,https://www.advantageog.com/,August 2026 Investor Presentation Continue reading →,https://www.advantageog.com/wp-content/uploads/August-2026-Investor-Presentation.pdf
2026-07-31 03:08:09,https://ir.fticonsulting.com/,2Q26 Earnings Conference Call Presentation,https://ir.fticonsulting.com/static-files/5bcaa01a-3843-4020-85ec-f33336d09f8a
2026-07-31 03:08:09,http://investor.dolby.com/corporate-governance,Q3 26 Return of Capital Summary,http://s27.q4cdn.com/365963565/files/doc_financials/2026/q3/Q3-26-Return-of-Capital-Summary.pdf
2026-07-31 03:08:08,https://investors.moltenventures.com/sustainability,Molten Ventures GHG Inventory Verification Statement 2023,https://investors.moltenventures.com/storage/uploads/Modern%20Slavery%20Statement/Molten%20Ventures%20plc_Modern%20Slavery%20Statement%20FY26_ptwoz.pdf
2026-07-31 03:08:08,https://www.empireco.ca/board-of-directors,Empire Annual Information Form 2026 SEDAR1,https://www.empireco.ca/uploads/2026/07/Empire-Annual-Information-Form-2026-SEDAR1.pdf?id=axx12z
2026-07-31 03:08:08,https://investor.urbn.com/governance,EU Public Country by Country Report 2026 (XBRL),https://investor.urbn.com/static-files/af75c529-f6ff-49e9-91db-591eca199109
2026-07-31 03:08:08,https://investor.urbn.com/governance,EU Public Country by Country Report 2026 (PDF),https://investor.urbn.com/static-files/90acb694-51c9-4671-9d5a-a3e3e6a7c6b4
2026-07-31 03:08:08,https://www.southgobi.com/html/ir.php,Announcements and Notices - DATE OF BOARD MEETING,https://media-southgobi.todayir.com/20260730223202789612263052_en.pdf
2026-07-31 03:08:08,https://www.rainbowhospitals.in/investors-relations/policies-and-programs,Unaudited Financial Results – Q1 FY2027,https://d31scedd5hpubp.cloudfront.net/investor_files/Unaudited_Financial_Results_–_Q1_FY2027.pdf
2026-07-31 03:08:08,https://www.rainbowhospitals.in/investors-relations/policies-and-programs,investor relations\reports\Result of AGM,https://www.rainbowhospitals.in/investor-relations\reports\Result-of-AGM.pdf
2026-07-31 03:08:08,https://www.rainbowhospitals.in/investors-relations/policies-and-programs,Intimation for lease Agreement - Guntur - 29.07.2026,https://d31scedd5hpubp.cloudfront.net/investor_files/Intimation_for_lease_Agreement_-_Guntur_-_29.07.2026.pdf
2026-07-31 03:08:08,https://www.rainbowhospitals.in/investors-relations/policies-and-programs,Intimation of Agreement for Acquisition of LLP - Nellore - 29.07.2026,https://d31scedd5hpubp.cloudfront.net/investor_files/Intimation_of_Agreement_for_Acquisition_of_LLP_-_Nellore_-_29.07.2026.pdf
2026-07-31 03:08:08,https://www.rainbowhospitals.in/investors-relations/policies-and-programs,Intimation of Agreement for Transfer Capacity Addition and Acquisition Malad Mumbai 29.07.2026,https://d31scedd5hpubp.cloudfront.net/investor_files/Intimation_of_Agreement_for_Transfer__Capacity_Addition_and_Acquisition_-_Malad__Mumbai_-_29.07.2026.pdf
2026-07-31 03:08:08,https://www.rainbowhospitals.in/investors-relations/policies-and-programs,Summary of Proceedings of 28th Annual General Meeting,https://d31scedd5hpubp.cloudfront.net/investor_files/Summary_of_Proceedings_of_28th_Annual_General_Meeting.pdf
2026-07-31 03:08:08,https://www.sapphirefoods.in/investors-relation/updates,Sapphire Foods - Earnings Call Transcript Q1 FY27 - 30-07-2026,https://www.sapphirefoods.in/storage/app/media/sapphire-foods-earnings-call-transcript-q1-fy27-30-07-2026.pdf
2026-07-31 03:08:08,http://www.baytexenergy.com/,Investor Presentation August 2026,http://www.baytexenergy.com/wp-content/uploads/2026/07/26-08-August-Presentation-7kn5g1zn.pdf
2026-07-31 03:08:08,http://www.baytexenergy.com/,2025 Annual Report Financial Reports,http://www.baytexenergy.com/wp-content/uploads/2026/07/Q2-2026-Report-qaGoca36.pdf
2026-07-31 03:08:08,https://www.lectra.com/en/investors,"First Half 2026: improved performance in the second quarter, 2026-2028 ambitions confirmed",https://www.lectra.com/sites/default/files/investors_files/Lectra_Press%20Release%20H12026%20%281%29.pdf
2026-07-31 03:08:08,https://www.lectra.com/en/investors,Lectra H12026 Financial Report EN (1),https://www.lectra.com/sites/default/files/investors_files/Lectra_H12026_Financial%20Report_EN%20%281%29.pdf
2026-07-31 03:08:08,https://www.lectra.com/en/investors,Lectra Rapport Financier S12026 (1),https://www.lectra.com/sites/default/files/investors_files/Lectra_Rapport%20Financier%20S12026%20%281%29.pdf
2026-07-31 03:08:08,https://www.lectra.com/en/investors/financial-information/financial-news,Lectra Communiqué S12026 (1),https://www.lectra.com/sites/default/files/investors_files/Lectra_Communique%CC%81%20S12026%20%281%29.pdf
2026-07-31 03:08:08,https://www.lectra.com/en/investors/financial-information/financial-news,PR Lectra announces the immediate reopening of its Bordeaux Cestas site EN (3),https://www.lectra.com/sites/default/files/investors_files/PR_Lectra%20announces%20the%20immediate%20reopening%20of%20its%20Bordeaux%20Cestas%20site_EN%20%283%29.pdf
2026-07-31 03:08:08,https://www.lectra.com/en/investors/financial-information/financial-news,CP Lectra annonce la reprise d'activité sur son site de Bordeaux Cestas FR (3),https://www.lectra.com/sites/default/files/investors_files/CP_Lectra%20annonce%20la%20reprise%20d%27activit%C3%A9%20sur%20son%20site%20de%20Bordeaux%20Cestas_FR%20%283%29.pdf
2026-07-31 03:08:06,https://vipindustries.co.in/investor/corporate_governance,VIP Integrated Governance XBRL June 2026 PDF,https://vipindustries.co.in/storage/corporate-governances/July2026/VIP Integrated Governance XBRL June 2026 PDF.pdf
2026-07-31 03:08:06,https://vipindustries.co.in/investor/disclosure-46-lodr,Annual Report FY 2025-26,https://vipindustries.co.in/storage/agms/July2026/VIP AR FY26_30.07.26_.pdf
2026-07-31 03:08:06,https://vipindustries.co.in/investor/disclosure-46-lodr,Notice of 59th AGM,https://vipindustries.co.in/storage/agms/July2026/VIP AR FY26_Notice_29.07.26.pdf
2026-07-31 03:08:06,https://masangroup.com/investor-relations.html,30/07/2026 30/07/2026 Announcement of the last registration date to collect opinions of MSNH2328001 Bondholders in writing,https://www.masangroup.com/wp-content/uploads/2026/07/20260730-MSN-Announcement-about-last-registration-date-to-collect-opinions-of-MSNH2328001-Bondholders-in-writing.pdf
2026-07-31 03:08:06,https://masangroup.com/investor-relations.html,20260730 MSN Board Resolution approving written opinion collection to change Bondholder Representative and Depository Service Provider Bond MSNH2328001,https://www.masangroup.com/wp-content/uploads/2026/07/20260730-MSN-Board-Resolution-approving-written-opinion-collection-to-change-Bondholder-Representative-and-Depository-Service-Provider-Bond-MSNH2328001.pdf
2026-07-31 03:08:06,https://masangroup.com/investor-relations.html,30/07/2026 30/07/2026 Report on corporate governance in first 6 months of 2026,https://www.masangroup.com/wp-content/uploads/2026/07/20260730-MSN-BCQT-ban-nien-2026-EN-1.pdf
2026-07-31 03:08:06,https://www.bachem.com/about-bachem/investors-and-media/reports-and-presentations/,E Halbjahresbericht 2026 FINAL,https://www.bachem.com/wp-content/uploads/2026/07/E_Halbjahresbericht_2026_FINAL.pdf
2026-07-31 03:08:06,https://www.bachem.com/about-bachem/investors-and-media/reports-and-presentations/,D Halbjahresbericht 2026 FINAL,https://www.bachem.com/wp-content/uploads/2026/07/D_Halbjahresbericht_2026_FINAL.pdf
2026-07-31 03:08:06,https://www.bachem.com/about-bachem/investors-and-media/reports-and-presentations/,20260730 HY Results 2026 FINAL,https://www.bachem.com/wp-content/uploads/2026/07/20260730_HY-Results-2026_FINAL.pdf
2026-07-31 03:08:06,https://www.bachem.com/about-bachem/investors-and-media/reports-and-presentations/,2026 07 30 Press Release HY 2026 E FINAL,https://www.bachem.com/wp-content/uploads/2026/07/2026-07-30-Press-Release-HY-2026-E_FINAL.pdf
2026-07-31 03:08:06,https://www.bachem.com/about-bachem/investors-and-media/reports-and-presentations/,2026 07 30 Medienmitteilung HJ 2026 D FINAL,https://www.bachem.com/wp-content/uploads/2026/07/2026-07-30-Medienmitteilung-HJ-2026-D_FINAL.pdf
2026-07-31 03:08:06,https://www.sbicard.com/en/who-we-are/corporate-announcements.page,Public disclosure on liquidity risk - For the quarter ending June 2026,https://www.sbicard.com/sbi-card-en/assets/docs/pdf/who-we-are/notices/Liquidity-and-Stock-Ratio-Disclosure-June-26.pdf
2026-07-31 03:08:06,https://www.sbicard.com/en/who-we-are/corporate-announcements.page,Disclosure under Regulation 30 and 51- Product Launch,https://www.sbicard.com/sbi-card-en/assets/docs/pdf/who-we-are/notices/SEFilingProductLaunchJuly2026.pdf
2026-07-31 03:08:06,https://www.sbicard.com/en/who-we-are/corporate-announcements.page,Disclosure under Regulation 30 and 51 – Press Release,https://www.sbicard.com/sbi-card-en/assets/docs/pdf/who-we-are/notices/SEFilingPressReleaseJuly2026.pdf
2026-07-31 03:08:06,https://gocolors.com/pages/investor-relations,INVESTOR PRESENTATION Q1 FY27,https://cdn.shopify.com/s/files/1/0598/8158/6848/files/INVESTOR_PRESENTATION_Q1_FY27.pdf?v=1785400975
2026-07-31 03:08:06,https://gocolors.com/pages/investor-relations,PRESS RELEASE Q1 FY27,https://cdn.shopify.com/s/files/1/0598/8158/6848/files/PRESS_RELEASE_Q1_FY27.pdf?v=1785400974
2026-07-31 03:08:06,https://gocolors.com/pages/investor-relations,OUTCOME OF BOARD MEETING Q1 FY26 1809c748 013e 4bb7 a11d e1971c1da8b3,https://cdn.shopify.com/s/files/1/0598/8158/6848/files/OUTCOME_OF_BOARD_MEETING_Q1_FY26_1809c748-013e-4bb7-a11d-e1971c1da8b3.pdf?v=1785400975
2026-07-31 03:08:06,https://ir.fulcrumtx.com/financial-information/sec-filings,0001193125-26-326098.pdf 0001193125-26-326098.rtf 0001193125-26-326098.xls EX-101.SCH - XBRL TAXONOMY EXTENSION SCHEMA View HTML,https://ir.fulcrumtx.com/static-files/2f0bf6e1-8e85-462c-9402-d9d11fe0169d
2026-07-31 03:08:06,https://ir.fulcrumtx.com/financial-information/sec-filings,0001193125-26-326098.pdf 0001193125-26-326098.rtf 0001193125-26-326098.xls EX-101.SCH - XBRL TAXONOMY EXTENSION SCHEMA View HTML,https://ir.fulcrumtx.com/static-files/f233cc8f-032c-4470-bfc2-4fd15fdb12a7
2026-07-31 03:08:06,https://ir.fulcrumtx.com/financial-information/sec-filings,0001193125-26-326098.pdf 0001193125-26-326098.rtf 0001193125-26-326098.xls EX-101.SCH - XBRL TAXONOMY EXTENSION SCHEMA View HTML,https://ir.fulcrumtx.com/static-files/3844dde7-01de-40c5-a913-12ac6b7884c5
2026-07-31 03:08:06,https://opc-energy.com/en/investors-lobby-2/,"Notice Regarding the Expected Publication Date of the Company’s Financial Results for Q2 2026, and the Convening of Hebrew and",https://opc-energy.com/wp-content/uploads/2026/07/P1760182-00-pages-2.pdf
2026-07-31 03:08:06,https://www.bridgepoint.eu/shareholders/governance/legal-regulatory-and-other-disclosures,bridgepoint article 29 report fy25,https://www.bridgepoint.eu/content/dam/bridgepoint/corporate2022/documents/esg/bridgepoint-article-29-report-fy25.pdf
2026-07-31 03:08:06,https://www.heliostowers.com/,Press Release 30 July 2026 H1 Results 2026 Read more,https://www.heliostowers.com/media/5jknyjxq/helios-towers-rns-h1-2026-vfinal.pdf
2026-07-31 03:08:06,https://www.heliostowers.com/,Overview 30 Jul 2026 HT H1 2026 & MDGR presentation Download PDF,https://www.heliostowers.com/media/gqqfwmm0/ht-h1-26-mdgr-presentation.pdf
2026-07-31 03:08:06,https://investors.technipenergies.com/,"Thursday, July 30, 2026 - 2PM CEST",https://investors.technipenergies.com/static-files/e4b2e965-4c28-4fdb-9539-72a713ae6961
2026-07-31 03:08:06,https://investors.technipenergies.com/,"Thursday, July 30, 2026 - 2PM CEST",https://investors.technipenergies.com/static-files/38ff018f-89b8-4c1f-a6a2-f636323a902b
2026-07-31 03:08:06,https://investors.technipenergies.com/,2026 Half-year Report,https://investors.technipenergies.com/static-files/bbb591fe-bce0-4c9a-8068-da06da229268
2026-07-31 03:08:03,https://dil-rjcorp.com/dil/financial-information/,Audio recording of Earnings Call,https://dil-rjcorp.com/wp-content/uploads/2026/07/NewspaperAdvertisement.pdf
2026-07-31 03:08:03,https://www.caplinpoint.net/index.php/press-release/,30-07-2026 Analysts Call _Q1_Intimation,https://www.caplinpoint.net/wp-content/uploads/2026/05/Analysts-Call-_Q1_Intimation.pdf
2026-07-31 03:08:03,https://hbl.in/Investors-Details.php,noticeboardmeet30072026,https://hbl.in/reports/noticeboardmeet30072026.pdf
2026-07-31 03:08:03,https://www.dcmshriram.com/investors/corporate-governance-and-policies,"Whistle Blower Policy/Vigil Mechanism-Last updated on 28 th July, 2026",https://www.dcmshriram.com/docs/files/Whistle-Blower-Policy-DCM-SHRIRAM.pdf
2026-07-31 03:08:03,https://www.gfl.co.in/Governance_Report.php,GFCL Integrated Governance 30.06.2026,https://gfl.co.in/upload/pages/GFCL - Integrated Governance - 30.06.2026.pdf
2026-07-31 03:08:03,https://www.shareindia.com/about-us/investor-relations,Notice of the Meeting of Holders of Non-Convertible Debentures Under Series A and B,https://www.shareindia.com/wp-content/uploads/data/uploads/Investor_Relations_Files/non_convertible_debentures_30072027.pdf
2026-07-31 03:08:03,https://www.azelis.com/en/reports-and-presentations,H1 2026 Financial Report Press release Webcast Results presentation,https://www.azelis.com/sites/default/files/uploads/Azelis%20Group%20NV%20-%20Interim%20financial%20report%20for%20the%20first%20six%20months%20of%202026%20ENG_FINAL.pdf
2026-07-31 03:08:03,https://www.azelis.com/en/reports-and-presentations,H1 2026 Financial Report Press release Webcast Results presentation,https://www.azelis.com/sites/default/files/uploads/Azelis%20Group%20NV%20-%20H1%202026%20Trading%20Update%20ENG_FINAL.pdf
2026-07-31 03:08:03,https://www.azelis.com/en/reports-and-presentations,H1 2026 Financial Report Press release Webcast Results presentation,https://www.azelis.com/sites/default/files/uploads/Azelis%20Group%20H1%202026%20vFinal.pdf
2026-07-31 03:08:03,https://www.azelis.com/en/reports-and-presentations,H1 2026 Financial Report Press release Webcast Results presentation,https://www.azelis.com/sites/default/files/uploads/Azelis%20Group%20NV%20-%20Interim%20financial%20report%20for%20the%20first%20six%20months%20of%202026%20NL_FINAL.pdf
2026-07-31 03:08:03,https://www.azelis.com/en/reports-and-presentations,H1 2026 Financial Report Press release Webcast Results presentation,https://www.azelis.com/sites/default/files/uploads/Azelis%20Group%20NV%20-%20H1%202026%20Trading%20Update%20NL_FINAL.pdf
2026-07-31 03:08:12,https://www.sonoco.com/na/sustainability/reports,Corporate Sustainability Report,https://www.sonoco.com/sites/default/files/images/PDFs/2025_CSR_SON_073026b.pdf
2026-07-31 03:08:12,https://www.welspuncorp.com/company-disclosures.php,Q1 FY26-27 Transcripts,https://www.welspuncorp.com/uploads/investor_data/investorreport__1714.pdf
2026-07-31 03:08:12,https://www.ytlhospitalityreit.com/presentations/,YTL REIT 4Q FY2026 Results Presentation,https://www.ytlhospitalityreit.com/wp-content/uploads/ytles/sites/3/files/quarterly-report/YTL_REIT_4Q_FY2026_Results_Presentation.pdf
2026-07-31 03:08:12,https://www.orange-ir.pl/,"Browse reports, presentations, media files and key performance indicators .",https://www.orange-ir.pl/wp-content/uploads/2026/07/OPL-Q226-presentation_investors.pdf
2026-08-05 03:13:15,https://www.arabpotash.com/En/List/Sustainability_Reports,2025 sustainability report arabic,https://www.arabpotash.com/ebv4.0/root_storage/en/eb_list_page/2025_sustainability_report_arabic.pdf
2026-08-05 03:13:15,https://www.arabpotash.com/En/List/Sustainability_Reports,2025 sustainability report english,https://www.arabpotash.com/ebv4.0/root_storage/en/eb_list_page/2025_sustainability_report_english.pdf
2026-08-05 03:13:15,https://www.ezzsteel.com/about-ezz-steel/sustainability,EZZ STEEL SUEZ CARES EPD 0038 REBAR,https://www.ezzsteel.com/downloads/823/EZZ%20STEEL%20SUEZ%20CARES%20EPD%200038%20REBAR.pdf
2026-08-05 03:13:15,https://www.ezzsteel.com/about-ezz-steel/sustainability,EZZ STEEL SUEZ CARES EPD 0039 HRC,https://www.ezzsteel.com/downloads/824/EZZ%20STEEL%20SUEZ%20CARES%20EPD%200039%20HRC.pdf
2026-08-05 03:13:15,https://www.technotrans.com/sustainability/overview,20260730 technotrans Consensus,https://www.technotrans.com/fileadmin/user_upload/Investor_Relations/PDFs/20260730_technotrans_Consensus.pdf
2026-08-05 03:13:15,https://www.jubilantingrevia.com/about-us/sustainability/sustainability-report,"Understand our growth strategy, market opportunities, and value creation.",https://www.jubilantingrevia.com/Uploads/pdf/annual-report-2025-26.pdf
2026-08-05 03:13:15,https://investors.graphicpkg.com/financial-information/financial-results#annual,2Q26+GPK+Earnings+Presentation+vF,https://d1io3yog0oux5.cloudfront.net/_bd2785125d7ef85330411df4fa8c276e/graphicpkg/db/2288/21889/presentation/2Q26+GPK+Earnings+Presentation+vF.pdf
2026-08-05 03:13:15,https://ghcl.co.in/financial-performance,GHCL 218th BoardMeeting Outcome Integrated Results August2026,https://ghcl.co.in/wp-content/uploads/2026/08/GHCL_218th_BoardMeeting_Outcome_Integrated_Results_August2026.pdf
2026-08-05 03:13:15,https://ghcl.co.in/financial-performance,Standalone and Consolidated Results Q1FY26-27,https://ghcl.co.in/wp-content/uploads/2026/08/GHCL_Investor_Presentation_Q1FY2027.pdf
2026-08-05 03:13:15,https://ghcl.co.in/financial-performance,GHCL Intimation Press Release Q1FY27 01-08-2026,https://ghcl.co.in/wp-content/uploads/2026/08/GHCL_Intimation_Press_Release_Q1FY2027.pdf
2026-08-05 03:13:15,https://www.avillionberhad.com/our-company/corporate-governance/,Disclosures in this section are pursuant to Appendix 4 (Corporate Governance Disclosures) of the Corporate Governance Guidelines issued by Bank,https://www.avillionberhad.com/getattachment/Our-Company/Corporate-Governance/Corporate-Governance-Report-31Mar2026-1.pdf?lang=en-US
2026-08-05 03:13:15,http://en.wynnmacaulimited.com/announcements-and-circulars,Inside Information - Unaudited Results for the Second Quarter and the First Half of Fiscal 2026 Ended 30 June 2026,http://en.wynnmacaulimited.com/static-files/df0ad30b-d0e1-4f97-b189-ff10a3ad1422 
2026-08-05 03:13:15,https://dil-rjcorp.com/corporate-governance/,dil cg report june 2026,https://dil-rjcorp.com/wp-content/uploads/2026/08/dil-cg-report-june-2026.pdf
2026-08-05 03:13:15,https://www.sciencegroup.com/news/,"03 August, 2026 Transaction in own shares",https://www.sciencegroup.com/wp-content/uploads/2026/08/Buyback-31.07.2026.pdf
2026-08-05 03:13:15,https://www.sciencegroup.com/news/,"31 July, 2026 Transaction in own shares",https://www.sciencegroup.com/wp-content/uploads/2026/07/Buyback-30.07.2026.pdf
2026-08-05 03:13:15,https://www.gudanggaramtbk.com/en/investor/#keuangan,2021 31 December 2021 30 September 2021 30 June 2021 (Limited Review) 30 June 2021 31 March 2021,https://www.gudanggaramtbk.com/media/uploads/files/LK_Interim_Juni26.pdf
2026-08-05 03:13:15,https://ir.gentex.com/investor-relations,Q2 2026 Presentation,https://ir.gentex.com/static-files/359e3b86-a2b3-4087-912a-2032e35b5f1f
2026-08-05 03:13:15,https://ir.fathominc.com/corporate-governance/governance-documents,Tear+Sheet,https://d1io3yog0oux5.cloudfront.net/_247a4902d32aba6fed6080292af81f68/fathomrealty/files/Tear+Sheet.pdf
2026-08-05 03:13:01,https://genelenergy.com/investor-relations/,Half-Year Results 2026 4 August 2026,https://genelenergy.com/wp-content/uploads/Genel-HY2026-results.pdf
2026-08-05 03:13:01,https://genelenergy.com/investor-relations/,Half-Year Results 2026 4 August 2026,https://genelenergy.com/wp-content/uploads/HY26-Results-Presentation_FINAL.pdf
2026-08-05 03:13:01,https://www.hindustanfoodslimited.com/investor-presentation.php,Earnings Presentation for Q1 FY 2027,https://www.hindustanfoodslimited.com/investor-section/investor-presentation/Earnings Presentation for Q1 FY 2027.pdf
2026-08-05 03:13:01,https://www.iifl.com/finance/corporate-governance?redirect=menu-bar,Board Diversity Policy,https://nbfciiflprodstg.blob.core.windows.net/iifl-finance-storage/files/2026-08/Board_Diversity_Policy.pdf
2026-08-05 03:13:01,https://www.iifl.com/finance/corporate-governance?redirect=menu-bar,CSR Policy,https://nbfciiflprodstg.blob.core.windows.net/iifl-finance-storage/files/2026-08/CSR_Policy.pdf
2026-08-05 03:13:01,https://www.iifl.com/finance/corporate-governance?redirect=menu-bar,Terms and Conditions of Appointment of Independent Directors,https://nbfciiflprodstg.blob.core.windows.net/iifl-finance-storage/files/2026-08/Terms_and_Conditions_of_IDs.pdf
2026-08-05 03:13:01,https://www.iifl.com/finance/corporate-governance?redirect=menu-bar,Policy for determination of Materiality of information or events,https://nbfciiflprodstg.blob.core.windows.net/iifl-finance-storage/files/2026-08/Policy_Materiality.pdf
2026-08-05 03:13:01,https://www.iifl.com/finance/corporate-governance?redirect=menu-bar,Policy on transfer of Unclaimed Amounts to Escrow Accounts and claim thereof by Investors,https://nbfciiflprodstg.blob.core.windows.net/iifl-finance-storage/files/2026-08/IEPF_Policy.pdf
2026-08-05 03:13:01,https://www.iifl.com/finance/corporate-governance?redirect=menu-bar,Nomination and Remuneration Policy,https://nbfciiflprodstg.blob.core.windows.net/iifl-finance-storage/files/2026-08/NRC_Policy.pdf
2026-08-05 03:13:01,https://www.iifl.com/finance/corporate-governance?redirect=menu-bar,Policy on determining Material Subsidiary,https://nbfciiflprodstg.blob.core.windows.net/iifl-finance-storage/files/2026-08/Policy_on_determining_Material_Subsidiary.pdf
2026-08-05 03:13:01,https://www.iifl.com/finance/corporate-governance?redirect=menu-bar,Whistleblower / Vigilance Policy,https://nbfciiflprodstg.blob.core.windows.net/iifl-finance-storage/files/2026-08/WhistleBlower_Vigilance_Policy.pdf
2026-08-05 03:13:01,https://www.qbeyond.de/downloads/,"Unsere aktuelle q.beyond Unternehmenspräsentation mit Daten & Fakten, Service-Portfolio, Referenzen, Auszeichnungen für unsere q.beyond IT-Services.",https://www.qbeyond.de/media/pages/downloads/b06c03f24b-1785750572/unternehmenspraesentation-q.beyond-ag.pdf
2026-08-05 03:13:01,https://www.qbeyond.de/downloads/,"Wer sich bei der Übergabe an die nächste Generation nicht auch mit einer IT-Strategie auseinandersetzt, gefährdet Vermögenswerte.",https://www.qbeyond.de/pdf/hhun-magazin-qbeyond_beleg-zur-verwendung.pdf
2026-08-05 03:13:01,https://www.martinrea.com/investor-relations/,"Events and Presentations (Quarterly Results and Webcasts, Investor Events, Etc.)",https://www.martinrea.com/wp-content/uploads/Martinrea-Investor-Presentation-August-2026.pdf
2026-08-05 03:13:01,https://www.martinrea.com/investor-relations/,Q2 2026 Consolidated Financial Statements Q2 / 2026 Quarterly Reports,https://www.martinrea.com/wp-content/uploads/Q2-2026-Consolidated-Financial-Statements.pdf
2026-08-05 03:13:01,https://www.martinrea.com/investor-relations/,Q2 2026 Results Presentation Q2 / 2026 Presentations,https://www.martinrea.com/wp-content/uploads/Q2-2026-Results-Presentation.pdf
2026-08-05 03:13:01,https://www.martinrea.com/investor-relations/,Q2 2026 Report to Shareholders Q2 / 2026 Quarterly Reports,https://www.martinrea.com/wp-content/uploads/Q2-2026-Report-to-Shareholders.pdf
2026-08-05 03:13:01,https://www.martinrea.com/investor-relations/,Q2 2026 Management Discussion and Analysis Q2 / 2026 Quarterly Reports,https://www.martinrea.com/wp-content/uploads/Q2-2026-Management-Discussion-and-Analysis.pdf
2026-08-05 03:13:01,https://www.martinrea.com/investor-relations/,Q2 2026 Results Press Release Q2 / 2026 Press Releases,https://www.martinrea.com/wp-content/uploads/Q2-2026-Results-Press-Release.pdf
2026-08-05 03:13:01,https://www.abfrl.com/investors/annual-reports/,ABFRL Annual Report FY25 26,https://www.abfrl.com/wp-content/uploads/2026/07/ABFRL-Annual-Report-FY25-26.pdf
2026-08-05 03:13:01,https://www.baytexenergy.com/investors/news-releases/,Baytex Announces Second Quarter 2026 Results; Production Guidance Raised on Strong Duvernay and Peavine Performance; Board Appointments Announced,https://www.baytexenergy.com/wp-content/uploads/news/1785445440-307301.pdf
2026-08-05 03:13:01,https://www.baytexenergy.com/investors/news-releases/,Baytex Announces Quarterly Dividend for October 2026,https://www.baytexenergy.com/wp-content/uploads/news/1785445200-307298.pdf
2026-08-05 03:13:01,https://ir.douglasemmett.com/management/board-committees/default.aspx,Q2 2026 Earnings Webcast 08/05/2026,https://ir.douglasemmett.com/files/doc_financials/2026/q2/Investor-Overview-Q2-26.pdf
2026-08-05 03:13:01,https://ir.douglasemmett.com/management/board-committees/default.aspx,Q2 2026 Earnings Webcast 08/05/2026,https://ir.douglasemmett.com/files/doc_financials/2026/q2/2026-Q2-EP-Published.pdf
2026-08-05 03:13:01,https://www.technotrans.com/investor-relations/financial-reports/financial-reports-archive,Interim Financial Report,https://www.technotrans.com/fileadmin/user_upload/Investor_Relations/Finanzberichte/Geschaeftsjahr_2026/H1/TEC_H1_2026_EN.pdf
2026-08-05 03:13:01,https://ir.navitassemi.com/financial-information,0001104659-26-089813.pdf 0001104659-26-089813.rtf 0001104659-26-089813.xls View HTML,https://ir.navitassemi.com/static-files/66d11998-e7f4-41bc-86fb-4a60b37eb067
2026-08-05 03:13:01,https://ir.navitassemi.com/financial-information,0001104659-26-089813.pdf 0001104659-26-089813.rtf 0001104659-26-089813.xls View HTML,https://ir.navitassemi.com/static-files/6419bda6-61fd-4f18-b993-353b04a95955
2026-08-05 03:13:01,https://ir.navitassemi.com/financial-information,0001104659-26-089813.pdf 0001104659-26-089813.rtf 0001104659-26-089813.xls View HTML,https://ir.navitassemi.com/static-files/524be544-91c1-4f96-9899-40bf83d4d9d5
2026-08-05 03:13:01,https://www.lotusbakeries.com/document-search,Change of total number of voting rights 31 July 2026 Press Release Regulated information Share information,https://www.lotusbakeries.com/sites/default/files/documents-nl/PB_wijzigingaantalstemrechten_31.07.2026.pdf
2026-08-05 03:13:01,https://www.lotusbakeries.com/document-search,Change of total number of voting rights 31 July 2026 Press Release Regulated information Share information,https://www.lotusbakeries.com/sites/default/files/documents-en/PR_changeoftotalnumberofvotingrights_31.07.2026.pdf
2026-08-05 03:13:01,https://www.exxaro.com/our-business/governance/,exxaro resources final 2026 bee certificate,https://exxaro-prod.azureedge.net/sitestorage/media/krdlu553/exxaro-resources-final-2026-_bee-certificate.pdf
2026-08-05 03:13:01,https://www.technotrans.com/sustainability/overview/archive-sustainability,20260804 technotrans Consensus,https://www.technotrans.com/fileadmin/user_upload/Investor_Relations/PDFs/20260804_technotrans_Consensus.pdf
2026-08-05 03:13:01,https://ltg.com.ph/board-committees/,Audit Committee Charter PDF,https://ltg.com.ph/wp-content/uploads/bsk-pdf-manager/2026/08/Audit-Committee-Charter.pdf
2026-08-05 03:13:01,https://www.southgobi.com/html/ir.php,Announcements and Notices - UPDATE ON UPCOMING SPECIAL MEETING OF SHAREHOLDERS AND POSTPONEMENT OF THE RECORD DATE,https://media-southgobi.todayir.com/20260731183202842512264464_en.pdf
2026-08-05 03:13:01,https://www.mum.de/investor-relations/investor-relations-english/corporate-governance,2026 08 03 mum praesentation august 2026,https://www.mum.de/-/media/mum/downloads/investor-relations/praesentationen-presentations/2026-08-03-mum-praesentation-august-2026.pdf
2026-08-05 03:13:01,https://www.mum.de/investor-relations/investor-relations-english/corporate-governance,2026 08 03 mum presentation august 2026,https://www.mum.de/-/media/mum/downloads/investor-relations/praesentationen-presentations/2026-08-03-mum-presentation-august-2026.pdf
2026-08-05 03:13:01,https://www.rainbowhospitals.in/investors-relations/policies-and-programs,Analyst Concall Transcript - Q1 & FY27,https://d31scedd5hpubp.cloudfront.net/investor_files/Analyst_Concall_Transcript_-_Q1_&_FY27.pdf
2026-08-05 03:13:01,https://www.rainbowhospitals.in/investors-relations/policies-and-programs,Earnings Presentation – Q1 FY2027,https://d31scedd5hpubp.cloudfront.net/investor_files/Earnings_Presentation_-_Q1FY27.pdf
2026-08-05 03:13:01,https://www.rainbowhospitals.in/investors-relations/policies-and-programs,Press Release Q1 FY2027,https://d31scedd5hpubp.cloudfront.net/investor_files/Press_release_-_Q1FY27.pdf
2026-08-05 03:13:01,https://www.rainbowhospitals.in/investors-relations/policies-and-programs,Newspaper Advertisement for Q1FY27,https://d31scedd5hpubp.cloudfront.net/investor_files/Newspaper_Advertisement_for_Q1FY27.pdf
2026-08-05 03:13:01,https://www.rainbowhospitals.in/investors-relations/policies-and-programs,"Intimation of Grant of ESOPS 2025 – July 30, 2026",https://d31scedd5hpubp.cloudfront.net/investor_files/Intimation_of_Grant_of_ESOPS_2025_–_July_30__2026.pdf
2026-08-05 03:13:01,https://www.rainbowhospitals.in/investors-relations/policies-and-programs,"Integrated Filing (Financial) – June 30, 2026",https://d31scedd5hpubp.cloudfront.net/investor_files/Integrated_Filing_(Financial)_–_June_30__2026.pdf
2026-08-05 03:13:01,https://www.bathurst.co.nz/investors-news/asx-announcements/,284 KB,https://www.bathurst.co.nz/assets/reports/3098660.pdf
2026-08-05 03:13:01,https://ir.bactiguard.com/press-releases/,bactiguard new number of shares and votes in bactiguard holding ab 260731,https://ir.bactiguard.com/wp-content/uploads/bactiguard-new-number-of-shares-and-votes-in-bactiguard-holding-ab-260731.pdf
2026-08-05 03:13:04,https://www.agthia.com/investors/investor-presentations/,H1 2026 Management Discussion & Analysis EN,https://www.agthia.com/sites/default/files/2026-08/H1%202026%20-%20Management%20Discussion%20%26%20Analysis_EN.pdf
2026-08-05 03:13:04,https://www.agthia.com/investors/investor-presentations/,H1 2026 Audited Financial Statements EN,https://www.agthia.com/sites/default/files/2026-08/H1%202026%20-%20Audited%20Financial%20Statements_EN.pdf
2026-08-05 03:13:04,https://www.bsdcity.com/investor/financial-reports/,BSDE LK Q2 2026,https://www.bsdcity.com/app/uploads/2026/07/BSDE-LK-Q2-2026.pdf
2026-08-05 03:13:04,https://www.bsdcity.com/investor/information-disclosure/,BSDE Susunan Komite Audit 29.07.2026,https://www.bsdcity.com/app/uploads/2026/07/BSDE-Susunan-Komite-Audit-29.07.2026.pdf
2026-08-05 03:13:04,https://www.bsdcity.com/investor/press-release/,BSDE Press Release 29.07.2026,https://www.bsdcity.com/app/uploads/2026/07/BSDE-Press-Release-29.07.2026.pdf
2026-08-05 03:13:04,https://www.tejasnetworks.com/investor-relations.php,Q1FY27 Earnings Call Presentation,https://www.tejasnetworks.com/wp-content/uploads/2026/07/Q1FY27-Earnings-Call-Presentation.pdf
2026-08-05 03:13:04,https://www.cpipg.com/shareholder-corner-en,6a703284aaf84568880974,https://cpipg.com/storage/app/uploads/public/6a7/032/84a/6a703284aaf84568880974.pdf
2026-08-05 03:13:04,https://vipindustries.co.in/investor/disclosure-46-lodr,Newspaper publication regarding 59th Annual General Meeting,https://vipindustries.co.in/storage/newspaper-publications/August2026/SEuplaodNewspaperAdvetisement.pdf
2026-08-05 03:13:04,https://masangroup.com/investor-relations.html,31/07/2026 31/07/2026 MSN 2Q2026 Earnings Presentation,https://www.masangroup.com/wp-content/uploads/2026/07/MSN_2Q2026_Earnings_Community-Day-Presentation-EN.pdf
2026-08-05 03:13:04,https://en.wynnmacaulimited.com/announcements-and-circulars,Inside Information - Unaudited Results for the Second Quarter and the First Half of Fiscal 2026 Ended 30 June 2026,https://en.wynnmacaulimited.com/static-files/df0ad30b-d0e1-4f97-b189-ff10a3ad1422 
2026-08-05 03:13:04,https://www.sbicard.com/en/who-we-are/annual-reports.page,Integrated Annual Report FY 2025-26 Download,https://www.sbicard.com/sbi-card-en/assets/docs/pdf/who-we-are/notices/Integrated-annual-report-fy-2025-26.pdf
2026-08-05 03:13:04,https://www.sbicard.com/en/who-we-are/annual-reports.page,Disclosure under SEBI (SBEBSE) For Financial Year 2025-26 Download,https://www.sbicard.com/sbi-card-en/assets/docs/pdf/who-we-are/notices/Disclosure-under-SEBI%28SBEBSE%29.pdf
2026-08-05 03:13:04,https://www.sbicard.com/en/who-we-are/annual-reports.page,Form MGT- 7 - Annual Return FY 26 Download,https://www.sbicard.com/sbi-card-en/assets/docs/pdf/who-we-are/notices/Draft-MGT-7_FY 25-26.pdf
2026-08-05 03:13:04,https://www.sbicard.com/en/who-we-are/annual-reports.page,Particular of Employees FY 2025 26,https://www.sbicard.com/sbi-card-en/assets/docs/pdf/who-we-are/notices/Particular-of-Employees-FY-2025-26.pdf
2026-08-05 03:13:04,https://www.sbicard.com/en/who-we-are/annual-reports.page,Impact Assessment Reports (Detailed) conducted in FY 2025-26 Download,https://www.sbicard.com/sbi-card-en/assets/docs/pdf/who-we-are/notices/Impact-Assessment-of-15-CSR-Projects-undertaken-by-Price-Waterhouse-Chartered-Accountants-LLP.pdf
2026-08-05 03:13:04,https://www.sbicard.com/en/who-we-are/corporate-announcements.page,Disclosure under Regulation 30 – Letter to Shareholder/Debenture holder,https://www.sbicard.com/sbi-card-en/assets/docs/pdf/who-we-are/notices/SEFilingLetterToShareholderDebentureHolder2026.pdf
2026-08-05 03:13:04,https://www.sbicard.com/en/who-we-are/corporate-announcements.page,Disclosure under Regulation 30 – Notice of AGM,https://www.sbicard.com/sbi-card-en/assets/docs/pdf/who-we-are/notices/SEFilingAGMNotice2026.pdf
2026-08-05 03:13:04,https://www.sbicard.com/en/who-we-are/corporate-announcements.page,Disclosure under Regulation 30 – Integrated Annual Report,https://www.sbicard.com/sbi-card-en/assets/docs/pdf/who-we-are/notices/SEFilingAnnualReport2026.pdf
2026-08-05 03:13:04,https://www.sbicard.com/en/who-we-are/corporate-announcements.page,Disclosure under Regulation 30 – Newspaper Advertisement,https://www.sbicard.com/sbi-card-en/assets/docs/pdf/who-we-are/notices/SEFilingPreADVNewspaperAGM.pdf
2026-08-05 03:13:04,https://www.sbicard.com/en/who-we-are/corporate-announcements.page,Disclosure under Regulation 30 - Transcript of Earnings Call,https://www.sbicard.com/sbi-card-en/assets/docs/pdf/who-we-are/notices/SEFilingTranscript31July2026.pdf
2026-08-05 03:13:04,https://www.sbicard.com/en/who-we-are/corporate-announcements.page,Intimation under Regulation 57(1) _ Series 37_ 30.07.2026,https://www.sbicard.com/sbi-card-en/assets/docs/pdf/who-we-are/notices/SEFilingInterestPayment31July2026.pdf
2026-08-05 03:13:04,https://www.amlakint.com/en/investor-relations/,"Financial Statement Q2, 2026 Download",https://www.amlakint.com/media/ihcazx4f/financial-statements-q2-2026-en.pdf
2026-08-05 03:13:04,https://mahindralogistics.com/corporate-announcement,Crisil ESG Rating Report 2026 Published on: 03 August 2026,https://mahindralogistics.com/tabs/cms/files/SEIntimationCrisilESGRatingSigned2026.pdf
2026-08-05 03:13:04,https://www.ltts.com/investors/exchange-announcements,LTTSStockExchangeIntimationPostalBallot04082026,https://www.ltts.com/sites/default/files/investors/exchange-announcements/LTTSStockExchangeIntimationPostalBallot04082026.pdf
2026-08-05 03:13:04,https://investor.stoketherapeutics.com/,Stoke Therapeutics Second Quarter 2026 Business and Financial Update Presentation,https://investor.stoketherapeutics.com/static-files/f7ab373b-0a71-4158-9a35-16db732910f8
2026-08-05 03:13:04,https://gocolors.com/pages/investor-relations,NEWSPAPER PUBLICATION OF FINANCIAL RESULTS Q1 FY27,https://cdn.shopify.com/s/files/1/0598/8158/6848/files/NEWSPAPER_PUBLICATION_OF_FINANCIAL_RESULTS_Q1_FY27.pdf?v=1785496737
2026-08-05 03:13:04,http://www.luxinnerwear.com/investors/corporate-governance,OTHER DIRECTORSHIP DETAILS (1),http://s3.amazonaws.com/luxs/ckeditors/pictures/757/original/OTHER_DIRECTORSHIP_DETAILS_%281%29.pdf
2026-08-05 03:13:04,https://ir.fulcrumtx.com/financial-information/sec-filings,0000070858-26-000396.pdf 0000070858-26-000396.rtf 0000070858-26-000396.xls View HTML,https://ir.fulcrumtx.com/static-files/115392e4-a688-453f-aeed-b2830784c485
2026-08-05 03:13:04,https://ir.fulcrumtx.com/financial-information/sec-filings,0000070858-26-000396.pdf 0000070858-26-000396.rtf 0000070858-26-000396.xls View HTML,https://ir.fulcrumtx.com/static-files/97a3b05e-9f1e-45cc-a2fc-4f3d6db39217
2026-08-05 03:13:04,https://ir.fulcrumtx.com/financial-information/sec-filings,0000070858-26-000396.pdf 0000070858-26-000396.rtf 0000070858-26-000396.xls View HTML,https://ir.fulcrumtx.com/static-files/8a9bb82b-a425-4900-886f-1fd3f1c8d9d6
2026-08-05 03:13:04,https://investor.wilcon.com.ph/all-disclosures/,WLCON Notice of Analyst Briefing 1H 2026 Financial Report,https://investor.wilcon.com.ph/wp-content/uploads/2026/07/WLCON-Notice-of-Analyst-Briefing-1H-2026-Financial-Report.pdf
2026-08-05 03:13:04,https://investor.wilcon.com.ph/all-disclosures/,WLCON SEC Form 17C SEC approval of amendment of AOI and by laws July 30 2026,https://investor.wilcon.com.ph/wp-content/uploads/2026/07/WLCON-SEC-Form-17C-SEC-approval-of-amendment-of-AOI-and-by-laws-July-30-2026.pdf
2026-08-05 03:13:04,https://www.irbinvit.co.in/corporate-presentations-transcripts/,Corporate Presentation September 2021 Download Earnings Conference Call – 09/08/2021 Download Corporate Presentation June 2021 Download Earnings Conference Call –,https://www.irbinvit.co.in/wp-content/uploads/2026/07/Concall-IRB-InvIT-Q1-FY27.pdf
2026-08-05 03:13:04,https://investor.opendoor.com/financials-filings/quarterly-reports,2Q26 Earnings Supplement 47.5 KB,https://investor.opendoor.com/static-files/3e21164c-7493-480b-a9fb-d20d1cac8a2e
2026-08-05 03:13:04,https://investor.opendoor.com/financials-filings/quarterly-reports,2Q26 Macro Charts 1.3 MB,https://investor.opendoor.com/static-files/650e769a-a2ed-47c6-a942-48fcc646d386
2026-08-05 03:13:04,https://investors.technipenergies.com/,Investor Relations Overview Q2 2026,https://investors.technipenergies.com/static-files/e7653b46-778a-4c83-b0f2-a901c500b185
2026-08-05 03:13:04,https://investors.technipenergies.com/,IR Overview T.EN in ten slides V6,https://investors.technipenergies.com/system/files-encrypted/nasdaq_kms/assets/2026/08/03/6-35-05/IR%20Overview%20-%20T.EN%20in%20ten%20slides_V6.pdf
2026-08-05 03:13:04,https://www.adib.eg/investor-relations/financial-results,ADIBSeparateCondensedFinancialsJun2026 English,https://www.adib.eg/media/2757582/ADIBSeparateCondensedFinancialsJun2026_English.pdf
2026-08-05 03:13:04,https://www.adib.eg/investor-relations/financial-results,2026-Q2-Consolidated,https://www.adib.eg/media/2757582/ADIBConsalidatedQ22026English.pdf
2026-08-05 03:13:04,https://www.freedomholdingcorp.com/investors/esg-for-investors,Tear+Sheet,https://d1io3yog0oux5.cloudfront.net/_f1bbbacc063069fed517978d5575003e/freedomholdingcorp/files/Tear+Sheet.pdf
2026-08-05 03:13:04,https://dil-rjcorp.com/dil/financial-information/,Audio recording of Earnings Call Transcripts,https://dil-rjcorp.com/wp-content/uploads/2026/08/dil-transcript-intimation-merged-dsc.pdf
2026-08-05 03:13:04,https://www.hfcl.com/company-facts,Q1 Apr '26 - Jun '26 Earning Announcement,https://cdn.prod.website-files.com/69e0036b695965871f0524ab/6a725b42912f3ca617297790_HFCL_UFR_30062026.pdf
2026-08-05 03:13:04,https://www.siyaram.com/investor-relations/quarterly-financial-results.php,UFR QE 30th June 2026 2026-2027,https://prod-siyaram-bucket.s3.ap-south-1.amazonaws.com/images/investor-relationship-doc/quaterly-financial-results/2026-2027/UFR+QE+30th+June+2026.pdf
2026-08-05 03:13:04,https://hbl.in/Investors-Details.php,Intimation of Kavach order August-2026,https://hbl.in/reports/kavach_icf_order_aug2026.pdf
2026-08-05 03:13:04,https://ir.rockwellmed.com/governance/governance-documents/default.aspx,RMTI Form8937 signed,https://s201.q4cdn.com/332113476/files/doc_downloads/2026/RMTI_Form8937_signed.pdf
2026-08-05 03:13:04,https://www.shareindia.com/about-us/investor-relations,Financials Results,https://www.shareindia.com/wp-content/uploads/data/uploads/Investor_Relations_Files/InvestorMeetTranscriptQ1FY27.pdf
2026-08-05 03:13:04,https://www.shareindia.com/about-us/investor-relations,Portfolio Manager Data Investor Grievances 31 July 2026,https://www.shareindia.com/wp-content/uploads/data/uploads/Investor_Relations_Files/Portfolio_Manager_Data_Investor_Grievances_31_July 2026.pdf
2026-08-05 03:13:04,https://www.shareindia.com/about-us/investor-relations,Research Analyst Data Investor Grievances 31 July 2026,https://www.shareindia.com/wp-content/uploads/data/uploads/Investor_Relations_Files/Research_Analyst Data_Investor_Grievances_31_July 2026.pdf
2026-08-05 03:13:04,https://www.shareindia.com/about-us/investor-relations,Announcement under Regulations 30 and 51 (LODR) – Notice of the Meeting of holders of Non-Convertible Debentures,https://www.shareindia.com/wp-content/uploads/data/uploads/Investor_Relations_Files/NCDHoldersmeetingSISL0308206.pdf
2026-08-05 03:13:04,https://www.shareindia.com/about-us/investor-relations,"Announcement under Regulations 30 and 51 (LODR) – Outcome of Finance Committee Meeting held on July 31, 2026",https://www.shareindia.com/wp-content/uploads/data/uploads/Investor_Relations_Files/Intimationunder-Reg51_31072026.pdf
2026-08-05 03:13:04,https://www.shareindia.com/about-us/investor-relations,"Announcement under Regulation 30 of SEBI (LODR) Regulations, 2015– Action taken or order Passed",https://www.shareindia.com/wp-content/uploads/data/uploads/Investor_Relations_Files/Reg30Penalty31072026.pdf
2026-08-05 03:13:04,https://ir.clearpointneuro.com/,ClearPoint+Neuro+Corporate+Presentation+2Q26+Earnings+Call+ +08.03.26,https://d1io3yog0oux5.cloudfront.net/_d9e479e7a01526bca559195eddadfff0/clearpointneuro/db/77/2924/pdf/ClearPoint+Neuro+Corporate+Presentation+2Q26+Earnings+Call+-+08.03.26.pdf
2026-08-05 03:13:04,https://ir.clearpointneuro.com/,2026 08 03 ClearPoint Neuro Reports Second Quarter 2026 1156,https://d1io3yog0oux5.cloudfront.net/_d9e479e7a01526bca559195eddadfff0/clearpointneuro/news/2026-08-03_ClearPoint_Neuro_Reports_Second_Quarter_2026_1156.pdf
2026-08-05 03:13:04,https://ir.clearpointneuro.com/,10-Q Filing,https://ir.clearpointneuro.com/sec-filings/all-sec-filings/content/0001193125-26-330842/0001193125-26-330842.pdf
2026-08-05 03:13:04,https://www.kimshospitals.com/investors/,Press release final 1785764593,https://assets.kimshospitals.com/docs/production/Press_release_final_1785764593.pdf
2026-08-05 03:13:04,https://www.kimshospitals.com/investors/,News paper advertisement 1785847843,https://assets.kimshospitals.com/docs/production/News_paper_advertisement_1785847843.pdf
2026-08-05 03:13:04,https://www.kimshospitals.com/investors/,"Monitoring Agency Report for the quarter ended June 30, 2026",https://assets.kimshospitals.com/docs/production/Disclosure_1785765310.pdf
2026-08-05 03:13:04,https://www.kimshospitals.com/investors/,"Statement of deviation or variation for the quarter ended 30th June, 2026",https://assets.kimshospitals.com/docs/production/Disclosure_for_deviation_1785765399.pdf
2026-08-05 03:13:04,https://www.mapmyindia.com/investor/,Q1FY27 Earning Call Intimation MMI,https://cdn-public.mappls.com/about-mappls/assets/investor_doc/2026-27/q1/MMI_Q1FY27_EarningsCall_Invite.pdf
2026-08-05 03:13:04,https://www.mapmyindia.com/investor/,Q1FY27 Financial Information,https://cdn-public.mappls.com/about-mappls/assets/investor_doc/2026-27/q1/BM_Outcome_04_Aug_2026.pdf
2026-08-05 03:13:04,https://www.mapmyindia.com/investor/,MMI Investor Presentation Q1FY27,https://cdn-public.mappls.com/about-mappls/assets/investor_doc/2026-27/q1/MMI_Investor_Presentation_Q1FY27.pdf
2026-08-05 03:13:04,https://www.mapmyindia.com/investor/,MMI Press Release Q1FY27,https://cdn-public.mappls.com/about-mappls/assets/investor_doc/2026-27/q1/MMI_Press_Release_Q1FY27.pdf
2026-08-05 03:13:04,https://www.mapmyindia.com/investor/,Shareholding Pattern 30.06.2026,https://cdn-public.mappls.com/about-mappls/assets/investor_doc/2026-27/Shareholding%20Pattern-30.06.2026.pdf
2026-08-05 03:13:04,https://www.mapmyindia.com/investor/,Integrated Governance 30.06.2026,https://cdn-public.mappls.com/about-mappls/assets/investor_doc/2026-27/Integrated Governance-30.06.2026.pdf
2026-08-05 03:13:04,https://www.mapmyindia.com/investor/,Board Meeting intimation 04 Aug 2026,https://cdn-public.mappls.com/about-mappls/assets/investor_doc/2026-27/BM_INTIMATION_04_Aug_2026.pdf
2026-08-05 03:13:04,https://investors.graphicpkg.com/,Second Quarter 2026 Earnings Presentation,https://d1io3yog0oux5.cloudfront.net/_bd2785125d7ef85330411df4fa8c276e/graphicpkg/db/2265/21902/pdf/2Q26+GPK+Earnings+Presentation+vF.pdf
2026-08-05 03:13:04,https://www.ruger.com/corporate/index.html,"Feb. 23, 2026 March 2, 2026 March 2, 2026 (CC) March 24, 2026 May 4, 2026 May 6, 2026 May",https://www.ruger.com/corporate/PDF/8K-2026-07-29cc.pdf
2026-08-05 03:13:04,https://investors.dominos.co.uk/investors/overview,Half Year Results for the 26 weeks ended 28 June 2026,https://investors.dominos.co.uk/system/files/uploads/financialdocs/h126-presentation.pdf
2026-08-05 03:13:04,https://alcom.com.my/main/investor/,2025 Download(1.9MB) Annual Report 2025 2025 Download(13.0MB) Sustainability Report 2025 2025 Download(1.3MB) Corporate Governance Report 2025 2025 Download(0.6MB) Circular 2025,https://ir2.chartnexus.com/alcom/agm/2026/Minutes-of-the-Eighth-AGM.pdf
2026-08-05 03:13:04,https://alcom.com.my/main/investor/,2025 Download(1.9MB) Annual Report 2025 2025 Download(13.0MB) Sustainability Report 2025 2025 Download(1.3MB) Corporate Governance Report 2025 2025 Download(0.6MB) Circular 2025,https://ir2.chartnexus.com/alcom/agm/2026/Summary-of-Key-Matters-Discussed.pdf
2026-08-05 03:13:07,https://www.biessegroup.com/en/biesse_over_the_years/sustainability,CONSOLIDATED HALF-YEAR FINANCIAL REPORT AS AT 30 JUNE 2026 APPROVED,https://assets.ctfassets.net/bdj0rlksezwc/5Cam02fjr1RXnxEfpNXNk7/63d805cfcaf6321ff5f208f205b53d74/Comunicato_stampa_CdA_20260731_ENG_final.pdf
2026-08-05 03:13:07,https://en.damicoship.com/damico-group/sustainability/#_2023-sustainability-highlights,The eighth edition of the Sustainability Report reaffirms d’Amico Group’s commitment to integrating ESG principles into its strategy and operations,https://en.damicoship.com/media/10580/2025-damico-group-sustainability-report-low_protetto.pdf
2026-08-05 03:13:07,https://en.damicoship.com/damico-group/sustainability/#_2023-sustainability-highlights,2025 damico group sustainability statement low,https://en.damicoship.com/media/10581/2025-damico-group-sustainability-statement_low.pdf
2026-08-05 03:13:07,https://www.hleglascoat.com/updates-announcements/,Intimation of Board Meeting to be held on 10.08.2026,https://www.hleglascoat.com/wp-content/uploads/2026/08/522215_BM_Intimation_10082026.pdf
2026-08-05 03:13:07,https://renukasugars.com/corporate-governance/,Shareholding Pattern 30 th June 2026,https://renukasugars.com/pdf/corporate-governance/shpj26-june.pdf
2026-08-05 03:13:07,https://www.welspuncorp.com/company-disclosures.php,Update on Acquisition of additional 51% equity stake in Welspun Captive Power Generation Limited 31.07.2026,https://www.welspuncorp.com/uploads/investor_data/investorreport__1715.pdf
2026-08-05 03:13:07,https://www.relaxofootwear.com/pages/disclosures-under-regulation-46-of-the-lodr,Notice of Board Meeting - 13-08-2026,https://cdn.shopify.com/s/files/1/0673/0003/2740/files/Notice_of_Board_Meeting_-_13-08-2026.pdf?v=1785748983
2026-08-05 03:13:07,https://qic-group.com/annual-reports/,Invitation Conf Call Q2 2026,https://s3-qicgroup.s3.ap-southeast-1.amazonaws.com/PR+QIC+GROUP/2026/Website/Q2/QIC+Q2+26+Conference+Call+Invite.pdf
2026-08-05 03:13:07,https://www.schroders.com/en-gb/uk/individual/funds-and-strategies/investment-trusts/schroder-real-estate-investment-trust/,SCAP Q126 Factsheet SREIT v3,https://mybrand.schroders.com/asset/83a46466-7908-466a-ba47-b6b35da7dbda/SCAP_Q126-Factsheet-SREIT_v3.pdf
2026-08-05 03:13:07,https://www.synthomer.com/investor-relations/results-reports-and-presentations/,Interim Report (743KB) Presentation (988KB) Webcast,https://www.synthomer.com/media/bmgf34nn/260804-synt-h126-rns.pdf
2026-08-05 03:13:07,https://www.synthomer.com/investor-relations/results-reports-and-presentations/,Interim Report (743KB) Presentation (988KB) Webcast,https://www.synthomer.com/media/fzej2z2c/260804-synt-h126-pres.pdf
2026-08-05 03:13:07,https://investors.dominos.co.uk/investors/results-reports-presentations, View Half Year Results for the 26 weeks ended 28 June 2026 webcast online,https://investors.dominos.co.uk/system/files/press/h1-26-full-rns.pdf
2026-08-05 03:13:07,http://hindustanfoodslimited.com/financial-results.php,"Integrated Filing -Consolidated Financials, June 30, 2026","http://hindustanfoodslimited.com/investor-section/financial-results/2026/Integrated Filing -Consolidated Financials, June 30, 2026.pdf"
2026-08-05 03:13:07,http://hindustanfoodslimited.com/financial-results.php,"Integrated Filing -Standalone Financials, June 30, 2026","http://hindustanfoodslimited.com/investor-section/financial-results/2026/Integrated Filing -Standalone Financials, June 30, 2026.pdf"
2026-08-05 03:13:07,http://hindustanfoodslimited.com/financial-results.php,"Un Audited Financial Results for the quarter ended June 30, 2026","http://hindustanfoodslimited.com/investor-section/financial-results/2026/Un-Audited Financial Results for the quarter ended June 30, 2026.pdf"
2026-08-14 04:19:19,https://www.graftech.com/sustainability/default.aspx,(the “Code”) serves as the foundation for these values and guides our team in making thoughtful and well-informed decisions. The,https://s202.q4cdn.com/770747151/files/doc_downloads/conduct/2026/GrafTech-Code-of-Conduct-and-Ethics-2026-08-06.pdf
2026-08-14 04:19:19,https://www.technotrans.com/sustainability/overview,20260805 technotrans Consensus,https://www.technotrans.com/fileadmin/user_upload/Investor_Relations/PDFs/20260805_technotrans_Consensus.pdf
2026-08-14 04:19:19,https://www.enerjisainvestorrelations.com/en/sustainability/sustainability-reports,Search Popular Searches Recently Added EARNINGS RELEASE PRESENTATION Fact Sheet H1 (with TAS 29 Impact) PRESS RELEASE ACTIVITY REPORT CONSOLIDATED,https://www.enerjisainvestorrelations.com/medium/ReportAndPresentation/File/3858/enerjisaenerjih12026earningsresultspresentationenfinal.pdf
2026-08-14 04:19:19,https://www.enerjisainvestorrelations.com/en/sustainability/sustainability-reports,Search Popular Searches Recently Added EARNINGS RELEASE PRESENTATION Fact Sheet H1 (with TAS 29 Impact) PRESS RELEASE ACTIVITY REPORT CONSOLIDATED,https://www.enerjisainvestorrelations.com/medium/ReportAndPresentation/File/3841/enerjisaenerjih12026investorrelationsrelease.pdf
2026-08-14 04:19:19,https://www.enerjisainvestorrelations.com/en/sustainability/sustainability-reports,Search Popular Searches Recently Added EARNINGS RELEASE PRESENTATION Fact Sheet H1 (with TAS 29 Impact) PRESS RELEASE ACTIVITY REPORT CONSOLIDATED,https://www.enerjisainvestorrelations.com/medium/ReportAndPresentation/File/3840/enerjisaenerji30.6.2026faaliyetraporu.pdf
2026-08-14 04:19:19,https://www.enerjisainvestorrelations.com/en/sustainability/sustainability-reports,Search Popular Searches Recently Added EARNINGS RELEASE PRESENTATION Fact Sheet H1 (with TAS 29 Impact) PRESS RELEASE ACTIVITY REPORT CONSOLIDATED,https://www.enerjisainvestorrelations.com/medium/ReportAndPresentation/File/3839/enjsa30june2026consolidatedfinancialstatements.pdf
2026-08-14 04:19:19,https://www.hindustanfoodslimited.com/financial-results.php,"Integrated Filing -Consolidated Financials, June 30, 2026","https://www.hindustanfoodslimited.com/investor-section/financial-results/2026/Integrated Filing -Consolidated Financials, June 30, 2026.pdf"
2026-08-14 04:19:19,https://www.hindustanfoodslimited.com/financial-results.php,"Integrated Filing -Standalone Financials, June 30, 2026","https://www.hindustanfoodslimited.com/investor-section/financial-results/2026/Integrated Filing -Standalone Financials, June 30, 2026.pdf"
2026-08-14 04:19:19,https://www.hindustanfoodslimited.com/financial-results.php,"Un Audited Financial Results for the quarter ended June 30, 2026","https://www.hindustanfoodslimited.com/investor-section/financial-results/2026/Un-Audited Financial Results for the quarter ended June 30, 2026.pdf"
2026-08-14 04:19:19,https://www.federalsignal.com/investor-kit,Investor Deck August 2026,https://www.federalsignal.com/hubfs/Federal%20Signal/Investor%20Presentations/Investor%20Deck_August%202026.pdf
2026-08-14 04:19:19,https://www.jollibee.com.ph/investors/fiscal-reports/annual-reports/,JFC 17C Press Release The Jollibee Group Reports Record Q2 2026 Results,https://bucketeer-3eb16243-2c1c-43d2-be4e-1c2b3664d293.s3.amazonaws.com/2026/08/JFC-17C-Press-Release-The-Jollibee-Group-Reports-Record-Q2-2026-Results.pdf
2026-08-14 04:19:19,https://www.jollibee.com.ph/investors/fiscal-reports/annual-reports/,17Q Jollibee Foods Corporation Quarterly Report Q2 2026,https://bucketeer-3eb16243-2c1c-43d2-be4e-1c2b3664d293.s3.amazonaws.com/2026/08/17Q-Jollibee-Foods-Corporation_Quarterly-Report_Q2-2026.pdf
2026-08-14 04:19:19,https://www.jollibee.com.ph/investors/fiscal-reports/annual-reports/,JFC 2026 ASM Notice and Agenda Final with Proxy,https://bucketeer-3eb16243-2c1c-43d2-be4e-1c2b3664d293.s3.amazonaws.com/2026/08/JFC_2026_ASM_Notice_and_Agenda_Final-with-Proxy.pdf
2026-08-14 04:19:19,https://www.birlasoft.com/company/investors/policies-reports-filings#shareholding-pattern,analyst call transcript q1 fy27,https://www.birlasoft.com/sites/default/files/resources/downloads/investors/analyst-con-call-transcripts/analyst-call-transcript-q1-fy27.pdf
2026-08-14 04:19:19,https://eclerx.com/investor-relations/corporate-governance-policies/,Press Release,https://eclerx.com/wp-content/uploads/2026/08/Press-Release.pdf
2026-08-14 04:19:19,https://eclerx.com/investor-relations/corporate-governance-policies/,Standalone Financials Results,https://eclerx.com/wp-content/uploads/2026/08/Standalone-Financial-Results.pdf
2026-08-14 04:19:19,https://eclerx.com/investor-relations/corporate-governance-policies/,Consolidated Financials Results,https://eclerx.com/wp-content/uploads/2026/08/Consolidated-Financial-Results.pdf
2026-08-14 04:19:19,https://eclerx.com/investor-relations/corporate-governance-policies/,Quarterly Investor Presentation,https://eclerx.com/wp-content/uploads/2026/08/Quarterly-Investor-Presentation.pdf
2026-08-14 04:19:19,https://eclerx.com/investor-relations/corporate-governance-policies/,Transcript Q1FY27 Earnings Call eClerx final,https://eclerx.com/wp-content/uploads/2026/08/Transcript-Q1FY27-Earnings-Call-eClerx-final.pdf
2026-08-14 04:19:19,https://eclerx.com/investor-relations/corporate-governance-policies/,Annual Statement under UK Modern Slavery Act,https://eclerx.com/wp-content/uploads/2026/08/Modern-Slavery-Statement-1.pdf
2026-08-14 04:19:19,https://ghcl.co.in/financial-performance,GHCL Intimation Investors Conference Q1FY27 03 08 2026 Transcript,https://ghcl.co.in/wp-content/uploads/2026/08/GHCL_Intimation_Investors_Conference_Q1FY27_03_08_2026_Transcript.pdf
2026-08-14 04:19:19,https://www.qbeyond.de/en/investor-relations/,Half-Year Financial Report 2026,https://www.qbeyond.de/media/pages/en/investor-relations/ir-publications/c2c2d87aef-1786340552/qby226e.pdf
2026-08-14 04:19:19,https://www.nlb.si/financial-reports,pdf 1 MB Factsheet H1 2026,https://www.nlb.si/content/dam/nlb/nlb-group/documents/investor-relations/financial-reports/2026/h1/NLB-Group-Factsheet-1H-2026.pdf
2026-08-14 04:19:19,https://www.nlb.si/financial-reports,pdf 211 KB Key Highlights in H1,https://www.nlb.si/content/dam/nlb/nlb-group/documents/investor-relations/financial-reports/2026/h1/NLB-Group-in-Q2andH1-Key-Highlights.pdf
2026-08-14 04:19:19,https://www.nlb.si/financial-reports,pdf 2 MB NLB Group Interim Report - June 2026,https://www.nlb.si/content/dam/nlb/nlb-group/documents/investor-relations/financial-reports/2026/h1/NLB-Group-Interim-Report-January%E2%80%93June-2026.pdf
2026-08-14 04:19:19,https://www.nlb.si/financial-reports,pdf 4 MB NLB Group Presentation - H1 2026,https://www.nlb.si/content/dam/nlb/nlb-group/documents/investor-relations/financial-reports/2026/h1/NLB-Group-Presentation-1H-2026.pdf
2026-08-14 04:19:19,https://www.laurentianbank.ca/en/about-us/our-company/esg-policies,"Laurentian Bank’s Anti-Bribery & Anti-Corruption Statement (PDF, 150 KB)",https://www.laurentianbank.ca/docs/Anti-bribery-and-anti-corruption-statement.pdf?documentId=pDJwiSbwNRgYqWbXyI6yQ&documentLocale=en
2026-08-14 04:19:19,https://www.sm-energy.com/,"Latest Presentation Aug 5, 2026 SM Energy 2Q26 Earnings Presentation",https://d1io3yog0oux5.cloudfront.net/_04ae9f875237240c64afdcb08c1ed33f/smenergy/db/3711/35688/pdf/SM+Energy%27s+2Q26+Earnings+Presentation.pdf
2026-08-14 04:19:19,https://ir.alicoinc.com/governance-docs,Tear+Sheet,https://d1io3yog0oux5.cloudfront.net/_6ae9bd51a8d63023d09c2b49aad0b15c/alicoinc/files/Tear+Sheet.pdf
2026-08-14 04:19:19,https://ir.freedomholdingcorp.com/,Tear+Sheet,https://d1io3yog0oux5.cloudfront.net/_c4e1e66b15954fac571d82b8c624afe3/freedomholdingcorp/files/Tear+Sheet.pdf
2026-08-14 04:19:19,https://ir.freedomholdingcorp.com/,2026 08 10 Freedom Holding Corp FRHC Reports First Quarter 110,https://d1io3yog0oux5.cloudfront.net/_c4e1e66b15954fac571d82b8c624afe3/freedomholdingcorp/news/2026-08-10_Freedom_Holding_Corp_FRHC_Reports_First_Quarter_110.pdf
2026-08-14 04:19:19,https://ir.freedomholdingcorp.com/,10-Q Filing,https://ir.freedomholdingcorp.com/all-sec-filings/content/0000924805-26-000047/0000924805-26-000047.pdf
2026-08-14 04:19:19,https://ir.freedomholdingcorp.com/,20260810+ +Corporate+presentation+ +Freedom+Holding+Corp,https://d1io3yog0oux5.cloudfront.net/_c4e1e66b15954fac571d82b8c624afe3/freedomholdingcorp/db/357/3297/pdf/20260810+-+Corporate+presentation+-+Freedom+Holding+Corp.pdf
2026-08-14 04:19:19,https://www.baytexenergy.com/investors/reports-filings/,Q2 2026 Final Report WMsQJu19,https://www.baytexenergy.com/wp-content/uploads/2026/08/Q2-2026-Final-Report-WMsQJu19.pdf
2026-08-14 04:19:19,https://www.pebhd.com.my/annual_reports.html,Company Announcements Financial Highlights News Annual Report & CG Report AGM Notice Of Suspension,https://www.pebhd.com.my/assets/files/PEB_Notice-ofSuspension_Final.pdf
2026-08-14 04:19:19,http://en.wynnmacaulimited.com/announcements-and-circulars,Monthly Return of Equity Issuer on Movements in Securities for the month ended 31 July 2026,http://en.wynnmacaulimited.com/static-files/424d0aa8-03c9-440e-8d48-87f93d94c1c0 
2026-08-14 04:19:19,https://investors.ducommun.com/,Fact Sheet,https://investors.ducommun.com/static-files/2802c2d1-aac3-48de-9990-3180c67e4ca2
2026-08-14 04:19:19,https://investors.ducommun.com/,Q2 2026 Earnings Release Presentation,https://investors.ducommun.com/static-files/af2dade5-6ef4-4967-b56f-8edb65c3535d
2026-08-14 04:19:19,https://investors.ducommun.com/,Q2 2026 Investor Presentation,https://investors.ducommun.com/static-files/3bbd8895-1730-4b6c-a05c-955f9989519f
2026-08-14 04:19:19,https://investors.ducommun.com/,Q2 2026 Investor Presentation,https://investors.ducommun.com/static-files/ec325604-3468-491d-a32a-6be7c88c6e57
2026-08-14 04:19:19,https://investors.ducommun.com/,Investor Fact Sheet,https://investors.ducommun.com/static-files/2f1d0036-e4d2-4c38-b5fb-534d3b91929d
2026-08-14 04:19:19,https://www.encorp.com.my/corporate-governance/,TERMS OF REFERENCE OF NOMINATING AND REMUNERATION COMMITTEE,http://www.encorp.com.my/wp-content/uploads/2026/08/TOR-of-NRC-28.7.2026.pdf
2026-08-14 04:19:19,https://investor.clearchannel.com/,2026 08 05 Clear Channel Outdoor Holdings Inc Reports 572,https://d1io3yog0oux5.cloudfront.net/_ac0c47723dbf8f70c3376cbe5052f12f/clearchanneloutdoor/news/2026-08-05_Clear_Channel_Outdoor_Holdings_Inc_Reports_572.pdf
2026-08-14 04:19:19,https://investor.clearchannel.com/,HTML PDF,https://investor.clearchannel.com/financials/sec-filings/content/0001334978-26-000025/0001334978-26-000025.pdf
2026-08-14 04:19:19,https://www.sterlingandwilsonre.com/investor-relations,Q1 FY 2026-27 30 June 2026,https://www.sterlingandwilsonre.com/pdf/Corporate_Governance_Report/2026-27/Q1 FY 2026-27.pdf
2026-08-14 04:19:19,https://ir.jobyaviation.com/,Joby Aviation to Scale Defense Business Through Acquisition of Resonant Sciences,https://d1io3yog0oux5.cloudfront.net/_04bb07a67a85c383ccd02b84365679e1/jobyaviation/db/1086/9893/pdf/Overview_Joby+Aviation+to+Acquire+Resonant+Sciences_081126.pdf
2026-08-14 04:19:19,https://ir.jobyaviation.com/,2026 08 05 Joby Reports Second Quarter 2026 Financial 187,https://d1io3yog0oux5.cloudfront.net/_04bb07a67a85c383ccd02b84365679e1/jobyaviation/news/2026-08-05_Joby_Reports_Second_Quarter_2026_Financial_187.pdf
2026-08-14 04:19:19,https://ir.jobyaviation.com/,Joby+Aviation+2Q26+Shareholder+Letter 080526FINAL,https://d1io3yog0oux5.cloudfront.net/_04bb07a67a85c383ccd02b84365679e1/jobyaviation/db/1110/9886/shareholder_letter/Joby+Aviation+2Q26+Shareholder+Letter_080526FINAL.pdf
2026-08-14 04:19:19,https://ir.jobyaviation.com/,10-Q Filing,https://ir.jobyaviation.com/sec-filings/all-sec-filings/content/0001819848-26-000435/0001819848-26-000435.pdf
2026-08-14 04:19:19,https://xspraypharma.com/investors/financial-reports/,xspray pharma interim report q2 2026,https://xspraypharma.com/wp-content/uploads/2026/08/xspray-pharma-interim-report-q2-2026.pdf
2026-08-14 04:19:19,https://www.sciencegroup.com/news/,"12 August, 2026 Transaction in own shares",https://www.sciencegroup.com/wp-content/uploads/2026/08/Buyback-11.08.2026.pdf
2026-08-14 04:19:19,https://www.sciencegroup.com/news/,"11 August, 2026 Transaction in own shares",https://www.sciencegroup.com/wp-content/uploads/2026/08/Buyback-10.08.2026.pdf
2026-08-14 04:19:19,https://www.sciencegroup.com/news/,"10 August, 2026 Transaction in own shares",https://www.sciencegroup.com/wp-content/uploads/2026/08/Buyback-07.08.2026.pdf
2026-08-14 04:19:19,https://www.sciencegroup.com/news/,"07 August, 2026 Transaction in own shares",https://www.sciencegroup.com/wp-content/uploads/2026/08/Buyback-06.08.2026.pdf
2026-08-14 04:19:19,https://www.sciencegroup.com/news/,"07 August, 2026 Treasury shares issued",https://www.sciencegroup.com/wp-content/uploads/2026/08/Treasury-shares-issued-05.08.2026.pdf
2026-08-14 04:19:19,https://www.sciencegroup.com/news/,"06 August, 2026 Transaction in own shares",https://www.sciencegroup.com/wp-content/uploads/2026/08/Buyback-05.08.2026.pdf
2026-08-14 04:19:19,https://www.sciencegroup.com/news/,"05 August, 2026 Transaction in own shares",https://www.sciencegroup.com/wp-content/uploads/2026/08/Buyback-04.08.2026.pdf
2026-08-14 04:19:19,https://ir.naturalhealthtrendscorp.com/annual-reports,Tear+Sheet,https://d1io3yog0oux5.cloudfront.net/_ec90aba99ec8944fa7431e5555042487/naturalhealthtrendscorp/files/Tear+Sheet.pdf
2026-08-14 04:19:19,https://www.estheticsgroup.com/annual-report/,Annual Report 2026,https://www.estheticsgroup.com/wp-content/uploads/2026/08/EIG-AR-2026.pdf
2026-08-14 04:19:19,https://www.gudanggaramtbk.com/en/investor/#keuangan,"Capital Increase of PT Surya Dhoho Investama, 14 August 2026",https://www.gudanggaramtbk.com/media/uploads/files/20260814_Penambahan_Modal_SDHI.pdf
2026-08-14 04:19:19,https://www.eihltd.com/investors/quarterly-results/,Financial Year Quarterly Results,https://www.eihltd.com/-/media/eihltd/pdf-files/financial-results/2026-2027/eihq1.pdf
2026-08-14 04:19:19,https://www.birlasoft.com/resources,AccelSafe: AdverseEvent Intelligence Agent,https://www.birlasoft.com/sites/default/files/resources/downloads/brochures/dt/accelsafe-adverseevent-intelligence-agent.pdf
2026-08-14 04:19:19,https://www.siyaram.com/investor-relations/communications.php,"BM Notice 30th July, 2026",https://prod-siyaram-bucket.s3.ap-south-1.amazonaws.com/images/investor-relationship-doc/communications/2026-2027/SENoticeofBM_30072026.pdf
2026-08-14 04:19:19,https://www.siyaram.com/investor-relations/communications.php,Intimation of Investors Meet 31.07.2026,https://prod-siyaram-bucket.s3.ap-south-1.amazonaws.com/images/investor-relationship-doc/communications/2026-2027/SEInvestorMeetLetterJuly2026_.pdf
2026-08-14 04:19:19,https://www.siyaram.com/investor-relations/communications.php,Outcome of Board Meeting 30.07.2026,https://prod-siyaram-bucket.s3.ap-south-1.amazonaws.com/images/investor-relationship-doc/communications/2026-2027/SEOutcome_30072026.pdf
2026-08-14 04:19:19,https://www.siyaram.com/investor-relations/communications.php,Investor Presentation Q1 FY27,https://prod-siyaram-bucket.s3.ap-south-1.amazonaws.com/images/investor-relationship-doc/communications/2026-2027/SEletterInvestorPresentationQ1FY27_F.pdf
2026-08-14 04:19:19,https://www.siyaram.com/investor-relations/communications.php,Press Release Q1 FY27,https://prod-siyaram-bucket.s3.ap-south-1.amazonaws.com/images/investor-relationship-doc/communications/2026-2027/SELetterPressRelease_F.pdf
2026-08-14 04:19:19,https://www.siyaram.com/investor-relations/communications.php,Transcript Earnings call 31st July 2026,https://prod-siyaram-bucket.s3.ap-south-1.amazonaws.com/images/investor-relationship-doc/communications/2026-2027/InvestorMeetTranscript05082026.pdf
2026-08-14 04:19:19,https://www.siyaram.com/investor-relations/communications.php,Intimation of Schedule of Analyst/ Institutional Investors Meeting 12th August 2026,https://prod-siyaram-bucket.s3.ap-south-1.amazonaws.com/images/investor-relationship-doc/communications/2026-2027/Intimation_ScheduleofAnalystorInstInvestorMeet_120826.pdf
2026-08-14 04:19:19,https://www.jains.com/Company/sustainable_at_jains.htm,"10 Aug, 2026 Investor Presentation Q1 & FY27",https://www.jains.com/Company/news/PDF/JISL_Financial_Performance_Q1FY27.pdf
2026-08-14 04:19:19,https://nalcoindia.com/company/policies-docs/,Notice of 45th Annual General Meeting 07/08/2026 |,https://nalcoindia.com/wp-content/uploads/2026/08/45th-AGM-Notice-2025-26.pdf
2026-08-14 04:19:19,https://nalcoindia.com/company/policies-docs/,45th Annual Report 2025-26 07/08/2026 |,https://nalcoindia.com/wp-content/uploads/2026/08/45th-Annual-Report-2025-26.pdf
2026-08-14 04:19:19,https://www.quebecor.com/en/investors/financial-documentation/quebecor-quarterly-documentation,Consolidated Financial Statements and Notes,https://www.quebecor.com/documents/20143/2062898/f3141045-a10c-4267-9fb8-2057b8cabe88-QI_EF_Q22026_Eng.pdf/2f206b39-a973-edd7-2330-a5c12e3a95db?version=1.0&t=1786009807425
2026-08-14 04:19:19,https://www.quebecor.com/en/investors/financial-documentation/quebecor-quarterly-documentation,Consolidated Financial Statements and Notes,https://www.quebecor.com/documents/20143/2062898/a87e73ad-30ac-46cb-b074-5871a5cae23f-QI_MDA_Q22026_Eng.pdf/2d1a207b-56ff-7e9f-4bc0-68d8aef86af8?version=1.0&t=1786009806279
2026-08-14 04:19:19,https://www.quebecor.com/en/investors/financial-documentation/quebecor-quarterly-documentation,Consolidated Financial Statements and Notes,https://www.quebecor.com/documents/20143/2062898/103df04f-8515-4ccc-b22d-dd2e820a7c61-QI_SDisc_Q22026_Eng.pdf/bca9b146-8756-13d7-12a9-ca19a37c8154?version=1.0&t=1786009805724
2026-08-14 04:19:19,https://www.quebecor.com/en/investors/financial-documentation/quebecor-quarterly-documentation,Consolidated Financial Statements and Notes,https://www.quebecor.com/documents/20143/2062898/95158839-8820-44f0-a2ed-08755f055ab2-QI_Press_release_Q22026_Eng.pdf/77feb9ed-0823-2708-8667-50f2c0f4159a?version=1.0&t=1786009804794
2026-08-14 04:19:19,https://www.crombie.ca/investors/corporate-governance/,CR 2025 ESG Report updated final,https://www.crombie.ca/wp-content/uploads/2026/08/CR_2025-ESG-Report-updated-final.pdf
2026-08-14 04:19:19,https://www.crombie.ca/investors/corporate-governance/,Q2 2026 Quarterly Report,https://dev-crombie-wp.pantheonsite.io/wp-content/uploads/2026/08/Q2-2026-Quarterly-Report.pdf
2026-08-14 04:19:19,https://www.crombie.ca/investors/corporate-governance/,Crombie Q2 2026 Conference Call Presentation Final,https://dev-crombie-wp.pantheonsite.io/wp-content/uploads/2026/08/Crombie-Q2-2026-Conference-Call-Presentation_Final.pdf
2026-08-14 04:19:19,https://assuredguaranty.com/about-us/governance,Governance Other Corporate Governance Guidelines,https://assuredguaranty.com/images/uploads/Governance-Other-Corporate-Governance-Guidelines.pdf
2026-08-14 04:19:19,https://assuredguaranty.com/about-us/governance,Governance Committee Charter Compensation Committee Charter,https://assuredguaranty.com/images/uploads/Governance-Committee-Charter-Compensation-Committee-Charter.pdf
2026-08-14 04:19:19,https://www.nlb.si/annual-reports-on-corporate-social-responsibility,NLB Group Interim Report: January - June 2026,https://www.nlbgroup.com/content/dam/nlb/nlb-group/documents/investor-relations/financial-reports/2026/h1/NLB-Group-Interim-Report-January%E2%80%93June-2026.pdf
2026-08-14 04:19:19,https://intica-systems.com/en/investor-relations/press-releases,"Orders on hand above the prior-year level at EUR 81.4 million (June 30, 2025: EUR 76.7 million)",https://intica-systems.com/fileadmin/user_upload/IR-Uploads_ENG/2026/E_InTiCa_CN_H1-2026_20260806.pdf
2026-08-14 04:19:19,https://intica-systems.com/en/investor-relations/press-releases,… to the Scale segment of the Frankfurt Stock Exchange,https://intica-systems.com/fileadmin/user_upload/IR-Uploads_ENG/2026/E_InTiCa_Ad-hoc_Change-to-the-Scale_20260813.pdf
2026-08-14 04:19:19,https://investors.blackdiamondtherapeutics.com/sec-filings,Report of unscheduled material events or corporate event,https://investors.blackdiamondtherapeutics.com/static-files/377a00e8-f3e3-455e-91f4-4d64ace5889c
2026-08-14 04:19:19,https://investors.blackdiamondtherapeutics.com/sec-filings,Report of unscheduled material events or corporate event,https://investors.blackdiamondtherapeutics.com/static-files/a483b721-6dfb-4d14-9fdb-0bff8ed82dd1
2026-08-14 04:19:19,https://investors.blackdiamondtherapeutics.com/sec-filings,Report of unscheduled material events or corporate event,https://investors.blackdiamondtherapeutics.com/static-files/e5591520-80ac-4c15-8d15-4cff44d7e888
2026-08-14 04:19:19,https://investors.blackdiamondtherapeutics.com/sec-filings,Quarterly report which provides a continuing view of a company's financial position,https://investors.blackdiamondtherapeutics.com/static-files/a13eebb9-cafc-47ac-bb98-977fe86c4c07
2026-08-14 04:19:19,https://investors.blackdiamondtherapeutics.com/sec-filings,Quarterly report which provides a continuing view of a company's financial position,https://investors.blackdiamondtherapeutics.com/static-files/9e43a82e-4a80-44b6-9fde-446f84d9b9a7
2026-08-14 04:19:19,https://investors.blackdiamondtherapeutics.com/sec-filings,Quarterly report which provides a continuing view of a company's financial position,https://investors.blackdiamondtherapeutics.com/static-files/a942f042-96f2-48d7-91df-2fa8d1d94a2c
2026-08-14 04:19:19,https://investor.bostonomaha.com/,Q2 2026 Financial Presentation,https://s25.q4cdn.com/817927655/files/doc_financials/2026/q2/Q2-2026-Financial-Presentation.pdf
2026-08-14 04:19:19,https://investor.horizonbank.com/corporate-information/corporate-profile/default.aspx,HBNC 2026 06 30 10Q Final,https://s205.q4cdn.com/709297452/files/doc_financials/2026/q2/HBNC-2026-06-30-10Q_Final.pdf
2026-08-14 04:19:19,https://www.ltkm.com.my/corporate-governance,Corporate Governance Overview Statement,https://www.ltkm.com.my/_files/ugd/e8a46e_872e45b4b13a45c8baff9aeeb3689e3b.pdf
2026-08-14 04:19:19,https://www.ltkm.com.my/corporate-governance,Corporate Governance Report,https://www.ltkm.com.my/_files/ugd/e8a46e_7223e747a91f46ab8c7b6a6ce2e4681e.pdf
2026-08-14 04:19:19,https://www.ltkm.com.my/corporate-governance,Audit Committee Report,https://www.ltkm.com.my/_files/ugd/e8a46e_923ab667429348bbb14796b402007f8e.pdf
2026-08-14 04:19:19,https://www.ltkm.com.my/corporate-governance,Statement on Risk Management and Internal Control,https://www.ltkm.com.my/_files/ugd/e8a46e_bc3de1d0d2e2465b8ea55219a5e12e47.pdf
2026-08-14 04:19:19,https://www.ltkm.com.my/corporate-governance,e8a46e ac400fa550dd4c4d8a5339ef01ebe04c,https://www.ltkm.com.my/_files/ugd/e8a46e_ac400fa550dd4c4d8a5339ef01ebe04c.pdf
2026-08-14 04:19:19,https://www.ltkm.com.my/corporate-governance,e8a46e 3fedbd11dea547e6bba24e0b9d5eee26,https://www.ltkm.com.my/_files/ugd/e8a46e_3fedbd11dea547e6bba24e0b9d5eee26.pdf
2026-08-14 04:19:19,https://www.ltkm.com.my/corporate-governance,Whistle Blower Policy & Procedures,https://www.ltkm.com.my/_files/ugd/e8a46e_f292621ef1c04db88dd1646b4b9703e2.pdf
2026-08-14 04:19:19,https://www.ltkm.com.my/corporate-governance,Anti-Bribery & Corruption Policy,https://www.ltkm.com.my/_files/ugd/e8a46e_d4f70a717f93418da8793055a09771a9.pdf
2026-08-14 04:19:19,https://www.ltkm.com.my/corporate-governance,e8a46e 0ff2dbf7835545958cb536573253c723,https://www.ltkm.com.my/_files/ugd/e8a46e_0ff2dbf7835545958cb536573253c723.pdf
2026-08-14 04:19:19,https://ir.fathominc.com/corporate-governance/governance-documents,Tear+Sheet,https://d1io3yog0oux5.cloudfront.net/_e9033935ff01fced85aa5cb20d671c4a/fathomrealty/files/Tear+Sheet.pdf
2026-08-14 04:19:19,https://www.birchcliffenergy.com/investors/reports-and-filings,Q2 2026 FINAL REPORT 260812,https://www.birchcliffenergy.com/sites/default/files/docs/investors/financial-reports/2026/Q2_2026_FINAL_REPORT_260812.pdf
2026-08-14 04:19:19,https://www.ardaghmetalpackaging.com/about-us/media-centre,AMP Sustainability Report 2025,https://www.ardaghmetalpackaging.com/_assets/_ca5bac1d5cb013ab4fff5e9066cf056b/ardaghmetalpackagingcorp/db/3877/39301/file/05AUG26_SR25_AMP__compressed.pdf
2026-08-14 04:19:19,https://www.ardaghmetalpackaging.com/about-us/media-centre,AMP+–+PCF+Independent+Assurance+Report+(2025),https://www.ardaghmetalpackaging.com/_assets/_ca5bac1d5cb013ab4fff5e9066cf056b/ardaghmetalpackagingcorp/db/3877/39314/file/AMP+%E2%80%93+PCF+Independent+Assurance+Report+%282025%29.pdf
2026-08-14 04:19:19,https://www.ardaghmetalpackaging.com/about-us/media-centre,AMP+–+Independent+Assurance+Report+(2025),https://www.ardaghmetalpackaging.com/_assets/_ca5bac1d5cb013ab4fff5e9066cf056b/ardaghmetalpackagingcorp/db/3877/39315/file/AMP+%E2%80%93+Independent+Assurance+Report+%282025%29.pdf
2026-08-14 04:19:19,https://www.alrosa.ru/en/investors/results-reports/esg-reports/2026/,Sustainability report 2025,https://www.alrosa.ru/upload/iblock/874/874d4mhg8qn13ofh1jm5dkogkphd82j2/CSR-Alrosa-2025-eng-hq.pdf.pdf
2026-08-14 04:19:19,https://inwestor.asseco.com/en/about-asseco/corporate-governance/egm/2026/,zal02 23 2026 Asseco Poland NWZ projekty uchwal z zalacznikami,https://inwestor.asseco.com/files/investor/uploads/zal02_23_2026_Asseco_Poland_NWZ_projekty_uchwal_z_zalacznikami.pdf
2026-08-14 04:19:19,https://inwestor.asseco.com/en/about-asseco/corporate-governance/egm/2026/,2026 08 12 Voting form EGM Asseco Poland updated,https://inwestor.asseco.com/files/investor/uploads/2026_08_12_Voting_form_EGM_Asseco_Poland_updated.pdf
2026-08-14 04:19:19,https://inwestor.asseco.com/en/about-asseco/corporate-governance/egm/2026/,Zgloszenie projektu uchwaly Asseco Poland SA,https://inwestor.asseco.com/files/investor/uploads/Zgloszenie_projektu_uchwaly_Asseco_Poland_SA.pdf
2026-08-14 04:19:21,https://www.trin.net/sustainability/csr-report/default.aspx,Trinity Industries CSR Report 2025 072926 SPANISH,https://s21.q4cdn.com/496026207/files/doc_financials/2025/sr/Trinity-Industries-CSR-Report-2025_072926_SPANISH.pdf
2026-08-14 04:19:21,https://genelenergy.com/sustainability/,GHG emissions basis of reporting 2026,https://genelenergy.com/wp-content/uploads/GHG-emissions_basis-of-reporting-2026.pdf
2026-08-14 04:19:21,https://www.shaftesburycapital.com/en/responsibility/policies-and-reports.html#tabbedcontentitem_0,Sustainable Timber Procurement Policy,https://www.shaftesburycapital.com/content/dam/shaftesbury/corporate/new-build/doucments/responsibility/policies/capital-timber-policy.pdf
2026-08-14 04:19:21,https://www.shaftesburycapital.com/en/responsibility/policies-and-reports.html#tabbedcontentitem_0,2025 Sustainability Supplier Requirements,https://www.shaftesburycapital.com/content/dam/shaftesbury/corporate/new-build/doucments/responsibility/policies/sustainability-supplier-requirements-25.pdf
2026-08-14 04:19:21,https://www.hikma.com/investors/results-and-presentations/#page=1,Interim results H1 2026 press release,https://www.hikma.com/media/wzlddyg4/2026-interim-pr-combined_vfinal_clean-2.pdf
2026-08-14 04:19:21,https://www.hikma.com/investors/results-and-presentations/#page=1,Interim results H1 2026 presentation,https://www.hikma.com/media/fd1dlx2a/h126-presentation-vf.pdf
2026-08-14 04:19:21,https://www.hikma.com/investors/results-and-presentations/#page=1,Interim results H1 2026 presentation transcript,https://www.hikma.com/media/fetf2lmm/h1-2026-presentation-transcript.pdf
2026-08-14 04:19:21,https://www.hikma.com/investors/results-and-presentations/#page=1,Interim results H1 2026 Q&A transcript,https://www.hikma.com/media/sfnkc1tx/hikma-2026-interim-results-qa-transcript.pdf
2026-08-14 04:19:21,https://www.manappuram.com/stock-watch,Debenture Trustee Agreement,https://www.manappuram.com/sites/default/files/2026-08/DTA.pdf
2026-08-14 04:19:21,https://www.manappuram.com/policies-codes.html,Revised WhistleBlower Policy and Vigil Mechanism revised 11.08.2026,https://www.manappuram.com/sites/default/files/2026-08/Revised-WhistleBlower-Policy-and-Vigil-Mechanism-revised-11.08.2026.pdf
2026-08-14 04:19:21,https://www.baytexenergy.com/,"Jul 30, 2026 Baytex Announces Second Quarter 2026 Results; Production Guidance Raised on Strong Duvernay and Peavine Performance; Board Appointments",https://files.newsfilecorp.com/sedar/307301.pdf
2026-08-14 04:19:21,https://www.baytexenergy.com/,"Jul 30, 2026 Baytex Announces Second Quarter 2026 Results; Production Guidance Raised on Strong Duvernay and Peavine Performance; Board Appointments",https://files.newsfilecorp.com/sedar/307298.pdf
2026-08-14 04:19:21,https://www.baytexenergy.com/,"Jul 30, 2026 Baytex Announces Second Quarter 2026 Results; Production Guidance Raised on Strong Duvernay and Peavine Performance; Board Appointments",https://files.newsfilecorp.com/sedar/306331.pdf
2026-08-14 04:19:21,https://www.hindustanfoodslimited.com/investor-presentation.php,"Transcript of the Investor Conference Call on August 05, 2026","https://www.hindustanfoodslimited.com/investor-section/investor-presentation/Transcript of the Investor Conference  Call on August 05, 2026.pdf"
2026-08-14 04:19:21,https://jamescropper.com/investors/,Notice of AGM 9 September 2026,https://jamescropper.com/wp-content/uploads/2026/08/JamesCropper_NoM26_260724.pdf
2026-08-14 04:19:21,https://jamescropper.com/investors/,AGM PROXY 2026 FINAL,https://jamescropper.com/wp-content/uploads/2026/08/AGM-PROXY-2026-FINAL.pdf
2026-08-14 04:19:21,https://www.gam.com/en/our-company/investor-relations/results-centre,gam holding ag h1 2026 press release en,https://cdn.gam.com/-/media/content/results/hy-2026/gam_holding_ag_h1_2026_press_release_en.pdf?rev=ee86ba007a064080a351faf0dd7b9ec7&modified=20260806044647
2026-08-14 04:19:21,https://www.gam.com/en/our-company/investor-relations/results-centre,adhoc gam holding ag gibt ergebnisse des ersten halbjahres 2026 bekannt de,https://cdn.gam.com/-/media/content/results/hy-2026/adhoc_gam-holding-ag-gibt-ergebnisse-des-ersten-halbjahres-2026-bekannt_de.pdf?rev=a67ed443155445a38b2e59d320052706&modified=20260806044643
2026-08-14 04:19:21,https://www.gam.com/en/our-company/investor-relations/results-centre,gam holding ag h1 2026 report,https://cdn.gam.com/-/media/content/results/hy-2026/gam_holding_ag_h1_2026_report.pdf?rev=89db914bd9e347148ad58468581bb5a9&modified=20260806065300
2026-08-14 04:19:21,https://www.gam.com/en/our-company/investor-relations/results-centre,gam holding ag h1 2026 investor presentation,https://cdn.gam.com/-/media/content/results/hy-2026/gam_holding_ag_h1_2026_investor_presentation.pdf?rev=50d56f9e4db64a0ebc46b5e81bb80179&modified=20260806104920
2026-08-14 04:19:21,https://www.cera-india.com/investor-relations/financial-information,Q1 FY 2026-27 VIEW PDF,https://www.cera-india.com/sites/default/files/2026-08/Q1%20FY%202026-27.pdf
2026-08-14 04:19:21,https://www.birchcliffenergy.com/investors/corporate-presentation,Q2 2026 Corporate Presentation FINAL 260812,https://www.birchcliffenergy.com/sites/default/files/docs/Corp presentation/Q2_2026_Corporate_Presentation_FINAL_260812.pdf
2026-08-14 04:19:21,https://www.hindustancopper.com/Page/QuarterlyResult,"Financial Results for quarter ended 30th June, 2026",https://www.hindustancopper.com/Content/PDF/Financial-Results-for-quarter-ended-30th-June- 2026.pdf
2026-08-14 04:19:21,https://www.manappuram.com/annual-reports,Annual report 2025 26,https://www.manappuram.com/sites/default/files/2026-08/Annual%20report%202025-26.pdf
2026-08-14 04:19:21,https://investor.ligand.com/,Q2 2026 Earnings Release Slides,https://s206.q4cdn.com/221775662/files/doc_financials/2026/q2/Q2_2026_Earnings_Release_Slides.pdf
2026-08-14 04:19:21,https://investor.ligand.com/,Latest Quarterly Results,https://d18rn0p25nwr6d.cloudfront.net/CIK-0000886163/6ad1fa97-8d54-4970-9c09-506ffdf61f14.pdf
2026-08-14 04:19:21,https://ir.fticonsulting.com/,2Q 2026 Investor Presentation Access our latest investor presentation following our most recent earnings results. Read More,https://ir.fticonsulting.com/static-files/d670f3eb-41ee-436e-8d3c-67b86874a5e7
2026-08-14 04:19:21,http://investors.tutorperini.com/investor-overview/default.aspx,TPC Investor Presentation August 2026,http://s22.q4cdn.com/717824994/files/doc_presentations/2026/Aug/05/TPC-Investor-Presentation-August-2026.pdf
2026-08-14 04:19:21,http://investors.tutorperini.com/investor-overview/default.aspx,TPC Investor Report Q2 2026 prints best 11x17,http://s22.q4cdn.com/717824994/files/doc_financials/2026/q2/TPC-Investor-Report-Q2-2026-prints-best-11x17.pdf
2026-08-14 04:19:21,https://www.timetechnoplast.com/investor-center/financials-results/,Q1 (April-June),https://www.timetechnoplast.com/wp-content/uploads/2026/08/outcome-06-08-26.pdf
2026-08-14 04:19:21,https://www.timetechnoplast.com/investor-center/financials-results/,q1 earning presentation 2026,https://www.timetechnoplast.com/wp-content/uploads/2026/08/q1-earning-presentation-2026.pdf
2026-08-14 04:19:21,https://www.timetechnoplast.com/investor-center/financials-results/,q1 transcript 2026,https://www.timetechnoplast.com/wp-content/uploads/2026/08/q1-transcript-2026.pdf
2026-08-14 04:19:21,https://www.organigram.ca/investors/financials,dad9ab 3854f6848f5948418dd499693b3eb18f,https://www.organigram.ca/_files/ugd/dad9ab_3854f6848f5948418dd499693b3eb18f.pdf
2026-08-14 04:19:21,https://www.blueowlcapitalcorporation.com/investors/financial-results/financial-results,2026 08 05 Blue Owl Capital Corporation Announces June 30 94,https://www.blueowlcapitalcorporation.com/_assets/_32b354268b593c4b6af1f664c25edbb9/blueowlcapitalcorporation/news/2026-08-05_Blue_Owl_Capital_Corporation_Announces_June_30_94.pdf
2026-08-14 04:19:21,https://www.blueowlcapitalcorporation.com/investors/financial-results/financial-results,OBDC+Q2+2026+Earnings+Call+Transcript,https://www.blueowlcapitalcorporation.com/_assets/_32b354268b593c4b6af1f664c25edbb9/blueowlcapitalcorporation/db/2246/29119/webcast_transcript/OBDC+Q2+2026+Earnings+Call+Transcript.pdf
2026-08-14 04:19:21,https://www.blueowlcapitalcorporation.com/investors/financial-results/financial-results,Q2'26+OBDC+Earnings+Presentation vF,https://www.blueowlcapitalcorporation.com/_assets/_32b354268b593c4b6af1f664c25edbb9/blueowlcapitalcorporation/db/2246/29119/earnings_presentation/Q2%2726+OBDC+Earnings+Presentation_vF.pdf
2026-08-14 04:19:21,https://www.blueowlcapitalcorporation.com/investors/financial-results/financial-results,Q2'26+OBDC+Tearsheet,https://www.blueowlcapitalcorporation.com/_assets/_32b354268b593c4b6af1f664c25edbb9/blueowlcapitalcorporation/db/2246/29119/tear_sheet/Q2%2726+OBDC+Tearsheet.pdf
2026-08-14 04:19:21,https://www.blueowlcapitalcorporation.com/investors/financial-results/financial-results,10-Q Filing,https://www.blueowlcapitalcorporation.com/investors/sec-filings/all-sec-filings/content/0001655888-26-000056/0001655888-26-000056.pdf
2026-08-14 04:19:21,https://www.blueowlcapitalcorporation.com/investors/financial-results/financial-results,2026 05 06 Blue Owl Capital Corporation Announces March 31 92,https://www.blueowlcapitalcorporation.com/_assets/_32b354268b593c4b6af1f664c25edbb9/blueowlcapitalcorporation/news/2026-05-06_Blue_Owl_Capital_Corporation_Announces_March_31_92.pdf
2026-08-14 04:19:21,https://www.blueowlcapitalcorporation.com/investors/financial-results/financial-results,2026 02 18 Blue Owl Capital Corporation Announces December 90,https://www.blueowlcapitalcorporation.com/_assets/_32b354268b593c4b6af1f664c25edbb9/blueowlcapitalcorporation/news/2026-02-18_Blue_Owl_Capital_Corporation_Announces_December_90.pdf
2026-08-14 04:19:21,https://www.blueowlcapitalcorporation.com/investors/financial-results/financial-results,2025 11 05 Blue Owl Capital Corporation Announces September 86,https://www.blueowlcapitalcorporation.com/_assets/_32b354268b593c4b6af1f664c25edbb9/blueowlcapitalcorporation/news/2025-11-05_Blue_Owl_Capital_Corporation_Announces_September_86.pdf
2026-08-14 04:19:21,https://www.blueowlcapitalcorporation.com/investors/financial-results/financial-results,2025 08 06 Blue Owl Capital Corporation Announces June 30 83,https://www.blueowlcapitalcorporation.com/_assets/_32b354268b593c4b6af1f664c25edbb9/blueowlcapitalcorporation/news/2025-08-06_Blue_Owl_Capital_Corporation_Announces_June_30_83.pdf
2026-08-14 04:19:21,https://www.blueowlcapitalcorporation.com/investors/financial-results/financial-results,2025 05 07 Blue Owl Capital Corporation Announces March 31 81,https://www.blueowlcapitalcorporation.com/_assets/_32b354268b593c4b6af1f664c25edbb9/blueowlcapitalcorporation/news/2025-05-07_Blue_Owl_Capital_Corporation_Announces_March_31_81.pdf
2026-08-14 04:19:21,https://www.blueowlcapitalcorporation.com/investors/financial-results/financial-results,2025 02 19 Blue Owl Capital Corporation Reports Full Year 79,https://www.blueowlcapitalcorporation.com/_assets/_32b354268b593c4b6af1f664c25edbb9/blueowlcapitalcorporation/news/2025-02-19_Blue_Owl_Capital_Corporation_Reports_Full_Year_79.pdf
2026-08-14 04:19:21,https://www.blueowlcapitalcorporation.com/investors/financial-results/financial-results,2024 11 06 Blue Owl Capital Corporation Reports Third 73,https://www.blueowlcapitalcorporation.com/_assets/_32b354268b593c4b6af1f664c25edbb9/blueowlcapitalcorporation/news/2024-11-06_Blue_Owl_Capital_Corporation_Reports_Third_73.pdf
2026-08-14 04:19:21,https://www.blueowlcapitalcorporation.com/investors/financial-results/financial-results,2024 08 07 Blue Owl Capital Corporation Reports Second 71,https://www.blueowlcapitalcorporation.com/_assets/_32b354268b593c4b6af1f664c25edbb9/blueowlcapitalcorporation/news/2024-08-07_Blue_Owl_Capital_Corporation_Reports_Second_71.pdf
2026-08-14 04:19:21,https://www.blueowlcapitalcorporation.com/investors/financial-results/financial-results,2024 05 08 Blue Owl Capital Corporation Reports First 68,https://www.blueowlcapitalcorporation.com/_assets/_32b354268b593c4b6af1f664c25edbb9/blueowlcapitalcorporation/news/2024-05-08_Blue_Owl_Capital_Corporation_Reports_First_68.pdf
2026-08-14 04:19:21,https://www.blueowlcapitalcorporation.com/investors/financial-results/financial-results,2024 02 21 Blue Owl Capital Corporation Reports Full Year 66,https://www.blueowlcapitalcorporation.com/_assets/_32b354268b593c4b6af1f664c25edbb9/blueowlcapitalcorporation/news/2024-02-21_Blue_Owl_Capital_Corporation_Reports_Full_Year_66.pdf
2026-08-14 04:19:21,https://www.blueowlcapitalcorporation.com/investors/financial-results/financial-results,2023 11 08 Blue Owl Capital Corporation Reports Third 64,https://www.blueowlcapitalcorporation.com/_assets/_32b354268b593c4b6af1f664c25edbb9/blueowlcapitalcorporation/news/2023-11-08_Blue_Owl_Capital_Corporation_Reports_Third_64.pdf
2026-08-14 04:19:21,https://www.blueowlcapitalcorporation.com/investors/financial-results/financial-results,2023 08 09 Blue Owl Capital Corporation Reports Second 62,https://www.blueowlcapitalcorporation.com/_assets/_32b354268b593c4b6af1f664c25edbb9/blueowlcapitalcorporation/news/2023-08-09_Blue_Owl_Capital_Corporation_Reports_Second_62.pdf
2026-08-14 04:19:21,https://www.blueowlcapitalcorporation.com/investors/financial-results/financial-results,2023 05 10 Owl Rock Capital Corp Reports First Quarter Net 56,https://www.blueowlcapitalcorporation.com/_assets/_32b354268b593c4b6af1f664c25edbb9/blueowlcapitalcorporation/news/2023-05-10_Owl_Rock_Capital_Corp_Reports_First_Quarter_Net_56.pdf
2026-08-14 04:19:21,https://www.blueowlcapitalcorporation.com/investors/financial-results/financial-results,2023 02 22 Owl Rock Capital Corp Reports Full Year Results 54,https://www.blueowlcapitalcorporation.com/_assets/_32b354268b593c4b6af1f664c25edbb9/blueowlcapitalcorporation/news/2023-02-22_Owl_Rock_Capital_Corp_Reports_Full_Year_Results_54.pdf
2026-08-14 04:19:21,https://www.blueowlcapitalcorporation.com/investors/financial-results/financial-results,2022 11 02 Owl Rock Capital Corp Reports Third Quarter Net 50,https://www.blueowlcapitalcorporation.com/_assets/_32b354268b593c4b6af1f664c25edbb9/blueowlcapitalcorporation/news/2022-11-02_Owl_Rock_Capital_Corp_Reports_Third_Quarter_Net_50.pdf
2026-08-14 04:19:21,https://www.blueowlcapitalcorporation.com/investors/financial-results/financial-results,2022 08 03 Owl Rock Capital Corp Reports Second Quarter Net 46,https://www.blueowlcapitalcorporation.com/_assets/_32b354268b593c4b6af1f664c25edbb9/blueowlcapitalcorporation/news/2022-08-03_Owl_Rock_Capital_Corp_Reports_Second_Quarter_Net_46.pdf
2026-08-14 04:19:21,https://www.blueowlcapitalcorporation.com/investors/financial-results/financial-results,2022 05 04 Owl Rock Capital Corp Reports First Quarter Net 44,https://www.blueowlcapitalcorporation.com/_assets/_32b354268b593c4b6af1f664c25edbb9/blueowlcapitalcorporation/news/2022-05-04_Owl_Rock_Capital_Corp_Reports_First_Quarter_Net_44.pdf
2026-08-14 04:19:21,https://www.blueowlcapitalcorporation.com/investors/financial-results/financial-results,2022 02 23 Owl Rock Capital Corp Reports Full Year Results 5,https://www.blueowlcapitalcorporation.com/_assets/_32b354268b593c4b6af1f664c25edbb9/blueowlcapitalcorporation/news/2022-02-23_Owl_Rock_Capital_Corp_Reports_Full_Year_Results_5.pdf
2026-08-14 04:19:21,https://www.blueowlcapitalcorporation.com/investors/financial-results/financial-results,2021 11 03 Owl Rock Capital Corp Reports Third Quarter Net 7,https://www.blueowlcapitalcorporation.com/_assets/_32b354268b593c4b6af1f664c25edbb9/blueowlcapitalcorporation/news/2021-11-03_Owl_Rock_Capital_Corp_Reports_Third_Quarter_Net_7.pdf
2026-08-14 04:19:21,https://www.blueowlcapitalcorporation.com/investors/financial-results/financial-results,2021 08 04 Owl Rock Capital Corp Reports Second Quarter Net 9,https://www.blueowlcapitalcorporation.com/_assets/_32b354268b593c4b6af1f664c25edbb9/blueowlcapitalcorporation/news/2021-08-04_Owl_Rock_Capital_Corp_Reports_Second_Quarter_Net_9.pdf
2026-08-14 04:19:21,https://www.blueowlcapitalcorporation.com/investors/financial-results/financial-results,2021 05 05 Owl Rock Capital Corp Reports First Quarter Net 13,https://www.blueowlcapitalcorporation.com/_assets/_32b354268b593c4b6af1f664c25edbb9/blueowlcapitalcorporation/news/2021-05-05_Owl_Rock_Capital_Corp_Reports_First_Quarter_Net_13.pdf
2026-08-14 04:19:21,https://www.blueowlcapitalcorporation.com/investors/financial-results/financial-results,2021 02 23 Owl Rock Capital Corp Reports Full Year Results 18,https://www.blueowlcapitalcorporation.com/_assets/_32b354268b593c4b6af1f664c25edbb9/blueowlcapitalcorporation/news/2021-02-23_Owl_Rock_Capital_Corp_Reports_Full_Year_Results_18.pdf
2026-08-14 04:19:21,https://www.blueowlcapitalcorporation.com/investors/financial-results/financial-results,2020 11 04 Owl Rock Capital Corp Reports Third Quarter Net 21,https://www.blueowlcapitalcorporation.com/_assets/_32b354268b593c4b6af1f664c25edbb9/blueowlcapitalcorporation/news/2020-11-04_Owl_Rock_Capital_Corp_Reports_Third_Quarter_Net_21.pdf
2026-08-14 04:19:21,https://www.blueowlcapitalcorporation.com/investors/financial-results/financial-results,2020 08 04 Owl Rock Capital Corp Reports Second Quarter Net 23,https://www.blueowlcapitalcorporation.com/_assets/_32b354268b593c4b6af1f664c25edbb9/blueowlcapitalcorporation/news/2020-08-04_Owl_Rock_Capital_Corp_Reports_Second_Quarter_Net_23.pdf
2026-08-14 04:19:21,https://www.blueowlcapitalcorporation.com/investors/financial-results/financial-results,2020 05 05 Owl Rock Capital Corp Reports First Quarter Net 28,https://www.blueowlcapitalcorporation.com/_assets/_32b354268b593c4b6af1f664c25edbb9/blueowlcapitalcorporation/news/2020-05-05_Owl_Rock_Capital_Corp_Reports_First_Quarter_Net_28.pdf
2026-08-14 04:19:21,https://www.blueowlcapitalcorporation.com/investors/financial-results/financial-results,2020 02 20 Owl Rock Capital Corp Reports Full Year Results 33,https://www.blueowlcapitalcorporation.com/_assets/_32b354268b593c4b6af1f664c25edbb9/blueowlcapitalcorporation/news/2020-02-20_Owl_Rock_Capital_Corp_Reports_Full_Year_Results_33.pdf
2026-08-14 04:19:21,https://www.blueowlcapitalcorporation.com/investors/financial-results/financial-results,2019 10 31 Owl Rock Capital Corp Reports Third Quarter Net 37,https://www.blueowlcapitalcorporation.com/_assets/_32b354268b593c4b6af1f664c25edbb9/blueowlcapitalcorporation/news/2019-10-31_Owl_Rock_Capital_Corp_Reports_Third_Quarter_Net_37.pdf
2026-08-14 04:19:21,https://www.blueowlcapitalcorporation.com/investors/financial-results/financial-results,2019 07 30 Owl Rock Capital Corp Reports Second Quarter Net 41,https://www.blueowlcapitalcorporation.com/_assets/_32b354268b593c4b6af1f664c25edbb9/blueowlcapitalcorporation/news/2019-07-30_Owl_Rock_Capital_Corp_Reports_Second_Quarter_Net_41.pdf
2026-08-14 04:19:21,https://www.birlasoft.com/company/investors/corporate-governance,press release birlasoft recognised as enterprise innovator by hfs research for application modernization,https://www.birlasoft.com/sites/default/files/resources/downloads/investors/press-release-birlasoft-recognised-as-enterprise-innovator-by-hfs-research-for-application-modernization.pdf
2026-08-14 04:19:21,https://www.birlasoft.com/company/investors/corporate-governance,schedule of analyst and institutional investor meetings on august 13 and 14 2026,https://www.birlasoft.com/sites/default/files/resources/downloads/investors/schedule-of-analyst-and-institutional-investor-meetings-on-august-13-and-14-2026.pdf
2026-08-14 04:19:21,https://www.birlasoft.com/company/investors/corporate-governance,Newspaper Publication titled “Reminder Notice with respect to Special Window for transfer and dematerialization of physical shares”,https://www.birlasoft.com/sites/default/files/resources/downloads/investors/newspaper-advertisement-dated-august-5-2026.pdf
2026-08-14 04:19:21,https://www.rakproperties.ae/financial-statements/,RAKP Consolidated financial statement Eng June 2026,https://www.rakproperties.ae/wp-content/uploads/2026/08/RAKP-Consolidated-financial-statement-Eng-June-2026.pdf
2026-08-14 04:19:21,https://www.rakproperties.ae/financial-statements/,RAKP Consolidated financial statement Arb June 2026,https://www.rakproperties.ae/wp-content/uploads/2026/08/RAKP-Consolidated-financial-statement-Arb-June-2026.pdf
2026-08-14 04:19:21,https://www.lotusbakeries.com/document-search,IR Presentation Half-Year Results 2026 7 August 2026 Half-Year Results,https://www.lotusbakeries.com/sites/default/files/documents-en/Lotus%20Bakeries%20Group_Results%20Announcement%20HY2026%20-%20Website%20Publication.pdf
2026-08-14 04:19:21,https://www.lotusbakeries.com/document-search,Half-Year Report 2026 7 August 2026 Half-Year Results,https://www.lotusbakeries.com/sites/default/files/documents-nl/260807_Interim_Report_HY26_NL.pdf
2026-08-14 04:19:21,https://www.lotusbakeries.com/document-search,Half-Year Report 2026 7 August 2026 Half-Year Results,https://www.lotusbakeries.com/sites/default/files/documents-en/260807_Interim%20Report_HY26_EN.pdf
2026-08-14 04:19:21,https://www.lotusbakeries.com/document-search,Half-Year Results 2026 7 August 2026 Press Release Regulated information Half-Year Results,https://www.lotusbakeries.com/sites/default/files/documents-nl/260807_PB_HY2026_NL.pdf
2026-08-14 04:19:21,https://www.lotusbakeries.com/document-search,Half-Year Results 2026 7 August 2026 Press Release Regulated information Half-Year Results,https://www.lotusbakeries.com/sites/default/files/documents-en/260807_PR_HY2026_EN.pdf
2026-08-14 04:19:21,https://www.irbinvit.co.in/announcement/,Audited Consolidated & Standalone Financial Results of IRB InvIT Fund (‘The Trust’) for the Half Year and Financial year ended,https://www.irbinvit.co.in/wp-content/uploads/2026/08/Update_of_IRB_InvIT_Toll-collection_SD.pdf
2026-08-14 04:19:22,https://www.ltkm.com.my/sustainability-reports,Sustainability Report,https://www.ltkm.com.my/_files/ugd/e8a46e_7c4f74e5e69046109e5b2ee7418e00c5.pdf
2026-08-14 04:19:22,https://www.cera-india.com/investor-relations/disclosure-of-events-under-regulation-30-of-sebi-lodr-regulations-2015,"Newspaper Publication Extract of Unaudited Financial Results for the quarter ended 30th June, 2026",https://www.cera-india.com/sites/default/files/2026-08/Newspaper%20Publication%20-%20Extract%20of%20Unaudited%20Financial%20Results%20for%20the%20quarter%20ended%2030th%20June%2C%202026.pdf
2026-08-14 04:19:22,https://www.cera-india.com/investor-relations/disclosure-of-events-under-regulation-30-of-sebi-lodr-regulations-2015,Announcement Under Regulation 30 (LODR) - Investor Communication Q1 FY 2026-27 VIEW PDF,https://www.cera-india.com/sites/default/files/2026-08/Announcement%20Under%20Regulation%2030%20%28LODR%29%20-%20Investor%20Communication%20Q1%20FY%202026-27.pdf
2026-08-14 04:19:22,https://www.cera-india.com/investor-relations/disclosure-of-events-under-regulation-30-of-sebi-lodr-regulations-2015,"Outcome of Board Meeting dated 7th August, 2026 VIEW PDF",https://www.cera-india.com/sites/default/files/2026-08/Outcome%20of%20Board%20Meeting%20dated%207th%20August%2C%202026.pdf
2026-08-14 04:19:22,https://www.cera-india.com/investor-relations/disclosure-of-events-under-regulation-30-of-sebi-lodr-regulations-2015,"Intimation of Analyst / Investor Meeting to be held on 13th August, 2026 VIEW PDF",https://www.cera-india.com/sites/default/files/2026-08/Intimation%20of%20Analyst%20-%20Investor%20Meeting%20to%20be%20held%20on%2013th%20August%2C%202026.pdf
2026-08-14 04:19:22,https://www.pwo-group.com/en/investors-press/,"Half-year financial report 2026 Half-year financial report 2026 pdf 796,99 KB",https://www.pwo-group.com/media/docs/en/investoren-und-presse/berichtsarchiv/2026/Q2-2026/PWO_Half_Year_Financial_Report_H1_2026.s.pdf
2026-08-14 04:19:22,https://ir.manitowoc.com/governance/governance-documents/default.aspx,MTW Corporate Governance Guidelines 2026 FINAL 365e48,https://s29.q4cdn.com/269354841/files/doc_document_list/2026/Aug/10/MTW-Corporate-Governance-Guidelines-2026_FINAL-365e48.pdf
2026-08-14 04:19:22,https://www.southgobi.com/html/ir.php,July 2026 Monthly Return on Movements in Securities,https://media-southgobi.todayir.com/20260806183202535012275855_en.pdf
2026-08-14 04:19:22,https://www.mum.de/investor-relations/investor-relations-english/corporate-governance,mum code of conduct for business partners 082026,https://www.mum.de/-/media/mum/downloads/investor-relations/verhaltenskodex/mum-code-of-conduct-for-business-partners_082026.pdf
2026-08-14 04:19:22,https://www.rainbowhospitals.in/investors-relations/policies-and-programs,Annual Report FY25 26,https://d31scedd5hpubp.cloudfront.net/investor_files/Annual_Report_FY25_26.pdf
2026-08-14 04:19:22,https://www.rainbowhospitals.in/investors-relations/policies-and-programs,Annual Report FY 24 25,https://d31scedd5hpubp.cloudfront.net/investor_files/Annual_Report_FY_24-25.pdf
2026-08-14 04:19:22,https://www.rainbowhospitals.in/investors-relations/policies-and-programs,BRSR Report,https://d31scedd5hpubp.cloudfront.net/investor_files/BRSR_Report.pdf
2026-08-14 04:19:22,https://www.rainbowhospitals.in/investors-relations/policies-and-programs,"Outcome of Board meeting – July 30, 2026",https://d31scedd5hpubp.cloudfront.net/investor_files/Outcome_of_Board_meeting_-_July_30__2026.pdf
2026-08-14 04:19:22,https://www.bankneocommerce.co.id/en/company-information/good-corporate-government#RUPS Announcements,BNC Information Security Commitment Declaration (1) (1),https://www-cms.bankneo.co.id/storage/files/1/Tata Kelola/Deklarasi Keamanan Informasi/BNC_Information Security Commitment Declaration (1) (1).pdf
2026-08-14 04:19:22,https://www.sapphirefoods.in/investors-relation/updates,Sapphire Foods - Corporate Presentation Q1 FY27 - 11-08-2026,https://www.sapphirefoods.in/storage/app/media/sapphire-foods-corporate-presentation-q1-fy27-11-08-2026.pdf
2026-08-14 04:19:22,https://www.hkfoods.com/en/investors-information/financial-reports-and-other-presentations/,hkfoods plc half year financial report 2026 en,https://www.hkfoods.com/globalassets/hkfoods.com/3-investors---sijoittajat/2026-pulivuosikatsaus/hkfoods-plc-half-year-financial-report-2026_en_.pdf
2026-08-14 04:19:22,https://www.hkfoods.com/en/investors-information/financial-reports-and-other-presentations/,hkfoods half year financial report january june 2026 presentation en,https://www.hkfoods.com/globalassets/hkfoods.com/3-investors---sijoittajat/2026-pulivuosikatsaus/hkfoods-half-year-financial-report-january-june-2026_presentation_en_.pdf
2026-08-14 04:19:22,https://ithmaarholding.com/financials/,Financial Statements for the six months period ended 30 June 2026,https://ithmaarholding.com/wp-content/uploads/2026/08/ithmaar-holding-30-june-2026-full-set-signed-english.pdf
2026-08-14 04:19:22,http://www.baytexenergy.com/,2025 Annual Report Financial Reports,http://www.baytexenergy.com/wp-content/uploads/2026/08/Q2-2026-Final-Report-WMsQJu19.pdf
2026-08-14 04:19:22,https://ir.herbalife.com/financial-information/financial-results,2026 08 05 Herbalife Reports Second Quarter Net Sales Growth 952,https://d1io3yog0oux5.cloudfront.net/_28114f92c0e5d145802979c61cb2658b/herbalife/news/2026-08-05_Herbalife_Reports_Second_Quarter_Net_Sales_Growth__952.pdf
2026-08-14 04:19:22,https://ir.herbalife.com/financial-information/financial-results,Herbalife+Q2+'26+Earnings+Presentation+FINAL,https://d1io3yog0oux5.cloudfront.net/_28114f92c0e5d145802979c61cb2658b/herbalife/db/1117/10840/earnings_presentation/Herbalife+Q2+%2726+Earnings+Presentation+FINAL.pdf
2026-08-14 04:19:22,https://ir.herbalife.com/financial-information/financial-results,Herbalife+Q2+2026+Earnings+Call+Transcript,https://d1io3yog0oux5.cloudfront.net/_28114f92c0e5d145802979c61cb2658b/herbalife/db/1117/10840/earnings_transcript/Herbalife+Q2+2026+Earnings+Call+Transcript.pdf
2026-08-14 04:19:22,https://ir.herbalife.com/financial-information/financial-results,10-Q Filing,https://ir.herbalife.com/sec-filings/all-sec-filings/content/0001193125-26-335172/0001193125-26-335172.pdf
2026-08-14 04:19:22,https://norden.com/investor/reports-presentations,NORDEN Interim Report Q2 2026,https://norden.com/sites/default/files/2026-08/NORDEN%20Interim%20Report%20Q2%202026.pdf
2026-08-14 04:19:22,https://norden.com/investor/reports-presentations,NORDEN Investor Presentation Q2 2026,https://norden.com/sites/default/files/2026-08/NORDEN%20Investor%20Presentation%20Q2%202026.pdf
2026-08-14 04:19:22,https://norden.com/investor/reports-presentations,NORDEN Hoved- og nøgletalsoversigt Q2 2026,https://norden.com/sites/default/files/2026-08/NORDEN%20Hoved-%20og%20n%C3%B8gletalsoversigt%20Q2%202026.pdf
2026-08-14 04:19:22,https://ir.te.eg/en/FinancialInformation/FinancialStatements,EAS Consolidated Statementc4505d23 5a0e 4824 ba97 b5951592597e,https://ir.te.eg/IRMedia/Financial_Information/EAS_Consolidated_Statement/2026/EAS_Consolidated_Statementc4505d23-5a0e-4824-ba97-b5951592597e.pdf
2026-08-14 04:19:22,https://ir.te.eg/en/FinancialInformation/FinancialStatements,EAS Standalone Statementb701dba2 4943 4f16 b1e1 a481b22cf8d2,https://ir.te.eg/IRMedia/Financial_Information/EAS_Standalone_Statement/2026/EAS_Standalone_Statementb701dba2-4943-4f16-b1e1-a481b22cf8d2.pdf
2026-08-14 04:19:22,https://www.etteplan.com/investors/reports-presentations,Half-Year Financial Report January-June 2026 presentation,https://cms.etteplan.com/app/uploads/2026/08/Etteplan_Q22026_investor_presentation_EN.pdf
2026-08-14 04:19:22,https://www.etteplan.com/investors/reports-presentations,Half-Year Financial Report January-June 2026,https://cms.etteplan.com/app/uploads/2026/08/Etteplan_Q2_2026_EN.pdf
2026-08-14 04:19:22,https://ir.pne-ag.com/en/publications#section83,260813 PNE Halbjahresbericht H1 2026 en geschützt,https://ir.pne-ag.com/fileadmin/user_upload/Finanzberichte_ENG/2026/260813_PNE_Halbjahresbericht_H1_2026_en_gesch%C3%BCtzt.pdf
2026-08-14 04:19:22,https://ir.pne-ag.com/en/publications#section83,260813 PNE H1 2026 Webcast,https://ir.pne-ag.com/fileadmin/user_upload/Investor_Relations/IR_Pr%C3%A4sentationen/2026/260813_PNE_H1_2026_Webcast.pdf
2026-08-14 04:19:22,https://www.pnegroup.com/en/investor-relations/publications/,260813 PNE Halbjahresbericht H1 2026 en geschützt,https://www.pnegroup.com/fileadmin/user_upload/Finanzberichte_ENG/2026/260813_PNE_Halbjahresbericht_H1_2026_en_gesch%C3%BCtzt.pdf
2026-08-14 04:19:22,https://www.pnegroup.com/en/investor-relations/publications/,260813 PNE H1 2026 Webcast,https://www.pnegroup.com/fileadmin/user_upload/Investor_Relations/IR_Pr%C3%A4sentationen/2026/260813_PNE_H1_2026_Webcast.pdf
2026-08-14 04:19:22,https://www.energiekontor.de/en/investor-relations/financial-reports.html,20260813 Energiekontor H1 2026 Company Presentation,https://www.energiekontor.de/fileadmin/user_upload/IR/Praesentationen_Factsheet/20260813_Energiekontor_H1_2026_Company_Presentation.pdf
2026-08-14 04:19:22,https://www.energiekontor.de/en/investor-relations/financial-reports.html,2026 H1 Energiekontor AG Half Year Report s,https://www.energiekontor.de/fileadmin/user_upload/IR/berichte/finanzberichte/2026/2026-H1_Energiekontor_AG_Half-Year_Report_s.pdf
2026-08-14 04:19:21,https://www.agthia.com/investors/investor-presentations/,Agthia Group PJSC Q2 2026 Earnings Call Presentation (ADX),https://www.agthia.com/sites/default/files/2026-08/Agthia%20Group%20PJSC%20-%20Q2%202026%20Earnings%20Call%20Presentation%20%28ADX%29.pdf
2026-08-14 04:19:21,https://vipindustries.co.in/investor/investor-presentations,VIP Results June 2026,https://vipindustries.co.in/storage/investor-presentations/August2026/VIP Results June 2026.pdf
2026-08-14 04:19:21,https://masangroup.com/investor-relations.html,07/08/2026 07/08/2026 Profit fluctuations of explanation letter of Financial Statements at 1H2026,https://www.masangroup.com/wp-content/uploads/2026/08/20260807_MSN_Profit-fluctuations-of-explanation-letter-of-Financial-Statements-at-1H2026.pdf
2026-08-14 04:19:21,https://masangroup.com/investor-relations.html,07/08/2026 07/08/2026 1H2026 Consolidate Reviewed Results,https://www.masangroup.com/wp-content/uploads/2026/08/04.-MSN-Consol-HY26-EN-quality-1.pdf
2026-08-14 04:19:21,https://masangroup.com/investor-relations.html,07/08/2026 07/08/2026 1H2026 Separate Reviewed Results,https://www.masangroup.com/wp-content/uploads/2026/08/02.-MSN-Sep-HY26-EN-quality.pdf
2026-08-14 04:19:21,https://en.wynnmacaulimited.com/announcements-and-circulars,Monthly Return of Equity Issuer on Movements in Securities for the month ended 31 July 2026,https://en.wynnmacaulimited.com/static-files/424d0aa8-03c9-440e-8d48-87f93d94c1c0 
2026-08-14 04:19:21,https://www.sbicard.com/en/who-we-are/corporate-announcements.page,Intimation under Regulation 57(1) _ Series 36_ 07.08.2026,https://www.sbicard.com/sbi-card-en/assets/docs/pdf/who-we-are/notices/Interest-Payment-Series-36.pdf
2026-08-14 04:19:21,https://www.sbicard.com/en/who-we-are/corporate-announcements.page,Disclosure Under Regulation 30 – Newspaper Publication,https://www.sbicard.com/sbi-card-en/assets/docs/pdf/who-we-are/notices/SEFilingNewspaperAdvAugust2026.pdf
2026-08-14 04:19:21,https://ir.teknova.com/financials/sec-filings,0001193125-26-338178.pdf 0001193125-26-338178.rtf 0001193125-26-338178.xls EX-101.SCH - XBRL TAXONOMY EXTENSION SCHEMA View HTML,https://ir.teknova.com/static-files/991f99a8-f9ee-42e9-839d-1bab79d8a310
2026-08-14 04:19:21,https://ir.teknova.com/financials/sec-filings,0001193125-26-338178.pdf 0001193125-26-338178.rtf 0001193125-26-338178.xls EX-101.SCH - XBRL TAXONOMY EXTENSION SCHEMA View HTML,https://ir.teknova.com/static-files/84b879be-ff86-4e11-a51e-57d604e27718
2026-08-14 04:19:21,https://ir.teknova.com/financials/sec-filings,0001193125-26-338178.pdf 0001193125-26-338178.rtf 0001193125-26-338178.xls EX-101.SCH - XBRL TAXONOMY EXTENSION SCHEMA View HTML,https://ir.teknova.com/static-files/88fc68d0-9830-4f95-bae1-674ead275a61
2026-08-14 04:19:21,https://ir.teknova.com/financials/sec-filings,0001193125-26-335059.pdf 0001193125-26-335059.rtf 0001193125-26-335059.xls EX-101.SCH - XBRL TAXONOMY EXTENSION SCHEMA View HTML,https://ir.teknova.com/static-files/aa7838ce-6964-42aa-ab52-19fa59d87d4a
2026-08-14 04:19:21,https://ir.teknova.com/financials/sec-filings,0001193125-26-335059.pdf 0001193125-26-335059.rtf 0001193125-26-335059.xls EX-101.SCH - XBRL TAXONOMY EXTENSION SCHEMA View HTML,https://ir.teknova.com/static-files/9174efd2-df5b-4561-8594-67ca1e17d594
2026-08-14 04:19:21,https://ir.teknova.com/financials/sec-filings,0001193125-26-335059.pdf 0001193125-26-335059.rtf 0001193125-26-335059.xls EX-101.SCH - XBRL TAXONOMY EXTENSION SCHEMA View HTML,https://ir.teknova.com/static-files/82dcada3-de29-431d-9715-75de9e1434e9
2026-08-14 04:19:21,http://investor.caretrustreit.com/,Exhibit 99 2 CTRE Q2 2026 Financial Supplement,http://s21.q4cdn.com/798411034/files/doc_earnings/2026/q2/presentation/Exhibit-99-2-CTRE-Q2-2026-Financial-Supplement.pdf
2026-08-14 04:19:21,https://www.ltts.com/investors/exchange-announcements,Schedule of Analyst Meeting,https://www.ltts.com/sites/default/files/investors/exchange-announcements/Reg30InvestorAnalystMeet.pdf
2026-08-14 04:19:21,https://www.ltts.com/investors/exchange-announcements,ESG Rating by NSE Sustainability Ratings and Analytics Limited,https://www.ltts.com/sites/default/files/investors/exchange-announcements/NSESustainibalityESGRating2026.pdf
2026-08-14 04:19:21,https://www.ltts.com/investors/exchange-announcements,"Press Release titled “L&T Technology Services Launches AgenticIQTM, an End-to-End Agentic AI Platform for Engineering, Manufacturing and Customer Experience” –",https://www.ltts.com/sites/default/files/investors/exchange-announcements/LTTSPressReleasesd.pdf
2026-08-14 04:19:21,https://www.ltts.com/investors/exchange-announcements,Reg30InvestorAnalystMeetsigned,https://www.ltts.com/sites/default/files/investors/exchange-announcements/Reg30InvestorAnalystMeetsigned.pdf
2026-08-14 04:19:21,https://www.ltts.com/investors/exchange-announcements,"Newspaper Advertisement – Disclosure under Regulation 30 of SEBI (Listing Obligations and Disclosure Requirements) Regulations, 2015",https://www.ltts.com/sites/default/files/investors/exchange-announcements/LTTSNewspaperad5082026.pdf
2026-08-14 04:19:21,https://metacon.com/financial-reports/,Interim report Q2 2026,https://metacon.com/wp-content/uploads/2026/08/Interim-report-Q2-2026.pdf#https://metacon.com/wp-content/uploads/2026/08/Interim-report-Q2-2026.pdf
2026-08-14 04:19:21,https://gocolors.com/pages/investor-relations,EARNINGS CALL TRANSCRIPT Q1 FY27,https://cdn.shopify.com/s/files/1/0598/8158/6848/files/EARNINGS_CALL_TRANSCRIPT_Q1_FY27.pdf?v=1786000341
2026-08-14 04:19:21,http://ir.curaleaf.com/,Q2 2026 Investor Presentation,http://ir.curaleaf.com/image/Curaleaf+Investor+Deck+2Q26.pdf
2026-08-14 04:19:21,https://clipperrealty.com/investors/,Q2-26 Supplemental Financial Information,https://clipperrealty.com/wp-content/uploads/2026/08/Q2-26-Earnings-Press-Release.pdf
2026-08-14 04:19:21,https://clipperrealty.com/investors/,Q2 26 Supplemental Financial Information,https://clipperrealty.com/wp-content/uploads/2026/08/Q2-26-Supplemental-Financial-Information.pdf
2026-08-14 04:19:21,https://clipperrealty.com/investors/,Q2-26 Supplemental Financial Information,https://clipperrealty.com/wp-content/uploads/2026/08/Q2-26-Form-10-Q.pdf
2026-08-14 04:19:21,https://www.owlrockcapitalcorporation.com/investors,10-Q Filing,https://www.owlrockcapitalcorporation.com/investors/sec-filings/all-sec-filings/content/0001655888-26-000056/0001655888-26-000056.pdf
2026-08-14 04:19:21,https://investors.sezzle.com/leadership-and-governance/corporate-governance/,Sezzle Board Charter,https://assets.ctfassets.net/6d085vujy22q/6NPrgerx8fJiHBgDkCesXQ/24c3fb4e93931fe7ecc7211c82792fdf/Sezzle_Board_Charter.pdf
2026-08-14 04:19:21,https://ir.fulcrumtx.com/financial-information/sec-filings,0001193125-26-341385.pdf 0001193125-26-341385.rtf 0001193125-26-341385.xls EX-101.SCH - XBRL TAXONOMY EXTENSION SCHEMA View HTML,https://ir.fulcrumtx.com/static-files/95872435-7c23-4689-886e-64b735482aeb
2026-08-14 04:19:21,https://ir.fulcrumtx.com/financial-information/sec-filings,0001193125-26-341385.pdf 0001193125-26-341385.rtf 0001193125-26-341385.xls EX-101.SCH - XBRL TAXONOMY EXTENSION SCHEMA View HTML,https://ir.fulcrumtx.com/static-files/fb80e846-2ed9-4493-9193-3ddb73b6c1a8
2026-08-14 04:19:21,https://ir.fulcrumtx.com/financial-information/sec-filings,0001193125-26-341385.pdf 0001193125-26-341385.rtf 0001193125-26-341385.xls EX-101.SCH - XBRL TAXONOMY EXTENSION SCHEMA View HTML,https://ir.fulcrumtx.com/static-files/0d2d87ac-8efb-487c-ac34-430e001e4223
2026-08-14 04:19:21,https://opc-energy.com/en/investors-lobby-2/,Q2 2026,https://opc-energy.com/wp-content/uploads/2026/08/P1762836-00.pdf
2026-08-14 04:19:21,https://opc-energy.com/investors-lobby/,P1762824 00,https://opc-energy.com/wp-content/uploads/2026/08/P1762824-00.pdf
2026-08-14 04:19:21,https://opc-energy.com/investors-lobby/,P1762833 00,https://opc-energy.com/wp-content/uploads/2026/08/P1762833-00.pdf
2026-08-14 04:19:21,https://investor.wilcon.com.ph/all-disclosures/,Material Information/Transactions – Board Approval of 1H 2026 Financial Report,https://investor.wilcon.com.ph/wp-content/uploads/2026/08/WLCON-SEC-Form-17C-Approval-of-6M-2026-FS.pdf
2026-08-14 04:19:21,https://investor.wilcon.com.ph/all-disclosures/,WLCON 17Q Q2 2026,https://investor.wilcon.com.ph/wp-content/uploads/2026/08/WLCON-17Q-Q2-2026.pdf
2026-08-14 04:19:21,https://investor.wilcon.com.ph/all-disclosures/,WLCON 1H 2026 Earnings Press Release,https://investor.wilcon.com.ph/wp-content/uploads/2026/08/WLCON-6M2026-Earnings-PR.pdf
2026-08-14 04:19:21,https://www.irbinvit.co.in/annual-reports/,Transcript of 4 th Annual General Meeting (AGM) of IRB InvIT Fund,https://www.irbinvit.co.in/wp-content/uploads/2026/08/Transcript-of-AM-of-IRB-InvIT-Fund.pdf
2026-08-14 04:19:21,https://ir.fathomrealty.com/,10-Q Filing,https://ir.fathomrealty.com/sec-filings/sec-filings/content/0001628280-26-056741/0001628280-26-056741.pdf
2026-08-14 04:19:21,https://ir.aprea.com/financial-information/sec-filings,SCHEDULE 13G/A - Description,https://ir.aprea.com/static-files/f827d086-0b11-4197-8734-da3555862ae1
2026-08-14 04:19:21,https://ir.aprea.com/financial-information/sec-filings,SCHEDULE 13G/A - Description,https://ir.aprea.com/static-files/8196b711-c7ac-4504-a664-2e31c96517c4
2026-08-14 04:19:21,https://ir.aprea.com/financial-information/sec-filings,SCHEDULE 13G/A - Description,https://ir.aprea.com/static-files/d79d459b-b0dd-4308-b057-71a30607dcc6
2026-08-14 04:19:21,https://ir.aprea.com/financial-information/sec-filings,Report of unscheduled material events or corporate event,https://ir.aprea.com/static-files/d015c60b-259d-4b82-a5b0-bb5753b1c344
2026-08-14 04:19:21,https://ir.aprea.com/financial-information/sec-filings,Report of unscheduled material events or corporate event,https://ir.aprea.com/static-files/4e10e809-cc48-454f-a065-a5d0d8609d5d
2026-08-14 04:19:21,https://ir.aprea.com/financial-information/sec-filings,Report of unscheduled material events or corporate event,https://ir.aprea.com/static-files/b9604808-43c2-4ec8-b9ca-d0edf6d93f57
2026-08-14 04:19:21,https://ir.aprea.com/financial-information/sec-filings,Quarterly report which provides a continuing view of a company's financial position,https://ir.aprea.com/static-files/0aea1fe0-9492-47bb-a7f1-ceed259d0f25
2026-08-14 04:19:21,https://ir.aprea.com/financial-information/sec-filings,Quarterly report which provides a continuing view of a company's financial position,https://ir.aprea.com/static-files/79ea9c83-21d9-4731-b408-7eb5c91b6869
2026-08-14 04:19:21,https://ir.aprea.com/financial-information/sec-filings,Quarterly report which provides a continuing view of a company's financial position,https://ir.aprea.com/static-files/17de7a37-f123-4367-90b2-928326f53f44
2026-08-14 04:19:21,https://www.heliostowers.com/,Overview 30 Jul 2026 HT H1 2026 & MDGR presentation Download PDF,https://www.heliostowers.com/media/fm3kle04/ht-h1-26-mdgr-presentation.pdf
2026-08-14 04:19:21,https://www.cementirholding.com/en/investors/financial-reports,07 August 2026 Financial reports Consolidated Half-Year Financial Report at 30 June 2026 CH_2026 Consolidated Half Year Financial Report_20260807.pdf 1.99,https://www.cementirholding.com/sites/default/files/documenti/2026-08/CH_2026%20Consolidated%20Half%20Year%20Financial%20Report_20260807.pdf
2026-08-14 04:19:21,https://gxo.com/esg/,2025 Impact Report,https://gxo.com/wp-content/uploads/2026/08/2025-Impact-Report.pdf
2026-08-14 04:19:21,https://gxo.com/esg/,2025 Impact Report Highlights,https://gxo.com/wp-content/uploads/2026/08/2025-Impact-Report-Highlights.pdf
2026-08-14 04:19:21,https://gxo.com/esg/,Impact report 2025 – Executive summary,https://gxo.com/wp-content/uploads/2026/08/2025-Impact-Report-Exec-Summary.pdf
2026-08-14 04:19:21,https://gxo.com/esg/,Environmental Data Limited Assurance 2025,https://gxo.com/wp-content/uploads/2026/08/GXO-2025-Limited-Assurance.pdf
2026-08-14 04:19:21,https://gxo.com/esg/,GXO 2025 Climate Related Financial Disclosure,https://gxo.com/wp-content/uploads/2026/08/GXO-2025-Climate-Related-Financial-Disclosure.pdf
2026-08-14 04:19:21,https://ir.airship.ai/,2026 08 06 Airship AI Reports Second Quarter 2026 Financial 51,https://d1io3yog0oux5.cloudfront.net/_27f83b18486fa249d68f18a8b50faa13/airship/news/2026-08-06_Airship_AI_Reports_Second_Quarter_2026_Financial_51.pdf
2026-08-14 04:19:21,https://ir.airship.ai/,10-Q Filing,https://ir.airship.ai/sec-filings/all-sec-filings/content/0001654954-26-007328/0001654954-26-007328.pdf
2026-08-14 04:19:21,https://www.adib.eg/investor-relations/financial-results,SocEnglishAugust2026,https://www.adib.eg/media/157794/SocEnglishAugust2026.pdf
2026-08-14 04:19:21,https://www.primefocus.com/investor-centre/resources/,Reg 30 Outcome of ESOP06082026,https://www.primefocus.com/wp-content/uploads/2026/08/Reg30OutcomeofESOP06082026.pdf
2026-08-14 04:19:21,https://www.primefocus.com/investor-centre/resources/,Allotment of ESOP 06.08.2026,https://www.primefocus.com/wp-content/uploads/2026/08/Allotment-of-ESOP_06.08.2026.pdf
2026-08-14 04:19:21,https://www.primefocus.com/investor-centre/resources/,Disclosure under Regulation 305,https://www.primefocus.com/wp-content/uploads/2026/08/Disclosure-under-Regulation-305.pdf
2026-08-14 04:19:21,https://www.primefocus.com/investor-centre/resources/,"Monitoring Agency Report June 30, 2026",https://www.primefocus.com/wp-content/uploads/2026/08/Monitoring-Agency-Report-June-30-2026.pdf
2026-08-14 04:19:21,https://assuredguaranty.com/,KBRA Affirms Assured Guaranty’s AA+ Insurance Financial Strength Ratings with Stable Outlook,https://assuredguaranty.com/images/uploads/RatingAgency-KBRA-2026-08-03-AGINC-Surveillance-Report.pdf
2026-08-14 04:19:21,https://assuredguaranty.com/,"Second Quarter 2026 Earnings Conference Call & Webcast Friday, August 7, 2026",https://assuredguaranty.com/images/uploads/2Q26_Earnings_Call_Full_Transcript.pdf
2026-08-14 04:19:19,https://www.intlseas.com/sustainability/default.aspx,INSW Sustainability Report 2025,https://s203.q4cdn.com/968379449/files/doc_downloads/esg-report/INSW_Sustainability-Report-2025.pdf
2026-08-14 04:19:19,https://www.bharatforge.com/sustainability/downloads,IGBC Green Village Final Rating Amondi Maharashtra,https://www.bharatforge.com/assets/pdf/csr/IGBC-Green-Village-Final-Rating-Amondi-Maharashtra.pdf
2026-08-14 04:19:19,https://www.bharatforge.com/sustainability/downloads,IGBC Green Village Final Review Chambali,https://www.bharatforge.com/assets/pdf/csr/IGBC-Green-Village-Final-Review-Chambali.pdf
2026-08-14 04:19:19,https://www.bharatforge.com/sustainability/downloads,IGBC Green Village Final Review Ugalewadi,https://www.bharatforge.com/assets/pdf/csr/IGBC-Green-Village-Final-Review-Ugalewadi.pdf
2026-08-14 04:19:19,https://www.bharatforge.com/sustainability/downloads,IGBC Green Village Final Review Vanpuri,https://www.bharatforge.com/assets/pdf/csr/IGBC-Green-Village-Final-Review-Vanpuri.pdf
2026-08-14 04:19:19,https://www.procredit-holding.com/downloads/,Q2 2026 Results Presentation 2,https://www.procredit-holding.com/wp-content/uploads/2026/08/Q2-2026-Results-Presentation_2.pdf
2026-08-14 04:19:19,https://www.procredit-holding.com/downloads/,Q2 2026 Interim Report,https://www.procredit-holding.com/wp-content/uploads/2026/08/Q2-2026-Interim-Report.pdf
2026-08-14 04:19:19,https://www.procredit-holding.com/downloads/,Disclosure report as of 30 June 2026,https://www.procredit-holding.com/wp-content/uploads/2026/08/Disclosure-report-as-of-30-June-2026.pdf
2026-08-14 04:19:19,https://www.procredit-holding.com/downloads/,ProCredit Impact Report 2025,https://www.procredit-holding.com/wp-content/uploads/2026/08/ProCredit-Impact-Report-2025.pdf
2026-08-14 04:19:19,https://www.procredit-holding.com/downloads/,Updated Environmental Statement 2025,https://www.procredit-holding.com/wp-content/uploads/2026/08/Updated-Environmental-Statement-2025.pdf
2026-08-14 04:19:19,https://sumichem.co.in/investors-relations.php#Governance,"Intimation of Schedule of Institutional Investors/Analyst meeting to be held on Wednesday, 19th August, 2026.",https://sumichem.co.in/content/uploads/AnalystMeet_19.08.2026_signed-10-08-2026-05-49-13.pdf
2026-08-14 04:19:19,https://sumichem.co.in/investors-relations.php#Governance,"Transcript of the 26th Annual General Meeting held on 27th July, 2026.",https://sumichem.co.in/content/uploads/26th_AGM_Transcript_FINAL-07-08-2026-12-12-45.pdf
2026-08-14 04:19:19,https://sumichem.co.in/investors-relations.php#Governance,Register of Director 30 06 2026 09 48 03,https://sumichem.co.in/content/uploads/Register of Director-30-06-2026-09-48-03.pdf
2026-08-14 04:19:19,https://www.caplinpoint.net/index.php/press-release/,12-08-2026 Change in Director,https://www.caplinpoint.net/wp-content/uploads/2026/05/Change-in-Director.pdf
2026-08-14 04:19:19,https://www.caplinpoint.net/index.php/press-release/,12-08-2026 Corporate Action,https://www.caplinpoint.net/wp-content/uploads/2026/05/Record-date-intimations.pdf
2026-08-14 04:19:19,https://www.caplinpoint.net/index.php/press-release/,12-08-2026 Outcome of Board Meeting,https://www.caplinpoint.net/wp-content/uploads/2026/08/Outcome.pdf
2026-08-14 04:19:19,https://ir.verupharma.com/,2026 08 10 Veru Reports Fiscal 2026 Third Quarter Financial 260,https://d1io3yog0oux5.cloudfront.net/_0b2cec922ba68b94a3c996f3fca92a80/verupharma/news/2026-08-10_Veru_Reports_Fiscal_2026_Third_Quarter_Financial_260.pdf
2026-08-14 04:19:19,https://ir.verupharma.com/,10-Q Filing,https://ir.verupharma.com/sec-filings/all-sec-filings/content/0001437749-26-026664/0001437749-26-026664.pdf
2026-08-14 04:19:19,https://investors.vertumotors.com/announcements/,Transaction In Own Shares,https://investors.vertumotors.com/custom/148476.pdf
2026-08-14 04:19:19,https://eupe.com.my/investors,Code of Conduct and Ethics (23072026) 0,https://eupe.com.my/sites/default/files/node/corporate-governance/files/2026-08/Code%20of%20Conduct%20and%20Ethics%20%2823072026%29_0.pdf
2026-08-14 04:19:19,https://eupe.com.my/investors,ECB Corporate Governance Report FY2026,https://eupe.com.my/sites/default/files/node/corporate-governance/files/2026-08/ECB%20-%20Corporate%20Governance%20Report%20FY2026.pdf
2026-08-14 04:19:19,https://eupe.com.my/investors,Anti Bribery and Anti Corruption Policy with forms (23072026),https://eupe.com.my/sites/default/files/node/corporate-governance/files/2026-08/Anti-Bribery%20and%20Anti-Corruption%20Policy%20with%20forms%20%2823072026%29.pdf
2026-08-14 04:19:19,https://eupe.com.my/investors,Conflict of Interest Policy with forms (23072026),https://eupe.com.my/sites/default/files/node/corporate-governance/files/2026-08/Conflict%20of%20Interest%20Policy%20with%20forms%20%2823072026%29.pdf
2026-08-14 04:19:19,https://eupe.com.my/investors,Code of Business Ethics for Business Associates (23072026),https://eupe.com.my/sites/default/files/node/corporate-governance/files/2026-08/Code%20of%20Business%20Ethics%20for%20Business%20Associates%20%2823072026%29.pdf
2026-08-14 04:19:19,https://www.jains.com/,Press Release - Q1 FY27 Results,https://www.jains.com/Company/news/PDF/JISL_Press_Release_Q1FY27.pdf
2026-08-14 04:19:19,https://hbl.in/Investors-Details.php,Financial results June 2026,https://hbl.in/reports/financial_results_30062026.pdf%20
2026-08-14 04:19:19,https://www.berentzen-gruppe.de/en/investors/reports,Group Half-Yearly Financial Report 2026,https://www.berentzen-gruppe.de/fileadmin/media/4_0_investoren/4_3-berichte/2026_Konzern-Halbjahresfinanzbericht_EN_geschuetzt.pdf
2026-08-14 04:19:19,https://www.eihltd.com/investors/disclosure/,proceedings of 76th agm,https://www.eihltd.com/-/media/eihltd/pdf-files/disclosure/annual-general-meeting/proceedings-of-76th-agm.pdf
2026-08-14 04:19:19,https://www.eihltd.com/investors/disclosure/,scrutinizer report and voting results of 76th agm,https://www.eihltd.com/-/media/eihltd/pdf-files/disclosure/annual-general-meeting/scrutinizer-report-and-voting-results-of-76th-agm.pdf
2026-08-14 04:19:19,https://www.eihltd.com/investors/disclosure/,transcript of 76th agm,https://www.eihltd.com/-/media/eihltd/pdf-files/disclosure/annual-general-meeting/transcript-of-76th-agm.pdf
2026-08-14 04:19:19,https://www.eihltd.com/investors/disclosure/,newspaper advertisement for special window for relodgement of transfer requests of physical shares06,https://www.eihltd.com/-/media/eihltd/pdf-files/disclosure/sebi-disclosures/newspaper-advertisement-for-special-window-for-relodgement-of-transfer-requests-of-physical-shares06.pdf
2026-08-14 04:19:19,https://www.eihltd.com/investors/disclosure/,update on the oberoi grand renovation,https://www.eihltd.com/-/media/eihltd/pdf-files/disclosure/sebi-disclosures/update-on-the-oberoi-grand-renovation.pdf
2026-08-14 04:19:19,https://www.eihltd.com/investors/disclosure/,Q1 FY27,https://www.eihltd.com/-/media/eihltd/pdf-files/disclosure/newspaper-advertisement-for-financial-results/q1fy27.pdf
2026-08-14 04:19:19,https://investors.scholarrock.com/investors-media/financials-filings/sec-filings,SCHEDULE 13G/A - Description,https://investors.scholarrock.com/static-files/48f642ff-d267-46ac-8a0a-3901ba2df799
2026-08-14 04:19:19,https://investors.scholarrock.com/investors-media/financials-filings/sec-filings,SCHEDULE 13G/A - Description,https://investors.scholarrock.com/static-files/42985a14-ea01-435f-8997-c2a7af5ce07b
2026-08-14 04:19:19,https://investors.scholarrock.com/investors-media/financials-filings/sec-filings,SCHEDULE 13G/A - Description,https://investors.scholarrock.com/static-files/66335ba0-3f8e-4361-bb74-24163d7ad8a7
2026-08-14 04:19:19,https://investors.scholarrock.com/investors-media/financials-filings/sec-filings,Report of unscheduled material events or corporate event,https://investors.scholarrock.com/static-files/495d1ad0-d6d0-45b4-8c6c-f7c7a1639e1a
2026-08-14 04:19:19,https://investors.scholarrock.com/investors-media/financials-filings/sec-filings,Report of unscheduled material events or corporate event,https://investors.scholarrock.com/static-files/fa248321-3003-410c-a2e4-56b1d93f302a
2026-08-14 04:19:19,https://investors.scholarrock.com/investors-media/financials-filings/sec-filings,Report of unscheduled material events or corporate event,https://investors.scholarrock.com/static-files/5a8c86a6-3fbb-43f4-bae5-e9397bc324ce
2026-08-14 04:19:19,https://investors.scholarrock.com/investors-media/financials-filings/sec-filings,Quarterly report which provides a continuing view of a company's financial position,https://investors.scholarrock.com/static-files/79e4f00b-be0c-4a04-b4df-adc25806e0f3
2026-08-14 04:19:19,https://investors.scholarrock.com/investors-media/financials-filings/sec-filings,Quarterly report which provides a continuing view of a company's financial position,https://investors.scholarrock.com/static-files/efc15022-290a-4716-b8e9-95cd435b30db
2026-08-14 04:19:19,https://investors.scholarrock.com/investors-media/financials-filings/sec-filings,Quarterly report which provides a continuing view of a company's financial position,https://investors.scholarrock.com/static-files/9bb51963-82da-4e91-8ed8-12c52dc8fcff
2026-08-14 04:19:19,https://investors.scholarrock.com/investors-media/financials-filings/sec-filings,"Form of prospectus disclosing information, facts, events covered in both forms 424B2, 424B3",https://investors.scholarrock.com/static-files/77157404-9041-48e8-95cc-96c15b6147b2
2026-08-14 04:19:19,https://investors.scholarrock.com/investors-media/financials-filings/sec-filings,"Form of prospectus disclosing information, facts, events covered in both forms 424B2, 424B3",https://investors.scholarrock.com/static-files/35ec987b-5c59-4fb7-9709-926fda54f06a
2026-08-14 04:19:19,https://investors.scholarrock.com/investors-media/financials-filings/sec-filings,"Form of prospectus disclosing information, facts, events covered in both forms 424B2, 424B3",https://investors.scholarrock.com/static-files/640b16ea-cdef-4c4b-82f4-b7dc24f7e926
2026-08-14 04:19:19,https://investors.scholarrock.com/investors-media/financials-filings/sec-filings,Report of unscheduled material events or corporate event,https://investors.scholarrock.com/static-files/515e8b5f-9d5b-4c2f-83f7-0ab693b212dd
2026-08-14 04:19:19,https://investors.scholarrock.com/investors-media/financials-filings/sec-filings,Report of unscheduled material events or corporate event,https://investors.scholarrock.com/static-files/a7d59ab4-ac4e-468d-9e01-c123c61d9736
2026-08-14 04:19:19,https://investors.scholarrock.com/investors-media/financials-filings/sec-filings,Report of unscheduled material events or corporate event,https://investors.scholarrock.com/static-files/00e2f9fa-79a3-45fe-86a5-7223545b5739
2026-08-14 04:19:19,https://investor.caretrustreit.com/overview/default.aspx,Exhibit 99 2 CTRE Q2 2026 Financial Supplement,https://s21.q4cdn.com/798411034/files/doc_earnings/2026/q2/presentation/Exhibit-99-2-CTRE-Q2-2026-Financial-Supplement.pdf
2026-08-14 04:19:19,https://investors.nlight.net/home/default.aspx,nLIGHT Q2 Earnings Release FINAL,https://s23.q4cdn.com/868502988/files/doc_financials/2026/q2/v2/nLIGHT-Q2-Earnings-Release_FINAL.pdf
2026-08-14 04:19:19,https://investors.nlight.net/home/default.aspx,nLIGHT Q2 2026 Earnings Presentation FINAL,https://s23.q4cdn.com/868502988/files/doc_financials/2026/q2/nLIGHT-Q2-2026-Earnings-Presentation_FINAL.pdf
2026-08-14 04:19:19,https://investors.nlight.net/home/default.aspx,Form 10-Q,https://d18rn0p25nwr6d.cloudfront.net/CIK-0001124796/e3d02cdc-0c0d-4526-b95f-70424fb2d4c0.pdf
2026-08-14 04:19:19,https://investor.popular.com/eng/corporate-governance/default.aspx,Corporate Governance Guidelines,https://investor.popular.com/system/files-encrypted/nasdaq_kms/assets/2026/08/10/9-59-06/Corporate%20Governance%20Guidelines.pdf
2026-08-14 04:19:19,https://investor.popular.com/eng/corporate-governance/default.aspx,2025 Insider Trading Policy,https://investor.popular.com/system/files-encrypted/nasdaq_kms/assets/2026/08/10/12-32-59/2025%20Insider%20Trading%20Policy.pdf
2026-08-14 04:19:19,https://investor.popular.com/eng/corporate-governance/default.aspx,Audit Committee Charter,https://investor.popular.com/system/files-encrypted/nasdaq_kms/assets/2026/08/10/9-52-05/Audit%20Committee%20Charter.pdf
2026-08-14 04:19:19,https://investor.popular.com/eng/corporate-governance/default.aspx,Corporate Governance & Nominating Committee Charter,https://investor.popular.com/system/files-encrypted/nasdaq_kms/assets/2026/08/10/9-57-49/Corporate%20Governance%20Nominating%20Committee%20Charter.pdf
2026-08-14 04:19:19,https://investor.popular.com/eng/corporate-governance/default.aspx,Risk Management Committee Charter,https://investor.popular.com/system/files-encrypted/nasdaq_kms/assets/2026/08/10/9-56-55/Risk%20Management%20Committee%20Charter.pdf
2026-08-14 04:19:19,https://investor.popular.com/eng/corporate-governance/default.aspx,Talent and Compensation Committee Charter,https://investor.popular.com/system/files-encrypted/nasdaq_kms/assets/2026/08/10/9-54-32/Talent%20and%20Compensation%20Committee%20Charter.pdf
2026-08-14 04:19:19,https://investor.popular.com/eng/corporate-governance/default.aspx,Technology Committee Charter,https://investor.popular.com/system/files-encrypted/nasdaq_kms/assets/2026/08/10/9-55-34/Technology%20Committee%20Charter.pdf
2026-08-14 04:19:19,https://corporate.stingray.com/financial-results/,ray q1 2027 stingray report.en,https://corporate.stingray.com/wp-content/uploads/2026/08/ray-q1-2027-stingray-report.en_.pdf
2026-08-14 04:19:19,https://corporate.stingray.com/financial-results/,Stingray Annual Report F2026,https://corporate.stingray.com/wp-content/uploads/2026/08/Stingray-Annual-Report-F2026.pdf
2026-08-14 04:19:19,https://corporate.stingray.com/financial-results/,RAY Q1FY2027 Investor Presentation Final,https://corporate.stingray.com/wp-content/uploads/2026/08/RAY-Q1FY2027-Investor-Presentation-Final.pdf
2026-08-14 04:19:19,https://www.tecsys.com/corporate-governance,"Charter for the Audit Committee for the Board of Directors (PDF, 193.90 KB)",https://www.tecsys.com/hubfs/Corporate%20Governance%20Policies/Charter%20for%20the%20Audit%20Committee%20-%20June%2029%202026%20FINAL.pdf?hsLang=en
2026-08-14 04:19:19,https://www.tecsys.com/corporate-governance,"Charter for the Compensation Committee for the Board of Directors (PDF, 200.95 KB)",https://www.tecsys.com/hubfs/Corporate%20Governance%20Policies/Charter%20for%20Compensation%20Committee%20of%20the%20BOD%20-%20June%2029%202026%20FINAL.pdf?hsLang=en
2026-08-14 04:19:19,https://www.tecsys.com/corporate-governance,Mandate for the Board of Directors June 29 2026 FINAL,https://www.tecsys.com/hubfs/Corporate%20Governance%20Policies/Mandate%20for%20the%20Board%20of%20Directors%20June%2029%202026%20FINAL.pdf?hsLang=en
2026-08-14 04:19:19,https://www.moonpig.group/investors/results-reports-and-presentations/,Supplementary Note (6 August 2026) (5.44 mb),https://www.moonpig.group/media/b1nkagac/d5a0d8f1e4b7a29c6d3e.pdf
2026-08-14 04:19:19,https://ir.curaleaf.com/,Q2 2026 Investor Presentation,https://ir.curaleaf.com/image/Curaleaf+Investor+Deck+2Q26.pdf
2026-08-14 04:19:19,https://www.shareindia.com/about-us/investor-relations,Key Information Document – KID – Series D,https://www.shareindia.com/wp-content/uploads/data/uploads/Investor_Relations_Files/KIDFinalCompleteSet.pdf
2026-08-14 04:19:19,https://www.shareindia.com/about-us/investor-relations,"Data for Investor Complaints-Depository Participant-July, 2026",https://www.shareindia.com/wp-content/uploads/data/uploads/Investor_Relations_Files/Data-for-Investor-Complaints-Depository-Participant-July-2026.pdf
2026-08-14 04:19:19,https://www.shareindia.com/about-us/investor-relations,"Data for Investor Complaints-Stock Broker-July, 2026",https://www.shareindia.com/wp-content/uploads/data/uploads/Investor_Relations_Files/Data-for-Investor-Complaints-Stock-Broker-July-2026.pdf
2026-08-14 04:19:19,https://www.shareindia.com/about-us/investor-relations,Intimation under Regulation 57 (LODR) – Certificate for status of payment of interest on Non-Convertible Debentures of the Company,https://www.shareindia.com/wp-content/uploads/data/uploads/Investor_Relations_Files/Reg57InterestPayment_10_08_2026.pdf
2026-08-14 04:19:19,https://www.shareindia.com/about-us/investor-relations,"Announcement under Regulation 30 of SEBI (LODR) Regulations, 2015– Action taken or order Passed",https://www.shareindia.com/wp-content/uploads/data/uploads/Investor_Relations_Files/Reg30Penalty_07082026signed.pdf
2026-08-14 04:19:19,https://www.shareindia.com/about-us/investor-relations,Announcement under Regulation 30 and 51 (LODR) – Newspaper Advertisement regarding Meeting of holders of Non-Convertible Debentures,https://www.shareindia.com/wp-content/uploads/data/uploads/Investor_Relations_Files/NewspaperAdvtNCD_05082026.pdf
2026-08-14 04:19:19,https://www.demire.ag/en/publications/,Presentation Half-Year Results H1 2026,https://www.demire.ag/wp-content/uploads/CC-presentation-H1-2026_final.pdf
2026-08-14 04:19:19,https://www.demire.ag/en/publications/,Half-Year Financial Report 2026,https://www.demire.ag/wp-content/uploads/DEMIRE_6M_2026_EN.pdf
2026-08-14 04:19:19,https://investors.seraprognostics.com/,PRESENT 105+Sera+Corporate+Presentation+WEB+VERSION.8.26.07,https://investors.seraprognostics.com/image/PRESENT-105+Sera+Corporate+Presentation+WEB+VERSION.8.26.07.pdf
2026-08-14 04:19:19,https://www.kimshospitals.com/investors/,Standalone and Consolidated Financials – Q1 FY 27,https://assets.kimshospitals.com/docs/production/Result_q1_2026_27_1786173125.pdf
2026-08-14 04:19:19,https://www.kimshospitals.com/investors/,Annual report 2025 26 1785932028,https://assets.kimshospitals.com/docs/production/Annual_report_2025_26_1785932028.pdf
2026-08-14 04:19:19,https://www.kimshospitals.com/investors/,Share Holding Pattern for the Quarter ended 30th June 2026,https://assets.kimshospitals.com/docs/production/Shp_30062026_1786173118.pdf
2026-08-14 04:19:19,https://www.kimshospitals.com/investors/,Transcript of invester call held on 04082026 final 1786191290,https://assets.kimshospitals.com/docs/production/Transcript_of_invester_call_held_on_04082026_final_1786191290.pdf
2026-08-14 04:19:19,https://www.kimshospitals.com/investors/,Arunodaya Hospitals Private Limited - FY 25-26,https://assets.kimshospitals.com/docs/production/Ahpl_1786384712.pdf
2026-08-14 04:19:19,https://www.kimshospitals.com/investors/,Iconkrishi Institute of Medical Sciences Private Limited - FY 25-26,https://assets.kimshospitals.com/docs/production/Icon_1786384825.pdf
2026-08-14 04:19:19,https://www.kimshospitals.com/investors/,KIMS Hospitals Enterprises Private Limited - FY 25-26,https://assets.kimshospitals.com/docs/production/Khepl_1786384863.pdf
2026-08-14 04:19:19,https://www.kimshospitals.com/investors/,KIMS Hospital Kurnool Private Limited - FY 25-26,https://assets.kimshospitals.com/docs/production/Khkpl_1786384917.pdf
2026-08-14 04:19:19,https://www.kimshospitals.com/investors/,Sarvejana Healthcare Private Limited- FY 25-26,https://assets.kimshospitals.com/docs/production/Shpl_1786384964.pdf
2026-08-14 04:19:19,https://www.kimshospitals.com/investors/,Saveera Institute of Medical Sciences Private Limited - FY 25-26,https://assets.kimshospitals.com/docs/production/Sims_1786385012.pdf
2026-08-14 04:19:19,https://www.kimshospitals.com/investors/,SPANV Medisearch Lifesciences Private Limited - FY 25-26,https://assets.kimshospitals.com/docs/production/Spanv_1786385078.pdf
2026-08-14 04:19:19,https://www.kimshospitals.com/investors/,KIMS Hospitals Bengaluru Private Limited - FY 25-26,https://assets.kimshospitals.com/docs/production/Khbpl_fy2026_final_1786427374.pdf
2026-08-14 04:19:19,https://www.kimshospitals.com/investors/,KIMS Manavata Hospitals Private Limited - FY 25-26,https://assets.kimshospitals.com/docs/production/Kmhpl_fy2026_final_1786427451.pdf
2026-08-14 04:19:19,https://www.kimshospitals.com/investors/,Kondapur Healthcare Limited - FY 25-26,https://assets.kimshospitals.com/docs/production/Khcl_fy26_1786604089.pdf
2026-08-14 04:19:19,https://www.kimshospitals.com/investors/,Meda Institute of Podiatry Private Limited - FY 25-26,https://assets.kimshospitals.com/docs/production/Mipl_fy26_1786604299.pdf
2026-08-14 04:19:19,https://www.kimshospitals.com/investors/,KIMS Hospitals Private Limited - FY 25-26,https://assets.kimshospitals.com/docs/production/Khpl_fy26_1786604603.pdf
2026-08-14 04:19:19,https://www.kimshospitals.com/investors/,KIMS Swastha Private Limited - FY 25-26,https://assets.kimshospitals.com/docs/production/Kspl_fy26_final_1786604719.pdf
2026-08-14 04:19:19,https://www.kimshospitals.com/investors/,Chalasani Hospitals Private Limited - FY 25-26,https://assets.kimshospitals.com/docs/production/Qnri_fy2026_1_signed_1786604789.pdf
2026-08-14 04:19:19,https://www.kimshospitals.com/investors/,1st Quarter ended 30th June 2026,https://assets.kimshospitals.com/docs/production/Kims_reg745_30062026_final_1786173132.pdf
2026-08-14 04:19:19,https://www.kimshospitals.com/investors/,Share Capital Audit for the quarter ended 30th June 2026,https://assets.kimshospitals.com/docs/production/Reconciliation_share_capital_audit_30062026_final_1786173143.pdf
2026-08-14 04:19:19,https://www.kimshospitals.com/investors/,Kims hospitals notice 04082026v1 page no 1 1785948397,https://assets.kimshospitals.com/docs/production/Kims_hospitals_notice_04082026v1_page_no_1_1785948397.pdf
2026-08-14 04:19:19,https://www.mapmyindia.com/investor/,MMI Earnings Call Transcript Q1FY27,https://cdn-public.mappls.com/about-mappls/assets/investor_doc/2026-27/q1/MMI_Earnings_Call_Transcript_Q1FY27.pdf
2026-08-14 04:19:19,https://www.caplinpoint.net/index.php/financials/,Caplin Point Lab Earnings Presentation Q1 FY27 V4,https://www.caplinpoint.net/wp-content/uploads/2026/08/Caplin-Point-Lab-Earnings-Presentation-Q1-FY27_V4.pdf
2026-08-14 04:19:19,https://investors.graphicpkg.com/,"We package food, beverages, and other daily consumer goods. Our packaging solutions are made primarily with renewable or recycled materials.",https://d1io3yog0oux5.cloudfront.net/_cd3fda37bb79f3a1a1a727a980d28a62/graphicpkg/db/2291/21662/downloadable_file/2Q26+GPK+Earnings+Presentation+vF.pdf
2026-08-14 04:19:19,https://www.wangzhengberhad.com/investor-relation/,WZB Quarterly Report Q2 Jun 2026,https://www.wangzhengberhad.com/wp-content/uploads/2026/08/WZB-Quarterly-Report-Q2-Jun-2026.pdf
2026-08-14 04:19:19,https://www.jindaltextiles.com/investor.php,Annual Report,https://www.jindaltextiles.com/investor-data/annualreports/JWL_AR_25-26_High Version_100826.pdf
2026-08-14 04:19:19,https://www.jindaltextiles.com/investor.php,Newspaper Advertisement 31.07.2026,https://www.jindaltextiles.com/investor-data/advertisement/31-07-2026Advertisements_JWL.pdf
2026-08-14 04:19:19,https://www.quebecor.com/en/investors/financial-documentation,Q1 Q2 Q3 Q4,https://www.quebecor.com/documents/20143/2062860/VL+6K_Q2-2026.pdf/193e28a3-62ef-09bc-c674-aaa694007655?version=1.0&t=1786038600871
2026-08-14 04:19:19,https://www.cropenergies.com/en/downloads,"General Purchase and Take Over Conditions of CropEnergies Bioethanol GmbH, Zeitz for EU-27 Grain 2026 Download (PDF, 261 KB)",https://www.cropenergies.com/fileadmin/Resources/CropEnergies/Files/Downloads/Lieferantenmanagement/2026_08_CEB_General_Purchase_and_Accepatnace_conditions_for_Grain__01_2_-_FINAL_-_UK.pdf
2026-08-14 04:19:19,https://www.cropenergies.com/en/downloads,2026 08 SZ Starch Factory General Purchase and Acceptance Conditions for Wheat V01 2026 FINAL UK,https://www.cropenergies.com/fileadmin/Resources/CropEnergies/Files/Downloads/Lieferantenmanagement/2026_08_SZ_Starch_Factory_General_Purchase_and_Acceptance_Conditions_for_Wheat_V01_2026_FINAL_UK.pdf
2026-08-14 04:19:19,https://www.cropenergies.com/en/downloads,"General Purchase and Take over Conditions for EU-27 Grain - BioWanze 2026 Download (PDF, 286 KB)",https://www.cropenergies.com/fileadmin/Resources/CropEnergies/Files/Downloads/Lieferantenmanagement/2026_BWZ_General_Purchase_and_Take_Over_Conditions_for_Grain_V_01_2026_UK.pdf
2026-08-14 04:19:19,https://www.cropenergies.com/en/downloads,"Conditions for Partner Companies, CropEnergies Bioethanol GmbH Language: German only Download (EXTERNAL LINK, 1 MB)",https://szzaoshareddiag3ivaiaba.z6.web.core.windows.net/ZAE/DE/Bedingungen_fuer_Partnerfirmen_CE_DE.pdf
2026-08-14 04:19:19,https://www.cropenergies.com/en/downloads,"Supplier Code of Conduct Download (EXTERNAL LINK, 141 KB)",https://szzaoshareddiag3ivaiaba.z6.web.core.windows.net/ZAE/SCoC/Supplier_Code_of_Conduct_EN.pdf
2026-08-14 04:19:19,https://www.cropenergies.com/en/downloads,"FSSC 22000 Certificate, Gluten, BioWanze 2026-2029 Download (PDF, 253 KB)",https://www.cropenergies.com/fileadmin/Resources/CropEnergies/Files/Downloads/Zertifikate/66051msFSSC_6_en.pdf
2026-08-14 04:19:19,https://www.cropenergies.com/en/downloads,"REDcertEU_BioWanze 2026 Download (PDF, 200 KB)",https://www.cropenergies.com/fileadmin/Resources/BioWanze/Downloads/Certificates/Certificate_REDcert_EU_BioWanze.pdf
2026-08-14 04:19:19,https://www.cropenergies.com/en/downloads,"REDcert2_BioWanze 2026 Download (PDF, 143 KB)",https://www.cropenergies.com/fileadmin/Resources/BioWanze/Downloads/Certificates/REDcert2_Certificate_BioWanze.pdf
2026-08-14 04:19:19,https://sbcgroup.com.my/investor-relations/,SBC Annual Report 2026,https://sbcgroup.com.my/wp-content/uploads/2026/08/SBC-Annual-Report-2026.pdf
2026-08-14 04:19:22,https://www.keyera.com/sustainability/sustainability-reports-and-data/,Q2 2026 Report,https://www.keyera.com/wp-content/uploads/2026/08/Q2-2026-Report.pdf
2026-08-14 04:19:22,https://www.keyera.com/sustainability/sustainability-reports-and-data/,2025 Keyera Sustainability Report,https://www.keyera.com/wp-content/uploads/2026/08/2025-Keyera-Sustainability-Report.pdf
2026-08-14 04:19:22,https://www.keyera.com/sustainability/sustainability-reports-and-data/,2025 Keyera Third Party Verification,https://www.keyera.com/wp-content/uploads/2026/08/2025-Keyera-Third-Party-Verification.pdf
2026-08-14 04:19:22,https://www.keyera.com/sustainability/sustainability-reports-and-data/,"To learn more about sustainability at Keyera, refer to the FAQ .",https://www.keyera.com/wp-content/uploads/2026/08/2025-Keyera-Sustainability-FAQ.pdf
2026-08-14 04:19:22,https://www.birlasoft.com/company/sustainability,zero liquid discharge certificate,https://www.birlasoft.com/sites/default/files/resources/downloads/zero-liquid-discharge-certificate.pdf
2026-08-14 04:19:22,https://www.birlasoft.com/company/sustainability,Zero Waste to Landfill Certificate,https://www.birlasoft.com/sites/default/files/resources/downloads/zero-waste-landfill-certificate.pdf
2026-08-14 04:19:22,https://www.ardaghmetalpackaging.com/esg/sustainability#sustainability-reports,2025 Sustainability Report (PDF 15.6 MB),https://www.ardaghmetalpackaging.com/_assets/_ca5bac1d5cb013ab4fff5e9066cf056b/ardaghmetalpackagingcorp/db/3892/39291/file/05AUG26_SR25_AMP__compressed.pdf
2026-08-14 04:19:22,http://www.manappuram.com/,Debenture Trustee Agreement,http://www.manappuram.com/sites/default/files/2026-08/DTA.pdf
2026-08-14 04:19:22,https://www.hleglascoat.com/financials/,Financial Year,https://www.hleglascoat.com/wp-content/uploads/2026/08/522215_UFR_30062026_sd.pdf
2026-08-14 04:19:22,https://www.hleglascoat.com/financials/,522215 Investor Release Q1FY27,https://www.hleglascoat.com/wp-content/uploads/2026/08/522215_Investor_Release_Q1FY27.pdf
2026-08-14 04:19:22,https://www.hleglascoat.com/updates-announcements/,"Newspaper publication of Standalone & Consolidated Unaudited Financial Results for the Quarter ended June 30, 2026",https://www.hleglascoat.com/wp-content/uploads/2026/08/NEWSPAPERADVERTISEMENT_UFRQ12026-27_sd.pdf
2026-08-14 04:19:22,https://www.hleglascoat.com/updates-announcements/,Outcome of Board Meeting held on 10.08.2026,https://www.hleglascoat.com/wp-content/uploads/2026/08/522215_Outcome_of_BM_10082026_sd.pdf
2026-08-14 04:19:22,http://www.jains.com/,Press Release - Q1 FY27 Results,http://www.jains.com/Company/news/PDF/JISL_Press_Release_Q1FY27.pdf
2026-08-14 04:19:22,http://www.jains.com/,Investor Presentation Q1 & FY27,http://www.jains.com/Company/news/PDF/JISL_Financial_Performance_Q1FY27.pdf
2026-08-14 04:19:22,https://gacl.com/csr/,Impact Assessment Report FY 2025 26,https://gacl.com/wp-content/uploads/2026/08/Impact-Assessment-Report-FY-2025-26.pdf
2026-08-14 04:19:22,https://www.dalmiasugar.com/investors/,Outcome of BM 07.08.26,https://www.dalmiasugar.com/wp-content/uploads/2026/08/Outcome-of-BM_07.08.26.pdf
2026-08-14 04:19:22,https://www.relaxofootwear.com/pages/financial-results,Outcome Financial Results 13082026 signed,https://cdn.shopify.com/s/files/1/0673/0003/2740/files/Outcome_Financial_Results_13082026_signed.pdf?v=1786623310
2026-08-14 04:19:22,http://www.eihltd.com/investors/quarterly-results/,Financial Year Quarterly Results,http://www.eihltd.com/-/media/eihltd/pdf-files/financial-results/2026-2027/eihq1.pdf
2026-08-14 04:19:22,https://ir.melisron.co.il/,דוח כספי PDF,https://ir.melisron.co.il/wp-content/uploads/2026/08/%D7%93%D7%95%D7%97-%D7%AA%D7%A7%D7%95%D7%A4%D7%AA%D7%99-6.26-%D7%9E%D7%95%D7%A0%D7%92%D7%A9.pdf
2026-08-14 04:19:22,https://ir.melisron.co.il/,מצגת משקיעים PDF,https://ir.melisron.co.il/wp-content/uploads/2026/08/%D7%9E%D7%A6%D7%92%D7%AA-%D7%A9%D7%95%D7%A7-%D7%94%D7%94%D7%95%D7%9F-30.06.26-%D7%9E%D7%95%D7%A0%D7%92%D7%A9.pdf
2026-08-14 04:19:22,https://ir.melisron.co.il/en/,דוח תקופתי מתורגם announcement,https://ir.melisron.co.il/wp-content/uploads/2026/08/%D7%93%D7%95%D7%97-%D7%AA%D7%A7%D7%95%D7%A4%D7%AA%D7%99-%D7%9E%D7%AA%D7%95%D7%A8%D7%92%D7%9D_announcement.pdf
2026-08-14 04:19:22,https://ir.melisron.co.il/en/,Capital Market Presentation 30 06 26 EN edited announcement,https://ir.melisron.co.il/wp-content/uploads/2026/08/Capital_Market_Presentation_30_06_26_EN_edited_announcement.pdf
2026-08-14 04:19:22,https://ir.melisron.co.il/financiel-reports/,Q2 13/08/2026 רבעון שני 2026 דוח כספי אנגלית דוח כספי מצגת משקיעים שיחת משקיעים,https://ir.melisron.co.il/wp-content/uploads/2026/08/דוח-תקופתי-6.26-מונגש.pdf
2026-08-14 04:19:22,https://ir.melisron.co.il/financiel-reports/,Q2 13/08/2026 רבעון שני 2026 דוח כספי אנגלית דוח כספי מצגת משקיעים שיחת משקיעים,https://ir.melisron.co.il/wp-content/uploads/2026/08/דוח-תקופתי-מתורגם_announcement.pdf
2026-08-14 04:19:22,https://ir.melisron.co.il/financiel-reports/,Q2 13/08/2026 רבעון שני 2026 דוח כספי אנגלית דוח כספי מצגת משקיעים שיחת משקיעים,https://ir.melisron.co.il/wp-content/uploads/2026/08/מצגת-שוק-ההון-30.06.26-מונגש.pdf
2026-08-14 04:19:22,https://www.amot.co.il/,"מניית אמות ▲ +0.69% AMOT:TASE 1,903.00",https://www.amot.co.il/wp-content/uploads/2026/08/דוח-רבעוני-ליום-30-ביוני-2026.pdf
2026-08-14 04:19:22,https://www.amot.co.il/,"מניית אמות ▲ +0.69% AMOT:TASE 1,903.00",https://www.amot.co.il/wp-content/uploads/2026/08/מצגת-לשוק-ההון-רבעון-שני-30.6.26.pdf
2026-08-14 04:19:22,https://www.amot.co.il/en/investor-relations/,Quarterly Report 30.06.26 11.08.2026,https://www.amot.co.il/wp-content/uploads/2026/08/Amotcapital-6.26.pdf
2026-08-14 04:19:22,https://www.amot.co.il/en/investor-relations/,Results Presentation 30.06.26 11.08.2026,https://www.amot.co.il/wp-content/uploads/2026/08/מצגת-שוק-ההון-אנגלית-לאתר.pdf
2026-08-14 04:19:22,https://www.amot.co.il/en/investor-relations/,IR announcement Q2.26 11.08.2026,https://www.amot.co.il/wp-content/uploads/2026/08/IR-announcement-Q2.26.pdf
2026-08-14 04:19:22,https://www.norwegian.com/en/about/company/investor-relations/reports-and-presentations/,traffic report july 2026,https://www.norwegian.com/globalassets/ip/documents/about-us/company/investor-relations/reports-and-presentations/monthly-traffic-figures/2026/traffic-report-july-2026.pdf
2026-08-14 04:19:22,https://qic-group.com/annual-reports/,Investor Presentations Q2 2026,https://s3-qicgroup.s3.ap-southeast-1.amazonaws.com/PR+QIC+GROUP/2026/Website/Q2/Q2+Investor+Presentation+2026.pdf
2026-08-14 04:19:22,https://qic-group.com/annual-reports/,QIC Earnings Release H1 2026 EN+Final,https://s3-qicgroup.s3.ap-southeast-1.amazonaws.com/PR+QIC+GROUP/2026/Website/Q2/QIC_Earnings_Release_H1_2026_EN+Final.pdf
2026-08-14 04:19:22,https://qic-group.com/annual-reports/,Earnings Release Q2 - 2026,https://s3-qicgroup.s3.ap-southeast-1.amazonaws.com/PR+QIC+GROUP/2026/Website/Q2/QIC+FS+Jun+2026+EN+Signed.pdf
2026-08-14 04:19:22,https://qic-group.com/investor-relations-overview/,QIC Earnings Release H1 2026 AR+Final,https://s3-qicgroup.s3.ap-southeast-1.amazonaws.com/PR+QIC+GROUP/2026/Website/Q2/QIC_Earnings_Release_H1_2026_AR+Final.pdf
2026-08-14 04:19:22,https://qic-group.com/investor-relations-overview/,QIC+FS+June+2026+AR+Signed,https://s3-qicgroup.s3.ap-southeast-1.amazonaws.com/PR+QIC+GROUP/2026/Website/Q2/QIC+FS+June+2026+AR+Signed.pdf
2026-08-14 04:19:22,https://www.synthomer.com/investor-relations/results-reports-and-presentations/,Interim Report (743KB) Presentation (1009KB) Webcast,https://www.synthomer.com/media/tt3mb3uw/260804-synt-h126-presf.pdf
2026-08-14 04:19:22,https://www.merchantstrust.co.uk/,fact sheet merchants the merchants trust plc 31 07 26,https://www.merchantstrust.co.uk/-/media/allianzgi/eu/merchants-trust/docs/fact-sheet/2026/fact-sheet-merchants-the-merchants-trust-plc-31-07-26.pdf?rev=-1
2026-08-14 04:19:22,https://shareholders.ocwen.com/corporate-governance,Onity Group 2nd Quarter 2026 Earnings View Presentation 1 MB,https://shareholders.ocwen.com/static-files/9b640f54-ce65-427f-bf60-aa64d4841130
2026-08-14 04:19:22,https://www.alicoinc.com/investors,2026 08 10 Alico Inc Announces Financial Results for the 1463,https://d1io3yog0oux5.cloudfront.net/_6ae9bd51a8d63023d09c2b49aad0b15c/alicoinc/news/2026-08-10_Alico_Inc_Announces_Financial_Results_for_the_1463.pdf
2026-08-14 04:19:22,https://www.alicoinc.com/investors,10-Q Filing,https://ir.alicoinc.com/all-sec-filings/content/0000003545-26-000043/0000003545-26-000043.pdf
2026-08-14 04:19:22,http://investors.ceva-dsp.com/,Ceva Q2 2026 Prepared Remarks,https://www.ceva-ip.com/wp-content/uploads/Ceva_Q2_2026_Prepared_Remarks.pdf
2026-08-14 04:19:22,http://investors.ceva-dsp.com/,Ceva Earnings Infographic Q226,https://www.ceva-ip.com/wp-content/uploads/Ceva_Earnings-Infographic_Q226.pdf
2026-08-14 04:19:22,https://www.banknordik.com/en/reports/risk-management-reports,Additional Pillar III Disclosures H1 2026,https://www.banknordik.com/en/reports/-/media/9e8ed2e82aab473cbb2d392c53899a2c.ashx
2026-08-14 04:19:22,https://www.banknordik.com/en/reports/risk-management-reports,Additional Pillar III Disclosures H1 2026,https://www.banknordik.com/en/reports/-/media/446690f5ebd54df78108c2b755b76b3d.ashx
