date,company,document_title,document_url
2026-05-28 12:59:13,https://www.equinix.com/about/sustainability/document-center,"2025 Modern Slavery Act Australia, Canada, UK",https://www.equinix.com/content/dam/eqxcorp/en_us/documents/about/legal/le_modern_slavery_act_en.pdf
2026-05-28 12:59:13,https://investors.airbnb.com/governance/default.aspx#esg,Airbnb Code of Ethics 052726 bf8dcb,https://s26.q4cdn.com/656283129/files/doc_document_list/2026/May/27/Airbnb-Code-of-Ethics-052726-bf8dcb.pdf
2026-05-29 12:04:04,https://www.tatasteel.com/investors/integrated-reportannual-report/integrated-report-annual-accounts-2025-26-119th-year-and-related-documents/,"Annual Return in form MGT-7 as on March 31, 2026",https://www.tatasteel.com/media/25764/annual-mgt-7.pdf
2026-05-30 10:37:10,https://www.eogresources.com/sustainability/,EEO-1 Report (as filed in June 2025),https://www.eogresources.com/documents/2025_Trade_Association_Memberships.pdf
2026-05-31 08:29:14,https://www.tatasteel.com/investors/integrated-reportannual-report/integrated-report-annual-accounts-2025-26-119th-year-and-related-documents/,"Annual Return in form MGT-7 as on March 31, 2026",https://www.tatasteel.com/media/25778/annual-mgt-7.pdf
2026-06-01 23:19:31,https://www.nrg.com/sustainability/reporting.hthttps://www.nrg.com/sustainability/reporting.html,2025 3rd party assured ghg emissions report,https://www.nrg.com/assets/documents/sustainability/2025-3rd-party-assured-ghg-emissions-report.pdf
2026-06-02 19:12:31,https://www.tatasteel.com/investors/integrated-reportannual-report/integrated-report-annual-accounts-2025-26-119th-year-and-related-documents/,Newspaper Advertisement of the 119th Annual General Meeting for registration of e-mail IDs (English),https://www.tatasteel.com/media/25849/english-advertisement.pdf
2026-06-02 19:12:31,https://www.tatasteel.com/investors/integrated-reportannual-report/integrated-report-annual-accounts-2025-26-119th-year-and-related-documents/,Newspaper Advertisement of the 119th Annual General Meeting for registration of e-mail IDs (Marathi),https://www.tatasteel.com/media/25848/marathi-advertisement.pdf
2026-06-02 19:12:31,https://www.biontech.com/int/en/home/about/responsibility/sustainability-and-responsibility.html,Modern Slavery Statement 2024,https://investors.biontech.de/static-files/37b731bd-271e-4796-8042-dd8ee9c6d80d
2026-06-02 19:12:31,https://bel-india.in/investors/#annualreports,Annual Report 2020 21,https://bel-india.in/wp-content/uploads/2026/06/Annual-Report-2020-21.pdf
2026-06-03 19:08:48,https://ir.bookingholdings.com/governance/governance-documents/default.aspx,Booking Holdings Inc DE Domestic Amendments 2 6e17ec,https://s201.q4cdn.com/865305287/files/doc_document_list/2026/Jun/03/Booking-Holdings-Inc-DE-Domestic-Amendments-2-6e17ec.pdf
2026-06-04 18:10:44,https://www.tatasteel.com/investors/integrated-reportannual-report/integrated-report-annual-accounts-2025-26-119th-year-and-related-documents/,11th Integrated Report & 119th Annual Accounts for FY2025-26,https://www.tatasteel.com/media/25904/tatasteel-iar-2025-26.pdf
2026-06-04 18:10:44,https://www.tatasteel.com/investors/integrated-reportannual-report/integrated-report-annual-accounts-2025-26-119th-year-and-related-documents/,Notice of the 119th Annual General Meeting,https://www.tatasteel.com/media/25898/notice.pdf
2026-06-04 18:10:44,https://www.tatasteel.com/investors/integrated-reportannual-report/integrated-report-annual-accounts-2025-26-119th-year-and-related-documents/,Physical letter sent to security holders providing exact pathway of the Integrated Report,https://www.tatasteel.com/media/25908/physical-letter-to-security-holders.pdf
2026-06-04 18:10:44,https://www.tatasteel.com/investors/integrated-reportannual-report/integrated-report-annual-accounts-2025-26-119th-year-and-related-documents/,Business Responsibility and Sustainability Report FY2025-26,https://www.tatasteel.com/media/25901/brsr.pdf
2026-06-04 18:10:44,https://www.tatasteel.com/investors/integrated-reportannual-report/integrated-report-annual-accounts-2025-26-119th-year-and-related-documents/,Independent Assurance Statement on Non-Financial Reporting (Limited Assurance Report),https://www.tatasteel.com/media/25899/brsr-limited-assurance-report.pdf
2026-06-04 18:10:44,https://www.tatasteel.com/investors/integrated-reportannual-report/integrated-report-annual-accounts-2025-26-119th-year-and-related-documents/,Independent Assurance Statement on Non-Financial Reporting (Reasonable Assurance Report),https://www.tatasteel.com/media/25900/brsr-reasonable-assurance-report.pdf
2026-06-04 18:10:44,https://ir.amwater.com/sustainability/data-disclosures/default.aspx,2025 Sustainability Data Summary,https://s26.q4cdn.com/750150140/files/doc_downloads/esg_docs/2026/2025-Sustainability-Data-Summary.pdf
2026-06-04 18:10:44,https://ir.amwater.com/sustainability/data-disclosures/default.aspx,American Water Response to Shareholder Proposal Withdrawal,https://s26.q4cdn.com/750150140/files/doc_downloads/esg_docs/2026/American-Water-Response-to-Shareholder-Proposal-Withdrawal.pdf
2026-06-04 18:10:44,https://www.pembina.com/sustainability/esg-data-reports,2025 Pembina ESG Report 150,https://www.pembina.com/getmedia/7dcbd5e6-5745-4841-8ac6-b1ebc1f4bbed/2025-Pembina-ESG-Report_150.pdf
2026-06-04 18:10:44,https://evolutionmining.com/document-centre/#corporate-governance#tax-governance-statements,2025 Annual Review Report,https://evolutionmining.com/wp-content/uploads/2025-annual-review-report.pdf
2026-06-04 18:10:44,https://evolutionmining.com/document-centre/#corporate-governance#tax-governance-statements,annual compliance report epbc 2017 7989 1,https://evolutionmining.com/wp-content/uploads/annual-compliance-report-epbc-2017-7989-1.pdf
2026-06-05 17:40:22,https://www.tatasteel.com/investors/integrated-reportannual-report/integrated-report-annual-accounts-2025-26-119th-year-and-related-documents/,"Annual Return in form MGT-7 as on March 31, 2026",https://www.tatasteel.com/media/25921/annual-mgt-7.pdf
2026-06-05 17:40:22,https://www.tatasteel.com/sustainability/governance/taskforce-on-nature-related-financial-disclosures-tnfd-reports/,ts bsense 3 june 2026,https://www.tatasteel.com/media/25752/ts-bsense-3-june-2026.pdf
2026-06-05 17:40:22,https://www.tatasteel.com/sustainability/governance/taskforce-on-nature-related-financial-disclosures-tnfd-reports/,bsense,https://www.tatasteel.com/media/25903/bsense.pdf
2026-06-05 17:40:22,https://www.tatasteel.com/sustainability/governance/taskforce-on-nature-related-financial-disclosures-tnfd-reports/,ts bsense 4 june 2026,https://www.tatasteel.com/media/25753/ts-bsense-4-june-2026.pdf
2026-06-05 17:40:22,https://www.tatasteel.com/sustainability/governance/taskforce-on-nature-related-financial-disclosures-tnfd-reports/,ts bsense 2 june 2026,https://www.tatasteel.com/media/25751/ts-bsense-2-june-2026.pdf
2026-06-05 17:40:22,https://www.tatasteel.com/sustainability/governance/taskforce-on-nature-related-financial-disclosures-tnfd-reports/,bsense earnings call intimation,https://www.tatasteel.com/media/25737/bsense-earnings-call-intimation.pdf
2026-06-05 17:40:22,https://www.tatasteel.com/sustainability/governance/taskforce-on-nature-related-financial-disclosures-tnfd-reports/,ts bsense analyst institutional meeting,https://www.tatasteel.com/media/25734/ts-bsense-analyst-institutional-meeting.pdf
2026-06-05 17:40:22,https://www.tatasteel.com/sustainability/governance/taskforce-on-nature-related-financial-disclosures-tnfd-reports/,tata steel limited announcement earning discussion,https://www.tatasteel.com/media/25695/tata-steel-limited-announcement-earning-discussion.pdf
2026-06-05 17:40:22,https://chandra-asri.com/en/sustainability/reports-and-publications,ChandraAsriSustainabilityReport2025Assurance en 1780647927,https://comsite-s3.s3.ap-southeast-3.amazonaws.com/images/post/ChandraAsriSustainabilityReport2025Assurance_en_1780647927.pdf
2026-06-06 16:51:52,https://www.tatasteel.com/sustainability/governance/taskforce-on-nature-related-financial-disclosures-tnfd-reports/,tsnbv fy 25 26,https://www.tatasteel.com/media/25923/tsnbv-fy-25-26.pdf
2026-06-06 16:51:52,https://www.tatasteel.com/sustainability/governance/taskforce-on-nature-related-financial-disclosures-tnfd-reports/,tsnhbv fy 25 26,https://www.tatasteel.com/media/25922/tsnhbv-fy-25-26.pdf
2026-06-08 18:23:40,https://www.sanlam.com/financial-reporting,amended sanlam limited moi 2025,https://www.sanlam.com/downloads/governance/2026/amended-sanlam-limited-moi-2025.pdf
2026-06-09 17:46:49,https://www.tatasteel.com/investors/integrated-reportannual-report/integrated-report-annual-accounts-2025-26-119th-year-and-related-documents/,newspaper advertisement of the 119th annual general meeting post dispatch english,https://www.tatasteel.com/media/25950/newspaper-advertisement-of-the-119th-annual-general-meeting-post-dispatch-english.pdf
2026-06-09 17:46:49,https://www.tatasteel.com/investors/integrated-reportannual-report/integrated-report-annual-accounts-2025-26-119th-year-and-related-documents/,newspaper advertisement of the 119th annual general meeting post dispatch marathi,https://www.tatasteel.com/media/25951/newspaper-advertisement-of-the-119th-annual-general-meeting-post-dispatch-marathi.pdf
2026-06-09 17:46:49,https://www.tatasteel.com/sustainability/governance/taskforce-on-nature-related-financial-disclosures-tnfd-reports/,cgl fy 25 26,https://www.tatasteel.com/media/25946/cgl-fy-25-26.pdf
2026-06-09 17:46:49,https://sunpharma.com/policies/,Policy for determining Materiality of events or infomation for FY 2026 27,https://sunpharma.com/wp-content/uploads/2026/06/Policy-for-determining-Materiality-of-events-or-infomation-for-FY-2026-27.pdf
2026-06-09 17:46:49,https://evolutionmining.com/document-centre/#corporate-governance#tax-governance-statements,202604 published environmental monitoring data,https://evolutionmining.com/wp-content/uploads/202604-published-environmental-monitoring-data.pdf
2026-06-09 17:46:36,https://www.nutanix.com/solutions/sustainability-and-it,professional services service descriptions,https://www.nutanix.com/content/dam/nutanix/en/resources/service-descriptions/professional-services-service-descriptions.pdf
2026-06-10 18:26:27,https://www.sanlam.com/sustainability,climate related disclosures report 2025,https://www.sanlam.com/downloads/sustainability-reports/2025/climate-related-disclosures-report-2025.pdf
2026-06-10 18:26:27,https://www.sanlam.com/shareholder-information,Results of the Annual General Meeting,http://www.profiledata.co.za/JSE_SENS_PDF/history/2026/06/10/SENS_20260610_S522600.pdf
2026-06-10 18:26:27,https://www.sanlam.com/shareholder-information,Notice Of Availability Of Sanlam’s 2025 C...,http://www.profiledata.co.za/JSE_SENS_PDF/history/2026/06/10/SENS_20260610_S522542.pdf
2026-06-10 18:26:27,https://ctp.eu/investors/governance/,Suppliers Code of Conduct Other Languages: CZ SK RO HU DE PL SR BG IT VI,https://ctp.eu/files/2026/06/Codice-di-condotta-dei-fornitori-del-Gruppo-CTP-2022.pdf
2026-06-11 18:48:19,https://www.tatasteel.com/sustainability/governance/taskforce-on-nature-related-financial-disclosures-tnfd-reports/,tsel fy 25 26,https://www.tatasteel.com/media/25953/tsel-fy-25-26.pdf
2026-06-12 18:02:13,https://www.tatasteel.com/sustainability/governance/taskforce-on-nature-related-financial-disclosures-tnfd-reports/,tsel fy 25 26,https://www.tatasteel.com/media/25957/tsel-fy-25-26.pdf
2026-06-12 18:02:13,https://www.strabag.com/en/investor-relations-en/news-and-events/annual-general-meeting,Presentation AGM 2026 (German) pdf ∙ 11 MB 12 June 2026,https://www.strabag.com/site/strabag-company-locale/get/params_E-1590849557/2542454/STRABAG%20SE_Pr%C3%A4sentation_HV%202026.pdf
2026-06-12 18:02:13,https://www.strabag.com/en/investor-relations-en/news-and-events/annual-general-meeting,Speech of the CEO at the STRABAG SE AGM 2026 (German) pdf ∙ 296 KB 12 June 2026,https://www.strabag.com/site/strabag-company-locale/get/params_E1266319372/2542458/STRABAG%20SE_Rede%20CEO_HV%202026_clean.pdf
2026-06-12 18:02:13,https://www.strabag.com/en/investor-relations-en/news-and-events/annual-general-meeting,Results of the vote pdf ∙ 129 KB 12 June 2026 Dividend announcement pdf ∙ 110 KB 12 June 2026,https://www.strabag.com/site/strabag-company-locale/get/params_E-587453221/2542101/AbstimmergebnisseEN-STRABAG_SE-12_06_2026.pdf
2026-06-12 18:02:13,https://www.strabag.com/en/investor-relations-en/news-and-events/annual-general-meeting,Results of the vote pdf ∙ 129 KB 12 June 2026 Dividend announcement pdf ∙ 110 KB 12 June 2026,https://www.strabag.com/site/strabag-company-locale/get/params_E-455743867/2542104/STRABAG%20SE_Dividendenbekanntmachung%20GJ%202025_e.pdf
2026-06-12 18:02:13,https://www.strabag.com/en/investor-relations-en/news-and-events/annual-general-meeting,Notice of the 22nd AGM of STRABAG SE for 12 June 2026 pdf ∙ 266 KB 13 May 2026,https://www.strabag.com/site/strabag-company-locale/get/params_E1835231607/2542061/STRABAG%20SE_Notice%20of%2022nd%20Annual%20General%20Meeting%20of%20STRABAG%20SE.pdf
2026-06-12 18:02:13,https://www.boozallen.com/about/annual-reports.html,2026 ghg verification statement,https://www.boozallen.com/content/dam/home/docs/corp/reports/2026-ghg-verification-statement.pdf
2026-06-12 18:02:13,https://www.boozallen.com/about/annual-reports.html,notice of 2026 annual meeting of stockholders and proxy statement,https://www.boozallen.com/content/dam/home/docs/corp/reports/notice-of-2026-annual-meeting-of-stockholders-and-proxy-statement.pdf
2026-06-12 18:02:13,https://www.boozallen.com/about/annual-reports.html,2026 annual report on form 10 k,https://www.boozallen.com/content/dam/home/docs/corp/reports/2026-annual-report-on-form-10-k.pdf
2026-06-12 18:02:13,https://www.boozallen.com/about/annual-reports.html,2026 ghg emissions report,https://www.boozallen.com/content/dam/home/docs/corp/reports/2026-ghg-emissions-report.pdf
2026-06-15 19:27:20,https://www.nutanix.com/solutions/sustainability-and-it,professional services service descriptions admin,https://www.nutanix.com/content/dam/nutanix/en/resources/service-descriptions/professional-services-service-descriptions-admin.pdf
2026-06-15 19:27:20,https://www.nutanix.com/solutions/sustainability-and-it,professional services service descriptions cisco,https://www.nutanix.com/content/dam/nutanix/en/resources/service-descriptions/professional-services-service-descriptions-cisco.pdf
2026-06-15 19:27:20,https://ctp.eu/investors/governance/,Code of Conduct Other Languages: CZ SK RO HU DE PL SR BG IT VI,https://ctp.eu/files/2026/06/CTP-Group-Code-of-Conduct-ENG-12-2022-it.pdf
2026-06-15 19:27:20,https://ctp.eu/investors/governance/,Code of Conduct Other Languages: CZ SK RO HU DE PL SR BG IT VI,https://ctp.eu/files/2026/06/CTP-Group-Code-of-Conduct-ENG-12-2022-vi.pdf
2026-06-16 19:15:06,https://investors.quantaservices.com/corporate-governance/governance-documents,QSCanada Modern Slavery Report 2025 v1.2,https://investors.quantaservices.com/_assets/_70bbed3a12adae6500dbda264b4b40b0/quantaservices/db/904/10321/file/QSCanada-Modern_Slavery_Report-2025_v1.2.pdf
2026-06-16 19:15:06,https://bel-india.in/investors/#annualreports,"RPT Disclosure for 31st March, 2026 - [pdf, 57 KB]",https://bel-india.in/wp-content/uploads/2026/06/RPT-Disclosure-for-31st-March-2026.pdf
2026-06-17 18:14:33,https://www.gehealthcare.com/en-us/about/sustainability,GEHC 2025 Sustainability Report,https://www.gehealthcare.com/content/dam/gehc/global/about/sustainability/reports/documents/GEHC-2025-Sustainability-Report.pdf
2026-06-17 18:14:35,https://www.sanlam.com/shareholder-information,Dealings by Sanlam Limited Share Incentiv...,http://www.profiledata.co.za/JSE_SENS_PDF/history/2026/06/17/SENS_20260617_S522852.pdf
2026-06-17 18:14:35,https://www.sanlam.com/shareholder-information,"Director, company secretary and director ...",http://www.profiledata.co.za/JSE_SENS_PDF/history/2026/06/17/SENS_20260617_S522853.pdf
2026-06-17 18:14:35,https://www.stantec.com/en/about/sustainability,stantec carbon reduction plan uk,https://www.stantec.com/content/dam/stantec/files/PDFAssets/Policies/stantec-carbon-reduction-plan-uk.pdf
2026-06-17 18:14:35,https://ctp.eu/investors/governance/,Whistleblower Policy Other Languages: CZ SK RO HU DE PL SR BG AT NL IT VI,https://ctp.eu/files/2026/06/Group-Whistleblowing-Policy-2025_final-it.pdf
2026-06-17 18:14:35,https://ctp.eu/investors/governance/,Whistleblower Policy Other Languages: CZ SK RO HU DE PL SR BG AT NL IT VI,https://ctp.eu/files/2026/06/Group-Whistleblowing-Policy-2025_final-vt.pdf
2026-06-18 18:29:22,https://www.iairgroup.com/investors-and-shareholders/shareholders/annual-shareholders-meeting-2026/,iag agm 2026 resolutions approved,https://www.iairgroup.com/media/dbrlttms/iag-agm-2026-resolutions-approved.pdf
2026-06-19 17:30:21,https://www.ril.com/investors/financial-reporting/online-annual-report,Independent Assurance on Sustainability Disclosures,https://www.ril.com/ar2025-26/pdf/Assurance Report.pdf
2026-06-19 17:30:21,https://www.ril.com/investors/financial-reporting/online-annual-report,Corporate Governance Report,https://www.ril.com/ar2025-26/pdf/04_RIL IR 2025-26_CGR_270526.pdf
2026-06-19 17:30:21,https://www.ril.com/investors/financial-reporting/online-annual-report,05 RIL IR 2025 26 BR 270526,https://www.ril.com/ar2025-26/pdf/05_RIL IR 2025-26_BR_270526.pdf
2026-06-19 17:30:21,https://www.ril.com/investors/financial-reporting/online-annual-report,06 RIL IAR 2025 26 Standalone 22 05 26,https://www.ril.com/ar2025-26/pdf/06_RIL_IAR_2025-26_Standalone_22-05-26.pdf
2026-06-19 17:30:21,https://www.ril.com/investors/financial-reporting/online-annual-report,07 RIL IAR 2025 26 Consolidated 22 05 26,https://www.ril.com/ar2025-26/pdf/07_RIL_IAR_2025-26_Consolidated_22-05-26.pdf
2026-06-19 17:30:21,https://www.ril.com/investors/financial-reporting/online-annual-report,RIL IAR 2026,https://www.ril.com/ar2025-26/RIL_IAR 2026.pdf
2026-06-19 17:30:21,https://www.ril.com/investors/financial-reporting/online-annual-report,Business Responsibility & Sustainability Report 2025-26,https://www.ril.com/ar2025-26/pdf/BRSR202526.pdf
2026-06-19 17:30:21,https://www.ril.com/investors/financial-reporting/online-annual-report,Corporate Social Responsibility Report 2025-26,https://www.ril.com/ar2025-26/pdf/CSR2025-26.pdf
2026-06-19 17:30:21,https://www.ril.com/investors/financial-reporting/online-annual-report,Online Annual Report 2025-26,https://www.ril.com/ar2025-26/RIL_IAR%202026.pdf
2026-06-19 17:43:13,https://bel-india.in/investors/#annualreports,List of Equity shares to be transferred to IEPF Authority Final Dividend 2018 19,https://bel-india.in/wp-content/uploads/2026/06/List-of-Equity-shares-to-be-transferred-to-IEPF-Authority_Final-Dividend-2018-19.pdf
2026-06-19 17:43:11,https://www.strabag.com/en/investor-relations-en/news-and-events/annual-general-meeting,AMENDED Dividend announcement pdf ∙ 86 KB 19 June 2026 Results of the vote pdf ∙ 129 KB 12 June,https://www.strabag.com/site/strabag-company-locale/get/params_E1261679884/2565883/STRABAG%20SE_Ge%C3%A4nderte%20Dividendenbekanntmachung%20GJ%202025_e.pdf
2026-06-20 17:14:22,https://www.crowncork.com/sustainability/reporting,™ program and other areas of our sustainability journey. It covers the fiscal year 2025.,https://www.crowncork.com/sites/default/files/2026-06/CrownHoldings_SustainabilityReport_2025_0.pdf
2026-06-20 17:14:22,https://www.crowncork.com/sustainability/reporting,"As Early Adopters to the Taskforce on Nature Related Financial Disclosures, our",https://www.crowncork.com/sites/default/files/2026-06/TNFDCrown25_o.pdf
2026-06-20 17:14:22,https://www.crowncork.com/sustainability/reporting,"As committed leaders in sustainability, Crown is working towards decarbonization goals for 2030 and beyond towards net-zero ambition. The",https://www.crowncork.com/sites/default/files/2026-06/Climatetransitionplan2025.pdf
2026-06-20 17:14:22,https://www.crowncork.com/sustainability/reporting,"Scope 1 and Scope 2, Scope 3, Water",https://www.crowncork.com/sites/default/files/2026-06/RY2025Verification.pdf
2026-06-20 17:14:22,https://www.crowncork.com/sustainability/reporting,GRI Independent Assurance Statement,https://www.crowncork.com/sites/default/files/2026-06/RY2025GRIVerification.pdf
2026-06-22 19:10:09,https://www.publicbankgroup.com/investor-relations/general-meetings/2026/,minutes of pbb 60th agm,https://www.publicbankgroup.com/media/2pxjuagm/minutes-of-pbb-60th-agm.pdf
2026-06-22 19:10:09,https://www.publicbankgroup.com/investor-relations/general-meetings/2026/,Presentation Slides on PBB Group's Performance in 2025,https://www.publicbankgroup.com/media/pnoggjii/presentation-slides-on-pbb-groups-performance-in-2025.pdf
2026-06-22 19:10:09,https://www.publicbankgroup.com/investor-relations/general-meetings/2026/,attachment i summary of questions submitted by shareholders proxies corporate representatives before the agm,https://www.publicbankgroup.com/media/azyh51sb/attachment-i-summary-of-questions-submitted-by-shareholders-proxies-corporate-representatives-before-the-agm.pdf
2026-06-22 19:10:09,https://www.publicbankgroup.com/investor-relations/general-meetings/2026/,attachment ii summary of questions submitted by shareholders proxies corporate representatives online during the agm,https://www.publicbankgroup.com/media/ueffkmfl/attachment-ii-summary-of-questions-submitted-by-shareholders-proxies-corporate-representatives-online-during-the-agm.pdf
2026-06-22 19:10:09,https://www.publicbankgroup.com/investor-relations/general-meetings/2026/,Attachment III - Summary of Questions Posed by Shareholders/Proxies/Corporate Representatives Present in Person at the Main Venue of the AGM,https://www.publicbankgroup.com/media/rudltpsq/attachment-iii-summary-of-questions-posed-by-shareholders-proxies-corporate-representatives-present-in-person-at-the.pdf
2026-06-22 19:10:09,https://www.publicbankgroup.com/investor-relations/general-meetings/2026/,minutes of pbb egm,https://www.publicbankgroup.com/media/bzspjllq/minutes-of-pbb-egm.pdf
2026-06-22 19:10:09,https://www.publicbankgroup.com/investor-relations/general-meetings/2026/,"Presentation Slides by Principal Adviser, Public Investment Bank Bhd",https://www.publicbankgroup.com/media/nzzjapa4/presentation-slides-by-pricipal-adviser-public-investment-bank-bhd.pdf
2026-06-22 19:10:09,https://www.publicbankgroup.com/investor-relations/general-meetings/2026/,attachment i summary of questions submitted by shareholders proxies corporate representatives before the egm,https://www.publicbankgroup.com/media/hpmh5stc/attachment-i-summary-of-questions-submitted-by-shareholders-proxies-corporate-representatives-before-the-egm.pdf
2026-06-22 19:10:09,https://www.publicbankgroup.com/investor-relations/general-meetings/2026/,attachment ii summary of questions submitted by shareholders proxies corporate representatives during the egm,https://www.publicbankgroup.com/media/zgdjvda1/attachment-ii-summary-of-questions-submitted-by-shareholders-proxies-corporate-representatives-during-the-egm.pdf
2026-06-22 19:10:09,https://ir.apollo.com/sustainability,apollo 2025 sustainability report june 2026,https://ir.apollo.com/_assets/_1035f4791ccf35f91bc89c10d982cfad/apollo/files/documents/apollo-2025-sustainability-report-june-2026.pdf
2026-06-22 19:10:04,https://www.sanlam.com/shareholder-information,"Director, director of major subsidiary an...",http://www.profiledata.co.za/JSE_SENS_PDF/history/2026/06/22/SENS_20260622_S523010.pdf
2026-06-22 19:10:04,https://www.sanlam.com/shareholder-information,Dealings by Sanlam Limited Share Incentiv...,http://www.profiledata.co.za/JSE_SENS_PDF/history/2026/06/22/SENS_20260622_S523011.pdf
2026-06-23 17:39:41,https://www.tatasteel.com/sustainability/governance/taskforce-on-nature-related-financial-disclosures-tnfd-reports/,ts bsense lodr regulation,https://www.tatasteel.com/media/25974/ts-bsense-lodr-regulation.pdf
2026-06-23 17:39:41,https://www.tatasteel.com/sustainability/governance/taskforce-on-nature-related-financial-disclosures-tnfd-reports/,ts bsense,https://www.tatasteel.com/media/25963/ts-bsense.pdf
2026-06-23 17:39:41,https://www.synopsys.com/company/responsible-business/reporting.html,synopsys 2025 responsible business report,https://www.synopsys.com/content/dam/synopsys/company/company-pdfs/synopsys-2025-responsible-business-report.pdf
2026-06-23 17:39:41,https://www.synopsys.com/company/responsible-business/reporting.html,responsible report highlights 2025,https://www.synopsys.com/content/dam/synopsys/company/company-pdfs/responsible-report-highlights-2025.pdf
2026-06-24 17:40:10,https://www.iamgold.com/English/sustainability/reports/default.aspx,IAMGOLD Reconciliation Redefined 2026 2030,https://s202.q4cdn.com/468687163/files/doc_downloads/2026/06/IAMGOLD-Reconciliation-Redefined-2026-2030.pdf
2026-06-25 17:49:56,https://www.acwapower.com/en/investors/earnings-and-reports/,integrated annual report 2025,https://www.acwapower.com/media/ibmgcsgm/integrated-annual-report-2025.pdf
2026-06-27 16:51:48,https://investors.essexapartmenthomes.com/overview/default.aspx,Essex Property Trust Publishes 2025 Sustainability and Impact Report,https://s203.q4cdn.com/488215793/files/doc_news/2026/06/ESS-2025-Sustainability-Report.pdf
2026-06-27 16:51:48,https://investors.essexapartmenthomes.com/overview/default.aspx,2025 Essex Sustainability and Impact Report,https://media.essexapartmenthomes.com/v1/media/edge/images/Project/EssexPropertyTrust/PDFs/ESG-Reports/2025-Essex-Sustainability-and-Impact-Report.pdf
2026-06-29 18:10:54,https://gf.com/about-us/corporate-responsibility/,GlobalFoundries 2026 Sustainability Report,https://gf.com/wp-content/uploads/2026/06/GlobalFoundries-2026-Sustainability-Report.pdf%20
2026-06-29 18:10:56,https://www.sanlam.com/financial-reporting,Sanlam Limited Memorandum of incorporation for a listed public company,https://www.sanlam.com/downloads/shareholder-meetings/2026/Sanlam-approved-shareholders.pdf
2026-06-29 18:10:56,https://www.bpi.com.ph/about-bpi/investor-relations/integrated-reports,2025 BPI Integrated Report,https://www.bpi.com.ph/content/dam/bpi/documents/english/about-bpi/investor-relations/integrated-reports/2025-integrated-report/2025%20BPI%20Integrated%20Report.pdf?download=true
2026-06-29 18:10:56,https://www.enka.com/sustainability/sustainability-reports/,Sus Promo Video 2025.webm,https://www.enka.com/sustainability/wp-content/uploads/2017/11/Sus_Promo_Video_2025.webm
2026-06-30 17:36:05,https://www.vedantalimited.com/eng/esg-reporting.php,Building on Legacy. Synergising Value.Scaling Impact.,https://www.vedantalimited.com/eng/uploads/investor-overview/annual-report/2026/sustainability-report.pdf
2026-06-30 17:36:05,https://www.vedantalimited.com/eng/esg-reporting.php,sustainability databook fy 2025 26,https://www.vedantalimited.com/eng/uploads/esg/esg-reporting/2026/sustainability-databook-fy-2025-26.pdf
2026-06-30 17:36:05,https://www.vedantalimited.com/eng/esg-reporting.php,Vedanta Climate Action Report FY 2025-26,https://www.vedantalimited.com/eng/uploads/investor-overview/annual-report/2026/climate-action-report.pdf
2026-06-30 17:36:05,https://www.expediagroup.com/en-us/our-story/impact-and-sustainability,expedia group msa statement signed 2025,https://www.expediagroup.com/content/dam/unified/partner/documents/legal/expedia-group-msa-statement-signed-2025.pdf
2026-06-30 17:36:05,https://www.iairgroup.com/sustainability/esg-data-reports-and-policies/,modern slavery statement 2025 final,https://www.iairgroup.com/media/wqmpghns/modern-slavery-statement-2025-final.pdf
2026-06-30 17:36:06,https://www.endeavourmining.com/esg/esg-reporting/,EDV Rapport de Contribution Fiscale et Economique 2025 FRE WEB,https://edv-14806-s3.s3.eu-west-2.amazonaws.com/files/4817/8276/4052/EDV_Rapport_de_Contribution_Fiscale_et_Economique_2025_FRE_WEB.pdf
2026-06-30 17:36:06,https://www.pradagroup.com/en/sustainability/download-area-csr.html,2025 Policy for gender equality diversity and inclusion,https://www.pradagroup.com/content/dam/pradagroup/documents/Responsabilita_sociale/2025/2025-Policy-for-gender-equality-diversity-and-inclusion.pdf
2026-07-01 17:41:19,https://www.vedantalimited.com/eng/esg-reporting.php,Vedanta TNFD Report FY 25-26,https://www.vedantalimited.com/eng/uploads/esg/esg-reporting/TNFD_Report_FY2025-26.pdf
2026-07-01 17:41:19,https://www.expediagroup.com/en-us/our-story/impact-and-sustainability,default,https://ir.expediagroup.com/news-and-events/media/default.aspx
2026-07-01 17:41:19,https://www.expediagroup.com/en-us/our-story/impact-and-sustainability,Unknown Title,https://ir.expediagroup.com/news-and-events/media/
2026-07-02 17:24:15,https://www.acwapower.com/en/investors/earnings-and-reports/,acwa power iar2025 eng book 0207 compressed,https://www.acwapower.com/media/24glc0uq/acwa_power_iar2025_eng_book_0207_compressed.pdf
2026-07-02 17:24:15,https://www.tatasteel.com/sustainability/governance/taskforce-on-nature-related-financial-disclosures-tnfd-reports/,Presentation to be made at the 119th Annual General Meeting of Tata Steel Limited,https://www.tatasteel.com/media/26155/tata-steel-limited-announcement-119-agm.pdf
2026-07-02 17:24:15,https://www.iairgroup.com/sustainability/esg-data-reports-and-policies/,GetPressReleases,https://www.iairgroup.com/umbraco/surface/downloaditems/GetPressReleases?pageKey=f7f6b9b8-81d1-469f-a6d4-1a1d9fe3d38b&moduleKey=4a325424-32dc-4d32-be31-b7b03ec7368b&pressReleasesKey=f7f6b9b8-81d1-469f-a6d4-1a1d9fe3d38b&filterOne=[]&filterTwo=[]&year=[]&itemsPerPage=2&pageNumber=1&currentCulture=en-US&showImages=True
2026-07-02 17:24:17,https://www.elementfleet.com/about/sustainability,Element s 2026 Sustainability Report.,https://www.elementfleet.com/assets/latest/3bQmxq2EOBDOfUdtDX6jEH/Element-s_2026_Sustainability_Report..pdf
2026-07-03 17:06:51,https://www.tatasteel.com/sustainability/governance/taskforce-on-nature-related-financial-disclosures-tnfd-reports/,"Voting Results, Proceedings and Scrutinizer Report of AGM held on July 2, 2026",https://www.tatasteel.com/media/26160/tata-steel-limited-announcement-119-voting-results.pdf
2026-07-04 16:44:49,https://severstal.com/eng/ir/indicators-reporting/annual-reports/,20 april 2023 Severstal reports Q1 2023 operational results,https://severstal.com/media/archive/severstal-reports-q1-2023-operational-results/
2026-07-04 16:44:49,https://severstal.com/eng/ir/indicators-reporting/annual-reports/,07 march 2023 Severstal’s announcement in relation to next coupon payment for Eurobond 2024,https://severstal.com/media/archive/severstal-s-announcement-in-relation-to-coupon-payment-for-eurobond-2024-as-for-march-2023/
2026-07-04 16:44:49,https://severstal.com/eng/ir/indicators-reporting/annual-reports/,09 february 2023 Severstal launches educational course on sustainability,https://severstal.com/media/archive/severstal-launches-educational-course-on-sustainability-/
2026-07-04 16:44:49,https://severstal.com/eng/ir/indicators-reporting/annual-reports/,02 february 2023 Severstal reports Q4 2022 and 12m 2022 operational results,https://severstal.com/media/archive/severstal-reports-q4-2022-and-12m-2022-operational-results/
2026-07-04 16:44:49,https://severstal.com/eng/ir/indicators-reporting/annual-reports/,02 february 2023 Severstal announces investment plan for 2023,https://severstal.com/media/archive/severstal-announces-investment-plan-for-2023/
2026-07-04 16:44:49,https://severstal.com/eng/ir/indicators-reporting/annual-reports/,02 february 2023 Severstal approves sustainability strategy to 2030,https://severstal.com/media/archive/severstal-approves-sustainability-strategy-to-2030/
2026-07-04 16:44:49,https://severstal.com/eng/ir/indicators-reporting/annual-reports/,08 november 2022 Severstal and partner companies share sustainability practices,https://severstal.com/media/archive/severstal-and-partner-companies-share-sustainability-practices/
2026-07-04 16:44:49,https://severstal.com/eng/ir/indicators-reporting/annual-reports/,03 november 2022 ANNOUNCEMENT OF CONSENT SOLICITATION RESULTS,https://severstal.com/media/archive/announcement-of-consent-solicitation-results/
2026-07-04 16:44:49,https://severstal.com/eng/ir/indicators-reporting/annual-reports/,17 october 2022 The forced conversion of GDRs has been prolonged in the Russian Federation,https://severstal.com/media/archive/the-forced-conversion-of-gdrs-has-been-prolonged-in-the-russian-federation/
2026-07-04 16:44:49,https://severstal.com/eng/ir/indicators-reporting/annual-reports/,16 september 2022 Severstal’s announcement in relation to coupon payment for Eurobond 2024,https://severstal.com/media/archive/severstal-s-announcement-in-relation-to-coupon-payment-for-eurobond-2024/
2026-07-06 18:09:49,https://sunpharma.com/policies/,Sun Pharma Global code of conduct brochure 03 07 26 Digital,https://sunpharma.com/wp-content/uploads/2026/07/Sun-Pharma_Global-code-of-conduct-brochure_03-07-26_Digital.pdf
2026-07-07 17:45:40,https://www.sanlam.com/financial-reporting,Sanlam Limited AGM Minutes 2026,https://www.sanlam.com/downloads/shareholder-meetings/2026/Sanlam-AGM-minutes-2026.pdf
2026-07-09 17:42:39,https://investors.quantaservices.com/corporate-governance/governance-documents,QSCanada Modern Slavery Report 2025 v1.2,https://investors.quantaservices.com/_assets/_9106d7a1d702dbe9c49a836517603aba/quantaservices/db/904/10321/file/QSCanada-Modern_Slavery_Report-2025_v1.2.pdf
2026-07-09 17:42:39,https://www.goldfields.com/integrated-annual-reports.php,Unknown Title,https://www.goldfields.com/reports/annual-report-2025/downloads.php
2026-07-09 17:42:39,https://www.goldfields.com/integrated-annual-reports.php,"Form 20-F Not for trading, but only in connection with the registration of the American Depositary Shares pursuant to the",https://www.goldfields.com/pdf/investors/form-20-f/2025/20-f-2025.pdf
2026-07-09 17:42:39,https://www.rbi.com/English/sustainability/policies-and-reports/default.aspx,2025 Restaurant Brands For Good Report,https://s26.q4cdn.com/317237604/files/doc_downloads/2026/07/2025-Restaurant-Brands-For-Good-Report.pdf
2026-07-09 17:42:38,https://investors.essexapartmenthomes.com/overview/default.aspx,ESS 2Q26 Call Announcement,https://s203.q4cdn.com/488215793/files/doc_news/2026/07/ESS-2Q26-Call-Announcement.pdf
2026-07-09 17:42:38,https://investors.essexapartmenthomes.com/overview/default.aspx,Add to Apple Calendar,https://investors.essexapartmenthomes.com/DownloadICal.aspx?id=876
2026-07-09 17:42:38,https://ir.alinma.com/en/investor-relations/sustainability/#sustainability-reports,2025 ESG Report View PDF Download PDF,https://ir.alinma.com/media/jxshydkc/20260709-alinma-sr25-v11_updated.pdf
2026-07-10 17:31:50,https://investors.quantaservices.com/corporate-governance/governance-documents,QSCanada Modern Slavery Report 2025 v1.2,https://investors.quantaservices.com/_assets/_6778746f081e420b8120a468beb98804/quantaservices/db/904/10321/file/QSCanada-Modern_Slavery_Report-2025_v1.2.pdf
2026-07-10 17:31:50,https://bel-india.in/investors/#annualreports,Q1 2026-27 Integrated Filing - Governance,https://bel-india.in/wp-content/uploads/2026/07/Q1-2026-27-Integrated-Filing-Governance.pdf
2026-07-10 17:31:50,https://investors.regalrexnord.com/investors/corporate-governance/integrity-and-compliance/default.aspx,Add to Apple Calendar,https://investors.regalrexnord.com/DownloadICal.aspx?id=1355
2026-07-12 16:41:18,https://www.sabic.com/en/reports,Sustainable Development Goals 2019 Roadmap tcm1010 21094,https://www.sabic.com/en/Images/Sustainable-Development-Goals-2019-Roadmap_tcm1010-21094.pdf
2026-07-13 17:43:40,https://ctp.eu/investors/governance/,CTP Board Profile Non-Executive Directors,https://ctp.eu/files/2026/07/CTP-N.V.-Non-Executive-Directors-Profile.pdf
2026-07-14 16:58:13,https://investors.regalrexnord.com/investors/corporate-governance/Sustainability-Reports/default.aspx,RRX EEO 1 2024,https://s28.q4cdn.com/452460759/files/doc_downloads/2026/07/RRX-EEO-1_2024.pdf
2026-07-15 17:04:52,https://investors.aecom.com/sustainability,AECOM 2026 Proxy Statement 9.6 MB,https://investors.aecom.com/static-files/83a95ce3-98c4-427d-bb38-4c21ed9bf014
2026-07-16 17:02:38,https://investor.eliagroup.eu/en/elia-group-share/shareholder-meetings,Publication of full-year results 2026 03 March 2027,https://investor.eliagroup.eu/-/media/project/elia/shared/documents/elia-group/investor-relations/upcoming-events/ics/2027/elia-group-full-year-results-2026.ics
2026-07-16 17:02:38,https://investor.eliagroup.eu/en/elia-group-share/shareholder-meetings,elia group publication of 2026 annual report.ics,https://investor.eliagroup.eu/-/media/project/elia/shared/documents/elia-group/investor-relations/upcoming-events/ics/2027/elia-group-publication-of-2026-annual-report.ics
2026-07-16 17:02:38,https://investor.eliagroup.eu/en/elia-group-share/shareholder-meetings,General Meeting of Shareholders 18 May 2027,https://investor.eliagroup.eu/-/media/project/elia/shared/documents/elia-group/investor-relations/upcoming-events/ics/2027/elia-group-general-meeting-of-shareholders.ics
2026-07-16 17:02:38,https://investor.eliagroup.eu/en/elia-group-share/shareholder-meetings,elia group quarterly statement q1 2027.ics,https://investor.eliagroup.eu/-/media/project/elia/shared/documents/elia-group/investor-relations/upcoming-events/ics/2027/elia-group-quarterly-statement-q1-2027.ics
2026-07-16 17:02:38,https://investor.eliagroup.eu/en/elia-group-share/shareholder-meetings,Ex-dividend date 31 May 2027,https://investor.eliagroup.eu/-/media/project/elia/shared/documents/elia-group/investor-relations/upcoming-events/ics/2027/elia-group-ex-dividend-date.ics
2026-07-16 17:02:38,https://investor.eliagroup.eu/en/elia-group-share/shareholder-meetings,Record date 01 June 2027,https://investor.eliagroup.eu/-/media/project/elia/shared/documents/elia-group/investor-relations/upcoming-events/ics/2027/elia-group-record-date.ics
2026-07-16 17:02:38,https://investor.eliagroup.eu/en/elia-group-share/shareholder-meetings,elia group payment of dividend for 2026.ics,https://investor.eliagroup.eu/-/media/project/elia/shared/documents/elia-group/investor-relations/upcoming-events/ics/2027/elia-group-payment-of-dividend-for-2026.ics
2026-07-16 17:02:38,https://ctp.eu/investors/governance/,Insider Trading Policy Other Languages: CZ SK RO HU DE NL PL SR BG VI,https://ctp.eu/files/2026/07/Insider-Trading-Policy-2025-VI.pdf
2026-07-16 17:02:38,https://nlmk.com/en/about/governance/meeting-of-shareholders/,DOC Offer to conclude a confidentiality agreement for a B2B website (NON-residents) 328 KB,https://nlmk.com/upload/iblock/869/dwr0hspbfjwhlsmt02p8fdpvt9tp5kj1/_-1-_-_-_-_-_-_-_-_2_-_-_.doc
2026-07-16 17:02:38,https://severstal.com/eng/ir/indicators-reporting/annual-reports/,tracker,https://top-fwz1.mail.ru/tracker?_=0.7784003128709055;id=3779794;u=https%3A%2F%2Fseverstal.com%2Feng%2Fir%2Findicators-reporting%2Fannual-reports%2F;title=Annual%20reports;s=1920*1080;vp=1920*1080;touch=0;hds=1;sid=f155f26dc106ae09;ver=60.6.0;tz=0%2FUTC;st=1784229238941;ct=499/501/501/503/473;rt=474/0/0/0/0/474/474/474/474/474/474/474/474/474;gl=u;ni=10//4g/0/0/;detect=0;lvid=1784228971479%3A1784229325161%3A54%3Ad291423ff5faa93b8943bcddba734b3f;opts=wda%2Ccdt%3Dcache%2Ccnhp%3Dh2%2Ccs%3D19684-48997-0;fpid=d5Mn1Q_1i18PJfezQqNlJ;visible=true;js=13;e=CE%3A%2F_click%3Bfile%3Bhttps%3A%2F%2Fseverstal.com%2Fupload%2Fiblock%2F69b%2Fannual-report-2018.pdf
2026-07-16 17:02:35,https://www.acwapower.com/en/investors/earnings-and-reports/,acwa power iar2025 eng book 1407 1619 compressed,https://www.acwapower.com/media/303ppdmy/acwa_power_iar2025_eng_book_1407_1619_compressed.pdf
2026-07-18 16:40:00,https://esg.eqt.com/report-resources/report-downloads/,6a1592d924318a82f553a714 f3aeb6d4688b3555d79740d41e5199e3 EQT 2024 ESG Report,https://cdn.prod.website-files.com/6751b0d7add5edb1f0141aef/6a1592d924318a82f553a714_f3aeb6d4688b3555d79740d41e5199e3_EQT-2024-ESG-Report.pdf
2026-07-18 16:40:00,https://esg.eqt.com/report-resources/report-downloads/,EQT 2025 ESG Performance Highlights,https://esg.eqt.com/content/EQT_2025_ESG_Performance_Highlights.pdf
2026-07-20 17:10:06,https://www.acwapower.com/en/investors/earnings-and-reports/,acwa integrated annual report 2025 eng,https://www.acwapower.com/media/b0tnh1to/acwa-integrated-annual-report-2025-eng.pdf
2026-07-20 17:10:06,https://esg.eqt.com/report-resources/report-downloads/,6a5a6fdaedfa80608c989aa2 60edeba2140bd677a71c3c0e7a5ce233 2025 Sustainability Report,https://cdn.prod.website-files.com/6751b0d7add5edb1f0141aef/6a5a6fdaedfa80608c989aa2_60edeba2140bd677a71c3c0e7a5ce233_2025%20Sustainability%20Report.pdf
2026-07-20 17:10:06,https://esg.eqt.com/report-resources/report-downloads/,6a5e6155f9a4d89185c06510 2025 Sustainability Performance Highlights,https://cdn.prod.website-files.com/6751b0d7add5edb1f0141aef/6a5e6155f9a4d89185c06510_2025%20Sustainability%20Performance%20Highlights.pdf
2026-07-20 17:10:06,https://esg.eqt.com/report-resources/report-downloads/,6a579e5d39f4570820ee61dc Sustainability Performance Data,https://cdn.prod.website-files.com/6751b0d7add5edb1f0141aef/6a579e5d39f4570820ee61dc_Sustainability%20Performance%20Data.pdf
2026-07-21 17:08:42,https://investors.quantaservices.com/corporate-governance/governance-documents,QSCanada Modern Slavery Report 2025 v1.2,https://investors.quantaservices.com/_assets/_e864b4bcfcd409ebc0b9e4290325cb2d/quantaservices/db/904/10321/file/QSCanada-Modern_Slavery_Report-2025_v1.2.pdf
2026-07-23 16:58:06,https://ir.bookingholdings.com/governance/governance-documents/default.aspx,Anti Bribery and Corruption Policy 183d90,https://s201.q4cdn.com/865305287/files/doc_document_list/2026/Jul/22/Anti-Bribery-and-Corruption-Policy-183d90.pdf
2026-07-23 17:11:09,https://www.getlinkgroup.com/en/shareholders-investors/financial-results-and-reports/,2026 Haft-Year Financial Report for the six months to 30 June,https://www.getlinkgroup.com/content/uploads/2026/07/getlink-se-half-year-report-30.06.2026.pdf
2026-07-23 17:11:09,https://www.cfindustries.com/corporatestewardship/downloads,Unknown Title,https://www.cfindustries.com/corporatestewardship/downloads
2026-07-23 17:11:09,https://investors.globalpayments.com/sustainability,Information Related to TSYS ISO Environmental Accreditation,https://d1io3yog0oux5.cloudfront.net/_06acde9685d6675d2cf29a51178e0cc6/globalpayments/db/2316/21040/file/TSYS+2023_24+UK+Environmental+Targets+v1.0.pdf
2026-07-24 17:17:40,https://impactreport.boozallen.com/,2026 ers performance report,https://www.boozallen.com/content/dam/home/docs/corp/reports/2026-ers-performance-report.pdf
2026-07-24 17:17:40,https://www.elementfleet.com/about/sustainability,code of conduct,https://elementfleet.com/assets/latest/3fMO0Je9ZO1zsCt3nB31KD/code-of-conduct.pdf
2026-07-25 16:38:39,https://www.alcoa.com/sustainability,GlobalBranding,https://investors.alcoa.com/GlobalBranding.ashx
2026-07-25 16:38:39,https://www.alcoa.com/sustainability,GlobalBrandingIcons,https://investors.alcoa.com/css/evergreen/dist/default/GlobalBrandingIcons.ashx?type=woff
2026-07-26 16:42:29,https://www.endeavourmining.com/esg/esg-reporting/,EDV Impact Report 2021 2025 website,https://edv-14806-s3.s3.eu-west-2.amazonaws.com/files/1217/8187/6631/EDV_Impact_Report_2021-2025_-_website.pdf
2026-07-27 17:30:53,https://www.alliantenergy.com/who-we-are/responsibility-report,alliant energy human rights statement,https://www.alliantenergy.com/-/media/alliant/documents/ourenergy/responsibilityreport/alliant-energy-human-rights-statement.pdf?sc_lang=en&hash=CD840CAD01C5D1334EE612BD18571673
2026-07-27 17:30:53,https://www.alliantenergy.com/who-we-are/responsibility-report,alliant energy biodiversity commitment statement,https://www.alliantenergy.com/-/media/alliant/documents/ourenergy/responsibilityreport/alliant-energy-biodiversity-commitment-statement.pdf?sc_lang=en&hash=AD815D2D1A8AA9A25D5F3B910BA47FB9
2026-07-27 17:30:53,https://www.alliantenergy.com/who-we-are/responsibility-report,alliant energy environmental commitment statement,https://www.alliantenergy.com/-/media/alliant/documents/ourenergy/responsibilityreport/alliant-energy-environmental-commitment-statement.pdf?sc_lang=en&hash=D28310979991B1F0E04ECD13895194DA
2026-07-27 17:30:53,https://ir.alinma.com/en/investor-relations/sustainability/#sustainability-reports,2025 Sustainable Finance Allocation and Impact Report View PDF Download PDF,https://ir.alinma.com/media/lj3j0qnt/20260723-alinma-impact-report-v7.pdf
2026-07-27 17:30:45,https://bel-india.in/investors/#annualreports,BEL - 2026 - 27 Q1 Financial Results,https://bel-india.in/wp-content/uploads/2026/07/BEL-2026-27-Q1-Financial-Results.pdf
2026-07-28 17:12:09,https://ir.alinma.com/en/investor-relations/sustainability/#sustainability-reports,2025 Principle of Responsible Banking (PRB) Report View PDF Download PDF,https://ir.alinma.com/media/ofmdsaqo/20260712-alinma-unprb-report-v7.pdf
2026-07-28 17:12:09,https://ir.alinma.com/en/investor-relations/sustainability/#sustainability-reports,ESG Summary Report 2025 View PDF Download PDF,https://ir.alinma.com/media/vkjjh4he/20260727-alinma-esg-summary-report.pdf
2026-07-28 17:12:05,https://ir.amwater.com/sustainability/data-disclosures/default.aspx,2025 Sustainability Report,https://s26.q4cdn.com/750150140/files/doc_downloads/esg_docs/2026/2025-Sustainability-Report.pdf
2026-07-28 17:12:05,https://gf.com/about-us/corporate-responsibility/,GlobalFoundries 2026 Sustainability Report,https://gf.com/wp-content/uploads/2026/07/GlobalFoundries-2026-Sustainability-Report.pdf%20
2026-07-29 17:03:26,https://investor.eliagroup.eu/en/elia-group-share/shareholder-meetings,elia group q2 2026 press release en,https://investor.eliagroup.eu/-/media/project/elia/shared/documents/press-releases/2026/elia-group-q2-2026-press-release_en.pdf
2026-07-29 17:03:26,https://investor.eliagroup.eu/en/elia-group-share/shareholder-meetings,elia group q2 2026 press release fr,https://investor.eliagroup.eu/-/media/project/elia/shared/documents/press-releases/2026/elia-group-q2-2026-press-release_fr.pdf
2026-07-29 17:03:26,https://investor.eliagroup.eu/en/elia-group-share/shareholder-meetings,elia group q2 2026 press release nl,https://investor.eliagroup.eu/-/media/project/elia/shared/documents/press-releases/2026/elia-group-q2-2026-press-release_nl.pdf
2026-07-29 17:03:26,https://investor.eliagroup.eu/en/elia-group-share/shareholder-meetings,20260729 h1 2026 elia group interim financial report en,https://investor.eliagroup.eu/-/media/project/elia/shared/documents/elia-group/investor-relations/reports-and-results/2026/20260729_h1-2026-elia-group-interim-financial-report_en.pdf
2026-07-29 17:03:26,https://investor.eliagroup.eu/en/elia-group-share/shareholder-meetings,20260729 h1 2026 elia group interim financial report fr,https://investor.eliagroup.eu/-/media/project/elia/shared/documents/elia-group/investor-relations/reports-and-results/2026/20260729_h1-2026-elia-group-interim-financial-report_fr.pdf
2026-07-29 17:03:26,https://investor.eliagroup.eu/en/elia-group-share/shareholder-meetings,20260729 h1 2026 elia group interim financial report nl,https://investor.eliagroup.eu/-/media/project/elia/shared/documents/elia-group/investor-relations/reports-and-results/2026/20260729_h1-2026-elia-group-interim-financial-report_nl.pdf
2026-07-29 17:03:26,https://investor.eliagroup.eu/en/elia-group-share/shareholder-meetings,20260729 q2 analyst call 2026 handouts en,https://investor.eliagroup.eu/-/media/project/elia/shared/documents/elia-group/investor-relations/reports-and-results/2026/20260729_q2-analyst-call-2026_handouts_en.pdf
2026-07-29 17:03:26,https://investor.eliagroup.eu/en/elia-group-share/shareholder-meetings,20260729 toolkit q2 2026.xlsx,https://investor.eliagroup.eu/-/media/project/elia/shared/documents/elia-group/investor-relations/reports-and-results/2026/20260729_toolkit-q2-2026.xlsx
2026-07-29 17:03:26,https://severstal.com/eng/ir/indicators-reporting/annual-reports/,Annual report Severstal 2025 eng ver,https://severstal.com/upload/iblock/fe8/u35ekyp0kl3rafwp6sooy4guby4fuu0v/Annual-report-Severstal-2025_eng-ver.pdf
2026-07-29 17:03:29,https://chandra-asri.com/en/investor/reports?category_id=4,CAPConsolidatedFinancialReportQ22026 en 1785316551,https://comsite-s3.s3.ap-southeast-3.amazonaws.com/images/post/CAPConsolidatedFinancialReportQ22026_en_1785316551.pdf
2026-07-30 17:00:13,https://www.intuitive.com/en-us/about-us/company/legal/governance,Amended and Restated Bylaws,https://www.intuitive.com/en-us/-/media/ISI/Intuitive/Pdf/ARBylaws.pdf
2026-07-30 17:13:09,https://www.okta.com/company/responsibility/,See the Sustainability & Responsible Technology Fact Sheet,https://www.okta.com/content/dam/okta-www/en_us/company/responsibility/sustainability-responsible-technology/FY2026-sustainability-responsible-technology-fact-sheet.pdf
2026-07-30 17:13:09,https://www.okta.com/company/responsibility/,FY2026 Okta’s Greenhouse Gas Inventory Results Okta’s greenhouse gas (GHG) inventory is foundational to our environmental strategy. The data enable,https://www.okta.com/content/dam/okta---digital/en_us/legal/FY2026-greenhouse-gas-inventory.pdf
2026-07-30 17:13:09,https://investors.essexapartmenthomes.com/overview/default.aspx,ESS 2Q26 Earnings Package,https://s203.q4cdn.com/488215793/files/doc_financials/2026/q2/ESS-2Q26-Earnings-Package.pdf
2026-07-30 17:13:09,https://investors.essexapartmenthomes.com/overview/default.aspx,ESS 2Q26 Credit Update,https://s203.q4cdn.com/488215793/files/doc_financials/2026/q2/ESS-2Q26-Credit-Update.pdf
2026-07-30 17:13:09,https://investors.essexapartmenthomes.com/overview/default.aspx,ESS 2Q26 Earnings Release,https://s203.q4cdn.com/488215793/files/doc_financials/2026/q2/ESS-2Q26-Earnings-Release.pdf
2026-07-30 17:13:09,https://investor.eliagroup.eu/en/elia-group-share/shareholder-meetings,20260729 eli eb transcript en,https://investor.eliagroup.eu/-/media/project/elia/shared/documents/elia-group/investor-relations/reports-and-results/2026/20260729_eli-eb_transcript_en.pdf
2026-07-30 17:13:09,https://www.erste.pl/en/investor-relations/about-company/annual-general-meeting?sr=1&AGM=1#AGM,Unknown Title,https://www.erste.pl/regulation_file_server/time20260730085202/download?id=169636&lang=en_US
2026-07-30 17:13:09,https://www.erste.pl/en/investor-relations/about-company/annual-general-meeting?sr=1&AGM=1#AGM,Unknown Title,https://www.erste.pl/regulation_file_server/time20260730095658/download?id=169630&lang=en_US
2026-07-30 17:13:09,https://www.erste.pl/en/investor-relations/about-company/annual-general-meeting?sr=1&AGM=1#AGM,Unknown Title,https://www.erste.pl/regulation_file_server/time20260730081332/download?id=169631&lang=pl_PL
2026-07-30 17:13:09,https://www.erste.pl/en/investor-relations/about-company/annual-general-meeting?sr=1&AGM=1#AGM,Unknown Title,https://www.erste.pl/regulation_file_server/time20260730090739/download?id=169637&lang=en_US
2026-07-30 17:13:09,https://www.erste.pl/en/investor-relations/about-company/annual-general-meeting?sr=1&AGM=1#AGM,Unknown Title,https://www.erste.pl/regulation_file_server/time20260730091339/download?id=169638&lang=en_US
2026-07-30 17:13:09,https://www.erste.pl/en/investor-relations/about-company/annual-general-meeting?sr=1&AGM=1#AGM,Unknown Title,https://www.erste.pl/regulation_file_server/time20260730082927/download?id=169633&lang=en_US
2026-07-30 17:13:09,https://www.erste.pl/en/investor-relations/about-company/annual-general-meeting?sr=1&AGM=1#AGM,Unknown Title,https://www.erste.pl/regulation_file_server/time20260730083247/download?id=169634&lang=en_US
2026-07-30 17:13:09,https://elm.sa/en/sustainability/Pages/sustainability-reports.aspx,Elm video.mp4,https://elm.sa/Style%20Library/ar-sa/assets/images/wp-content/uploads/2023/11/Elm-video.mp4
2026-07-30 17:13:09,https://ir.alinma.com/en/investor-relations/sustainability/#sustainability-reports,2025 Sustainability Report View PDF Download PDF,https://ir.alinma.com/media/1p2jf50b/20260730-alinma-sr25.pdf
2026-07-30 17:13:12,https://investors.universalmusic.com/reports/,Webcast Press Release Financial Report Factsheet Presentation,https://assets.ctfassets.net/e66ejtqbaazg/64087Pdr1QmyZ5h4zDcjht/b9afe45c4d561a4669d56f7d550891f6/UMG_HY_2026_Press_Release.pdf
2026-07-30 17:13:12,https://investors.universalmusic.com/reports/,Webcast Press Release Financial Report Factsheet Presentation,https://assets.ctfassets.net/e66ejtqbaazg/28XlANhOkocrrvfg9RwMd2/6bc5080380a37c8f3d0d9843ee5a084a/UMG_Half_Year_Results_2026.pdf
2026-07-30 17:13:12,https://investors.universalmusic.com/reports/,Webcast Press Release Financial Report Factsheet Presentation,https://assets.ctfassets.net/e66ejtqbaazg/7qPH3JVqTlGUyxYxSyyijE/99de35ea48bbe78489c4bd126c8e1da1/2023-2025_Free_Cash_Flow_Fact_Sheet.pdf
2026-07-30 17:13:12,https://investors.universalmusic.com/reports/,Webcast Press Release Financial Report Factsheet Presentation,https://assets.ctfassets.net/e66ejtqbaazg/9t6CcXhginfFzCRi8wsCb/a6c1ab21e05319aa66f19d2512afdd6f/UMG_1H26_EARNINGS_SLIDES.pdf
2026-07-30 17:13:12,https://investors.quantaservices.com/corporate-governance/governance-documents,PWR+06 30 2026+Outlook+Expectations+Summary+vF,https://investors.quantaservices.com/_assets/_6a0c2a38373dd2a70fec7c01c7dab302/quantaservices/db/917/10536/outlook_expectations_summary/PWR+06-30-2026+Outlook+Expectations+Summary+vF.pdf
2026-07-31 17:18:22,https://investors.essexapartmenthomes.com/overview/default.aspx,Unknown Title,https://d18rn0p25nwr6d.cloudfront.net/CIK-0000920522/daa8b5df-29ef-4a06-8414-713b4efc8ffd.pdf
2026-07-31 17:18:16,https://www.borouge.com/en/investor-relations/Pages/reports-results.aspx,Borouge Q2 2026 EN Borouge Earnings Release,https://www.borouge.com/en/investor-relations/Documents/IR%20Documents/Borouge-Q2-2026-EN%20Borouge%20Earnings%20Release.pdf
2026-07-31 17:18:16,https://www.borouge.com/en/investor-relations/Pages/reports-results.aspx,Borouge Q2 2026 EN Borouge Earnings Presentation,https://www.borouge.com/en/investor-relations/Documents/IR%20Documents/Borouge-Q2-2026-EN%20Borouge%20Earnings%20Presentation.pdf
2026-07-31 17:18:16,https://www.borouge.com/en/investor-relations/Pages/reports-results.aspx,Borouge Q2 2026 EN Borouge Financial Statements,https://www.borouge.com/en/investor-relations/Documents/IR%20Documents/Borouge-Q2-2026-EN%20Borouge%20Financial%20Statements.pdf
2026-07-31 17:18:16,https://www.borouge.com/en/investor-relations/Pages/reports-results.aspx,Q2 2026 Management Discussion and Analysis Report,https://www.borouge.com/en/investor-relations/Documents/IR%20Documents/Borouge-Q2-2026-EN%20Borouge%20MDA.pdf
2026-08-03 17:38:22,https://idexcorp.com/about-idex/idex-sustainability/,6a2bfd5c3dabaa68ebabcffd 2024 IDEX Sustainability Report compressed,https://cdn.prod.website-files.com/6a13f2dbffddfbc9cbcbfb77/6a2bfd5c3dabaa68ebabcffd_2024-IDEX-Sustainability-Report_compressed.pdf
2026-08-03 17:38:22,https://idexcorp.com/about-idex/idex-sustainability/,6a60c79ec391cb35ed23aca1 IDEX SustainabilityReport2022 accessible version,https://cdn.prod.website-files.com/6a13f2dbffddfbc9cbcbfb77/6a60c79ec391cb35ed23aca1_IDEX_SustainabilityReport2022_accessible_version.pdf
2026-08-03 17:38:22,https://idexcorp.com/about-idex/idex-sustainability/,6a2bfd5befe95c795855c239 2020 IDEX CSR Report compressed,https://cdn.prod.website-files.com/6a13f2dbffddfbc9cbcbfb77/6a2bfd5befe95c795855c239_2020_IDEX_CSR_Report_compressed.pdf
2026-08-03 17:38:22,https://idexcorp.com/about-idex/idex-sustainability/,6a2bfd5c31db968e17bc040f IDEX CSRReport 2018 FINAL LowRes compressed,https://cdn.prod.website-files.com/6a13f2dbffddfbc9cbcbfb77/6a2bfd5c31db968e17bc040f_IDEX_CSRReport_2018_FINAL_LowRes_compressed.pdf
2026-08-03 17:38:22,https://polyus.com/en/sustainability/esg-data-and-reports/,Certificate of Public Endorsement of a Corporate Non-Financial Report,https://polyus.com/upload/files/esg-data-and-reports/2025/sustainability_report_2025_en.pdf
2026-08-03 17:38:22,https://polyus.com/en/sustainability/esg-data-and-reports/,Certificate of Public Endorsement of a Corporate Non-Financial Report,https://polyus.com/upload/files/esg-data-and-reports/2025/certificate_of_public_endorsement_en.pdf
2026-08-04 17:12:56,https://www.aramco.com/en/investors/reports-and-presentations,saudi aramco h1 2026 interim report english,https://www.aramco.com/-/media/publications/corporate-reports/reports-and-presentations/2026/h1/saudi-aramco-h1-2026-interim-report-english.pdf
2026-08-04 17:12:56,https://www.aramco.com/en/investors/reports-and-presentations,"Q2 results press release August 04, 2026 . pdf 513.6KB",https://www.aramco.com/-/media/publications/corporate-reports/reports-and-presentations/2026/h1/saudi-aramco-h1-2026-results-press-release-english.pdf
2026-08-04 17:12:56,https://www.aramco.com/en/investors/reports-and-presentations,saudi aramco h1 2026 webcast presentation english,https://www.aramco.com/-/media/publications/corporate-reports/reports-and-presentations/2026/h1/saudi-aramco-h1-2026-webcast-presentation-english.pdf
2026-08-04 17:12:56,https://www.aramco.com/en/investors/reports-and-presentations,saudi aramco h1 2026 webcast presentation script english,https://www.aramco.com/-/media/publications/corporate-reports/reports-and-presentations/2026/h1/saudi-aramco-h1-2026-webcast-presentation-script-english.pdf
2026-08-04 17:29:23,https://www.sanlam.com/financial-reporting,Sanlam's 2025 comparative information on new reporting framework,https://www.sanlam.com/downloads/results-announcements/2026/comparative-information-2025.pdf
2026-08-04 17:29:23,https://www.sanlam.com/financial-reporting,Sanlam's 2025 comparative information on new reporting framework - Spreads,https://www.sanlam.com/downloads/results-announcements/2026/comparative-information-2025-spreads.pdf
2026-08-04 17:29:23,https://www.sanlam.com/shareholder-information,Notice Of Availability Of Selected 2025 C...,http://www.profiledata.co.za/JSE_SENS_PDF/history/2026/08/04/SENS_20260804_S525125.pdf
2026-08-04 17:29:23,https://www.sanlam.com/shareholder-information,Correction Announcement - New Financial ...,http://www.profiledata.co.za/JSE_SENS_PDF/history/2026/08/04/SENS_20260804_S525133.pdf
2026-08-04 17:29:23,https://www.sanlam.com/shareholder-information,SLI14 SLI15 SLI16 SLI17 New Listing,http://www.profiledata.co.za/JSE_SENS_PDF/history/2026/08/04/SENS_20260804_S525101.pdf
2026-08-04 17:29:23,https://www.alliantenergy.com/who-we-are/responsibility-report,Political Engagement Guidelines 2026 Update 3f774b,https://s201.q4cdn.com/991130938/files/doc_document_list/2026/Aug/03/Political-Engagement-Guidelines_2026-Update-3f774b.pdf
2026-08-04 17:29:23,https://idexcorp.com/about-idex/idex-sustainability/,2025 Sustainability Update Explore our 2024 Sustainability Report and our 2025 Update Report to learn about IDEX’s sustainability progress and,https://cdn.prod.website-files.com/6a13f2dbffddfbc9cbcbfb77/6a70f9bfce5b00a34630adac_2025_IDEX_Sustainability_Report_Update-19.pdf
2026-08-04 17:29:23,https://idexcorp.com/about-idex/idex-sustainability/,6a70fafdbb3b8cdd4a3f0300 IDEX Corporate EHS Policy FINAL,https://cdn.prod.website-files.com/6a13f2dbffddfbc9cbcbfb77/6a70fafdbb3b8cdd4a3f0300_IDEX%20Corporate%20EHS%20Policy%20-%20FINAL.pdf
2026-08-04 17:29:23,https://www.iairgroup.com/sustainability/esg-data-reports-and-policies/,IAG Illegal Wildlife Trafficking Policy,https://www.iairgroup.com/media/svkfskgd/iwt-signed-copy-03-07-2025-144706-2.pdf
2026-08-05 17:15:40,https://investors.globalpayments.com/sustainability,Information Related to TSYS ISO Environmental Accreditation,https://d1io3yog0oux5.cloudfront.net/_9494b43230d00dad98d114fe459b1999/globalpayments/db/2316/21040/file/TSYS+2023_24+UK+Environmental+Targets+v1.0.pdf
2026-08-05 17:15:40,https://investors.regalrexnord.com/investors/corporate-governance/integrity-and-compliance/default.aspx,2Q 2026 Earnings Call Slides,https://s28.q4cdn.com/452460759/files/doc_earnings/2026/q2/presentation/2Q-2026_Earnings-Call-Slides.pdf
2026-08-05 17:15:40,https://investors.regalrexnord.com/investors/corporate-governance/integrity-and-compliance/default.aspx,2Q 2026 Earnings Announcement,https://s28.q4cdn.com/452460759/files/doc_earnings/2026/q2/earnings-result/2Q-2026-Earnings-Announcement.pdf
2026-08-05 17:15:42,https://www.biontech.com/int/en/home/about/responsibility/sustainability-and-responsibility.html,Modern Slavery Statement 2025,https://investors.biontech.de/static-files/c0d2cb63-4038-4a9e-b0f9-da5304469723
2026-08-05 17:15:42,https://www.equinix.com/about/sustainability/document-center,UK Net Zero Carbon Reduction Plan,https://www.equinix.com/content/dam/eqxcorp/en_us/documents/about/sustainability/UK%20Net%20Zero%20Carbon%20Reduction%20Plan.pdf
2026-08-05 17:15:42,https://bel-india.in/investors/#annualreports,Integrated Annual Report 2025-26,https://bel-india.in/wp-content/uploads/2026/08/Integrated-Annual-Report-2025-26.pdf
2026-08-05 17:15:42,https://bel-india.in/investors/#annualreports,Notice of 72nd Annual General Meeting,https://bel-india.in/wp-content/uploads/2026/08/Notice-of-72nd-Annual-General-Meeting.pdf
2026-08-05 17:15:42,https://bel-india.in/investors/#annualreports,Draft Form MGT-7 Annual Return for the year ended 31.03.2026,https://bel-india.in/wp-content/uploads/2026/08/Draft-Form-MGT-7-Annual-Return-for-the-year-ended-31.03.2026.pdf
2026-08-07 16:24:40,https://ir.bookingholdings.com/governance/governance-documents/default.aspx,Audit Committee Charter October 2025 docx 6a374a,https://s25.q4cdn.com/383369491/files/doc_downloads/1/Audit-Committee-Charter-October-2025-docx-6a374a.pdf
2026-08-07 16:24:40,https://ir.bookingholdings.com/governance/governance-documents/default.aspx,audit committee complaint handling procedures 3,https://s25.q4cdn.com/383369491/files/doc_downloads/1/audit-committee-complaint-handling-procedures-3.pdf
2026-08-07 16:24:40,https://ir.bookingholdings.com/governance/governance-documents/default.aspx,Booking Holdings By Laws October 17 2025 acfbf5,https://s25.q4cdn.com/383369491/files/doc_downloads/1/Booking-Holdings-By-Laws-October-17-2025-acfbf5.pdf
2026-08-07 16:24:40,https://ir.bookingholdings.com/governance/governance-documents/default.aspx,Corporate Governance Principles October 2025 cac4ba,https://s25.q4cdn.com/383369491/files/doc_downloads/1/Corporate-Governance-Principles-October-2025-cac4ba.pdf
2026-08-07 16:24:40,https://ir.bookingholdings.com/governance/governance-documents/default.aspx,Corporate Governance Committee Charter October 2025 docx c58360,https://s25.q4cdn.com/383369491/files/doc_downloads/1/Corporate-Governance-Committee-Charter-October-2025-docx-c58360.pdf
2026-08-07 16:24:40,https://ir.bookingholdings.com/governance/governance-documents/default.aspx,Insider Trading Policy October 2024 a8e6bb,https://s25.q4cdn.com/383369491/files/doc_downloads/1/Insider-Trading-Policy-October-2024-a8e6bb.pdf
2026-08-07 16:24:40,https://ir.bookingholdings.com/governance/governance-documents/default.aspx,10b5 1 Plan chart for Corporate Governance Website June 10 2026 docx de396e,https://s25.q4cdn.com/383369491/files/doc_downloads/1/10b5-1-Plan-chart-for-Corporate-Governance-Website-June-10-2026-docx-de396e.pdf
2026-08-07 16:24:40,https://ir.bookingholdings.com/governance/governance-documents/default.aspx,Responsibilities of the Chair of the Board October 2025 ba18d2,https://s25.q4cdn.com/383369491/files/doc_downloads/1/Responsibilities-of-the-Chair-of-the-Board-October-2025-ba18d2.pdf
2026-08-07 16:24:40,https://ir.bookingholdings.com/governance/governance-documents/default.aspx,Responsibilities of the Lead Independent Director October 2025 4c4e86,https://s25.q4cdn.com/383369491/files/doc_downloads/1/Responsibilities-of-the-Lead-Independent-Director-October-2025-4c4e86.pdf
2026-08-07 16:24:40,https://ir.bookingholdings.com/governance/governance-documents/default.aspx,Booking Holdings Stockholder Communications October 2025 27d540,https://s25.q4cdn.com/383369491/files/doc_downloads/1/Booking-Holdings-Stockholder-Communications-October-2025-27d540.pdf
2026-08-07 16:24:40,https://ir.bookingholdings.com/governance/governance-documents/default.aspx,Talent and Compensation Committee Charter October 2025 docx f8ffbd,https://s25.q4cdn.com/383369491/files/doc_downloads/1/Talent-and-Compensation-Committee-Charter-October-2025-docx-f8ffbd.pdf
2026-08-07 16:24:40,https://ir.bookingholdings.com/governance/governance-documents/default.aspx,S172 UK Subsidiaries Governance Documents 9bb4d0,https://s25.q4cdn.com/383369491/files/doc_downloads/1/S172-UK-Subsidiaries-Governance-Documents-9bb4d0.pdf
2026-08-07 16:37:16,https://www.sanlam.com/shareholder-information,Appointment of Independent Non-Executive ...,http://www.profiledata.co.za/JSE_SENS_PDF/history/2026/08/07/SENS_20260807_S525238.pdf
2026-08-07 16:37:16,https://investors.globalpayments.com/sustainability,Information Related to TSYS ISO Environmental Accreditation,https://d1io3yog0oux5.cloudfront.net/_47fea42874b50380d436212ba2c209f5/globalpayments/db/2316/21040/file/TSYS+2023_24+UK+Environmental+Targets+v1.0.pdf
2026-08-07 16:37:19,https://www.acwapower.com/en/investors/earnings-and-reports/,acwa power q2 report 2026 en v19 1,https://www.acwapower.com/media/t5we4kaq/acwa-power_q2-report-2026_en_v19-1.pdf
2026-08-07 16:37:19,https://www.acwapower.com/en/investors/earnings-and-reports/,acwa q2 2026 english fs,https://www.acwapower.com/media/rq4j2qvc/acwa-q2-2026-english-fs.pdf
2026-08-07 16:37:19,https://www.acwapower.com/en/investors/earnings-and-reports/,20260802 press release acwa q2 2026 financial results eng v11c,https://www.acwapower.com/media/ecaiuu0q/20260802-press-release-acwa-q2-2026-financial-results-eng-v11c.pdf
2026-08-07 16:37:19,https://www.pembina.com/sustainability/esg-data-reports,Whistleblower Hotline,https://secure.ethicspoint.com/domain/media/en/gui/44177/index.html
2026-08-07 16:37:19,https://bel-india.in/investors/#annualreports,BEL - 2025-26 - Q4 Financial Results,https://bel-india.in/wp-content/uploads/2026/08/BEL-2025-26-Q4-Financial-Results.pdf
2026-08-10 16:35:49,https://investors.regalrexnord.com/investors/corporate-governance/integrity-and-compliance/default.aspx,RRX Investor Presentation August 2026,https://s28.q4cdn.com/452460759/files/doc_presentations/2026/Aug/10/RRX-Investor-Presentation_August-2026.pdf
2026-08-10 16:35:47,https://www.tatasteel.com/investors/integrated-reportannual-report/integrated-report-annual-accounts-2025-26-119th-year-and-related-documents/,"Annual Return in form MGT-7 as on March 31, 2026",https://www.tatasteel.com/media/26277/annual-mgt-7.pdf
2026-08-10 16:35:47,https://www.wecenergygroup.com/csr/index.htm,wec corporate responsibility report 2025,https://www.wecenergygroup.com/csr/cr2025/wec-corporate-responsibility-report-2025.pdf#pagemode=bookmarks
2026-08-10 16:35:47,https://www.wecenergygroup.com/csr/index.htm,We have mapped our public disclosures of 2025 data to the sustainability-related topics identified by SASB as most significant for,https://www.wecenergygroup.com/csr/sasb-framework2025.pdf
2026-08-10 16:35:47,https://polyus.com/en/sustainability/esg-data-and-reports/,Certificate of Public Endorsement of a Corporate Non-Financial Report,https://polyus.com/upload/files/esg-data-and-reports/2025/sustainability_presentation_2025_en.pdf
2026-08-11 16:36:57,https://www.kfh.com/en/home/Investor-Relations/Annual-Reports/Annual-Reports.html,KFH Tariff List Poster En 10 08 2026,https://www.kfh.com/dam/jcr:facb4a64-c65f-47d7-affc-f5e019acfda4/KFH_Tariff_List_Poster_En_10-08-2026.pdf
2026-08-11 16:36:57,https://investors.universalmusic.com/governance/agm/,AGM Draft Minutes,https://assets.ctfassets.net/e66ejtqbaazg/562QKZEaHuuAtZiXDL9gRa/d93b3f9aef58521d2896bd04f2fa7536/AGM_Draft_Minutes.pdf
2026-08-11 16:36:57,https://esg.eqt.com/report-resources/report-downloads/,6a7b15e099ca644af60c1baf 2025 Sustainability Report,https://cdn.prod.website-files.com/6751b0d7add5edb1f0141aef/6a7b15e099ca644af60c1baf_2025%20Sustainability%20Report.pdf
2026-08-11 16:37:00,https://severstal.com/eng/ir/indicators-reporting/annual-reports/,Unknown Title,https://www.avito.ru/web/1/pixel/watch?counter-id=1000187&hts=1786475779302&_av_uid=1786475441560194406&page-url=https%3A%2F%2Fseverstal.com%2Feng%2Fir%2Findicators-reporting%2Fannual-reports%2F&page-ref=&uah=Mozilla%2F5.0+%28Windows+NT+10.0%3B+Win64%3B+x64%29+AppleWebKit%2F537.36+%28KHTML%2C+like+Gecko%29+Chrome%2F124.0+Safari%2F537.36&title=Annual+reports&ut=auto_click&element-type=link&element-text=2&href=https%3A%2F%2Fseverstal.com%2Fupload%2Fiblock%2F9a9%2Fseverstal-annual-report-eng-2019.pdf&is-external=false
2026-08-12 16:39:34,https://investor.eliagroup.eu/en/elia-group-share/shareholder-meetings,20260812 q2 analyst call 2026 handouts en,https://investor.eliagroup.eu/-/media/project/elia/shared/documents/elia-group/investor-relations/reports-and-results/2026/20260812_q2-analyst-call-2026_handouts_en.pdf
2026-08-12 16:39:38,https://sunpharma.com/policies/,SPIL Code of Conduct for Prohibition of Insider Trading July 2024 Onwards,https://sunpharma.com/wp-content/uploads/2026/08/SPIL-Code-of-Conduct-for-Prohibition-of-Insider-Trading-July-2024-Onwards.pdf
2026-08-12 16:39:38,https://bel-india.in/investors/#annualreports,BEL - Thales Systems Limited Annual report 2025-26,https://bel-india.in/wp-content/uploads/2026/08/BEL-Thales-Systems-Limited-Annual-report-2025-26.pdf
2026-08-13 16:38:06,https://www.iq.com.qa/en/investor-relations/financial-information/#annual-reports,iq financial statements h1 2026 english,https://www.iq.com.qa/media/4zsjkey5/iq-financial-statements-h1-2026-english.pdf
2026-08-13 16:38:06,https://www.iq.com.qa/en/investor-relations/financial-information/#annual-reports,iqcd q2 2026 conference call invitation aug 19,https://www.iq.com.qa/media/rrocifvp/iqcd-q2-2026-conference-call-invitation-aug-19.pdf
2026-08-13 16:38:06,https://www.iq.com.qa/en/investor-relations/financial-information/#annual-reports,iq ir presentation h1 2026 english,https://www.iq.com.qa/media/k1fm0m3u/iq-ir-presentation-h1-2026-english.pdf
2026-08-13 16:38:06,https://www.iq.com.qa/en/investor-relations/financial-information/#annual-reports,iq earnings press release h1 2026 english,https://www.iq.com.qa/media/v5cg10hx/iq-earnings-press-release-h1-2026-english.pdf
2026-08-13 16:38:06,https://www.hapag-lloyd.com/en/company/ir/publications/financial-report.html,Half-year Financial Report H1 2026,https://www.hapag-lloyd.com/content/dam/website/downloads/ir/HLAG_H1_2026_EN.pdf
2026-08-13 16:38:06,https://www.hapag-lloyd.com/en/company/ir/publications/financial-report.html,HLAG Investor Report H1 2026,https://www.hapag-lloyd.com/content/dam/website/downloads/ir/HLAG_Investor_Report_H1_2026.pdf
2026-08-13 16:38:06,https://www.hapag-lloyd.com/en/company/ir/publications/financial-report.html,HLAG Investor Presentation H1 2026,https://www.hapag-lloyd.com/content/dam/website/downloads/ir/HLAG_Investor_Presentation_H1_2026.pdf
2026-08-14 16:37:15,https://bel-india.in/investors/#annualreports,BEL Optronic Devices Limited Annual Report 2025-26,https://bel-india.in/wp-content/uploads/2026/08/BEL-Optronic-Devices-Limited-Annual-Report-2025_26.pdf
2026-08-15 16:00:01,https://www.blueowl.com/sustainability,pdf.worker.min.1669a890.mjs,https://docs.blueowl.com/_next/static/media/pdf.worker.min.1669a890.mjs
2026-08-17 16:04:07,https://www.endeavourmining.com/esg/esg-reporting/,2026 EDV Anti bribery and corruption Fact Sheet,https://edv-14806-s3.s3.eu-west-2.amazonaws.com/files/1117/8697/7594/2026_EDV_Anti-bribery_and_corruption_Fact_Sheet.pdf
2026-08-17 16:04:07,https://www.endeavourmining.com/esg/esg-reporting/,2026 EDV Human Rights Fact Sheet,https://edv-14806-s3.s3.eu-west-2.amazonaws.com/files/3317/8697/6965/2026_EDV_Human_Rights_Fact_Sheet.pdf
2026-08-17 16:04:07,https://www.endeavourmining.com/esg/esg-reporting/,2026 EDV Value Chain Fact Sheet,https://edv-14806-s3.s3.eu-west-2.amazonaws.com/files/5817/8697/7056/2026_EDV_Value_Chain_Fact_Sheet.pdf
2026-08-18 16:10:41,https://evolutionmining.com/document-centre/#corporate-governance#tax-governance-statements,cgo complaints april 2017,https://evolutionmining.com/wp-content/uploads/2025/10/cgo_complaints_april-2017.pdf
2026-08-18 16:10:41,https://evolutionmining.com/document-centre/#corporate-governance#tax-governance-statements,2020 Complaints Register,https://evolutionmining.com/wp-content/uploads/complaints-register-2020.pdf
2026-08-18 16:10:41,https://evolutionmining.com/document-centre/#corporate-governance#tax-governance-statements,2021 Complaints Register,https://evolutionmining.com/wp-content/uploads/complaints-register-2021.pdf
2026-08-18 16:10:41,https://evolutionmining.com/document-centre/#corporate-governance#tax-governance-statements,2022 Complaints Register,https://evolutionmining.com/wp-content/uploads/complaints-register-2022.pdf
2026-08-18 16:10:41,https://evolutionmining.com/document-centre/#corporate-governance#tax-governance-statements,2023 Complaints Register,https://evolutionmining.com/wp-content/uploads/complaints-register-2023.pdf
2026-08-18 16:10:41,https://evolutionmining.com/document-centre/#corporate-governance#tax-governance-statements,2024 Complaints Register,https://evolutionmining.com/wp-content/uploads/complaints-register-2024.pdf
2026-08-18 16:10:41,https://evolutionmining.com/document-centre/#corporate-governance#tax-governance-statements,2025 Complaints Register,https://evolutionmining.com/wp-content/uploads/complaints-register-2025.pdf
2026-08-18 16:10:41,https://evolutionmining.com/document-centre/#corporate-governance#tax-governance-statements,2026 community complaints register northparkes,https://evolutionmining.com/wp-content/uploads/2026-community-complaints-register_northparkes.pdf
2026-08-18 16:10:41,https://evolutionmining.com/document-centre/#corporate-governance#tax-governance-statements,complaints register 2026 1,https://evolutionmining.com/wp-content/uploads/complaints-register-2026-1.pdf
2026-08-18 16:10:41,https://evolutionmining.com/document-centre/#corporate-governance#tax-governance-statements,2026 pollution monitoring data july 2026,https://evolutionmining.com/wp-content/uploads/2026-pollution-monitoring-data_july-2026.pdf
2026-08-18 16:10:41,https://evolutionmining.com/document-centre/#corporate-governance#tax-governance-statements,20260422 npo ccc meeting minutes,https://evolutionmining.com/wp-content/uploads/20260422-npo-ccc-meeting-minutes.pdf
2026-08-18 16:10:41,https://evolutionmining.com/document-centre/#corporate-governance#tax-governance-statements,Air Quality Management Plan,https://evolutionmining.com/wp-content/uploads/2025/11/air-quality-1.pdf
2026-08-18 16:10:41,https://evolutionmining.com/document-centre/#corporate-governance#tax-governance-statements,Appendix 4 Bush Fire Management Plan for the Kokoda Offset Site,https://evolutionmining.com/wp-content/uploads/2025/11/kokoda-bushfire.pdf
2026-08-18 16:10:41,https://evolutionmining.com/document-centre/#corporate-governance#tax-governance-statements,Biodiversity Offset Management Plan,https://evolutionmining.com/wp-content/uploads/2025/11/biodiversity-offset-1.pdf
2026-08-18 16:10:41,https://evolutionmining.com/document-centre/#corporate-governance#tax-governance-statements,Biodiversity Standard,https://evolutionmining.com/wp-content/doc/Biodiversity%20Standard.pdf
2026-08-18 16:10:41,https://evolutionmining.com/document-centre/#corporate-governance#tax-governance-statements,Blast Management Plan,https://evolutionmining.com/wp-content/uploads/2025/11/blast-1.pdf
2026-08-18 16:10:41,https://evolutionmining.com/document-centre/#corporate-governance#tax-governance-statements,CEMC-June 2026,https://evolutionmining.com/wp-content/uploads/evn_ccc_mm_june_26-final.pdf
2026-08-18 16:10:41,https://evolutionmining.com/document-centre/#corporate-governance#tax-governance-statements,Cultural Heritage Standard,https://evolutionmining.com/wp-content/doc/Cultural%20Heritage%20Standard.pdf
2026-08-18 16:10:41,https://evolutionmining.com/document-centre/#corporate-governance#tax-governance-statements,Enterprise Risk Management Standard,https://evolutionmining.com/wp-content/doc/Enterprise%20Risk%20Management%20Standard.pdf
2026-08-18 16:10:41,https://evolutionmining.com/document-centre/#corporate-governance#tax-governance-statements,environmental management strategy 1,https://evolutionmining.com/wp-content/uploads/environmental-management-strategy-1.pdf
2026-08-18 16:10:41,https://evolutionmining.com/document-centre/#corporate-governance#tax-governance-statements,Environmental Noise Management Plan,https://evolutionmining.com/wp-content/uploads/environmental-noise-1.pdf
2026-08-18 16:10:41,https://evolutionmining.com/document-centre/#corporate-governance#tax-governance-statements,EPML00899713 – Mining Environmental Authority,https://evolutionmining.com/wp-content/uploads/2025/11/ea-amendment-20260624-permit-epml00899713-ehm.pdf
2026-08-18 16:10:41,https://evolutionmining.com/document-centre/#corporate-governance#tax-governance-statements,evn ernest henry community partnering program guidelines,https://evolutionmining.com/wp-content/uploads/2025/10/evn_ernest-henry-community-partnering-program-guidelines.pdf
2026-08-18 16:10:41,https://evolutionmining.com/document-centre/#corporate-governance#tax-governance-statements,ESTMA Reporting Report 2020 – Battle North,https://evolutionmining.com/wp-content/uploads/2020-estma-battle-north.pdf
2026-08-18 16:10:41,https://evolutionmining.com/document-centre/#corporate-governance#tax-governance-statements,estma reporting report evolution mining gold operations ltd fy21,https://evolutionmining.com/wp-content/uploads/estma-reporting-report-evolution-mining-gold-operations-ltd-fy21.pdf
2026-08-18 16:10:41,https://evolutionmining.com/document-centre/#corporate-governance#tax-governance-statements,evolution mining gold operations ltd e0002018 2021 22 estma reporting 1,https://evolutionmining.com/wp-content/uploads/evolution-mining-gold-operations-ltd-e0002018-2021-22-estma-reporting-1.pdf
2026-08-18 16:10:41,https://evolutionmining.com/document-centre/#corporate-governance#tax-governance-statements,ESTMA Reporting Report FY23 – Evolution Mining,https://evolutionmining.com/wp-content/uploads/estma-report-fy23-evolution-mining.pdf
2026-08-18 16:10:41,https://evolutionmining.com/document-centre/#corporate-governance#tax-governance-statements,evolution mining gold operations ltd e002018 fy25 estma reporting combined,https://evolutionmining.com/wp-content/uploads/evolution-mining-gold-operations-ltd-e002018-fy25-estma-reporting-combined.pdf
2026-08-18 16:10:41,https://evolutionmining.com/document-centre/#corporate-governance#tax-governance-statements,evn sponsorship donation application form 2023,https://evolutionmining.com/wp-content/uploads/2025/10/evn_sponsorship_donation-application-form-2023.pdf
2026-08-18 16:10:41,https://evolutionmining.com/document-centre/#corporate-governance#tax-governance-statements,evn sponsorship donation guidelines 2023,https://evolutionmining.com/wp-content/uploads/2025/10/evn_sponsorship_donation-guidelines-2023.pdf
2026-08-18 16:10:41,https://evolutionmining.com/document-centre/#corporate-governance#tax-governance-statements,First Nation Partners and Indigenous Peoples Standard,https://evolutionmining.com/wp-content/doc/First%20Nation%20Partners%20and%20Indigenous%20Peoples%20Standard.pdf
2026-08-18 16:10:41,https://evolutionmining.com/document-centre/#corporate-governance#tax-governance-statements,evn fy24 esg performance data web.xlsx,https://evolutionmining.com/wp-content/uploads/evn_fy24-esg-performance-data_web.xlsx
2026-08-18 16:10:41,https://evolutionmining.com/document-centre/#corporate-governance#tax-governance-statements,FY25 Northparkes Operations fact sheet,https://evolutionmining.com/wp-content/uploads/2025/11/fy25-northparkes-fact-sheet.pdf
2026-08-18 16:10:41,https://evolutionmining.com/document-centre/#corporate-governance#tax-governance-statements,Groundwater Management Plan,https://evolutionmining.com/wp-content/uploads/2025/11/groundwater-1.pdf
2026-08-18 16:10:41,https://evolutionmining.com/document-centre/#corporate-governance#tax-governance-statements,Heritage Management Plan,https://evolutionmining.com/wp-content/uploads/heritage-management.pdf
2026-08-18 16:10:41,https://evolutionmining.com/document-centre/#corporate-governance#tax-governance-statements,"Land Access, Acquisition and Resettlement Standard","https://evolutionmining.com/wp-content/doc/Land%20Access,%20Acquisition%20and%20Resettlement%20Standard.pdf"
2026-08-18 16:10:41,https://evolutionmining.com/document-centre/#corporate-governance#tax-governance-statements,evolution mining sponsorship and donation application form mro,https://evolutionmining.com/wp-content/uploads/2025/11/evolution-mining-sponsorship-and-donation-application-form_mro.pdf
2026-08-18 16:10:41,https://evolutionmining.com/document-centre/#corporate-governance#tax-governance-statements,evolution mining sponsorship donation guidelines,https://evolutionmining.com/wp-content/uploads/2025/11/evolution-mining_sponsorship_donation-guidelines.pdf
2026-08-18 16:10:41,https://evolutionmining.com/document-centre/#corporate-governance#tax-governance-statements,Mungari Partnership Program guidelines and application form,https://evolutionmining.com/wp-content/uploads/community-partnership-program-forms.pdf
2026-08-18 16:10:41,https://evolutionmining.com/document-centre/#corporate-governance#tax-governance-statements,Non Audit Services (NAS) Policy,https://evolutionmining.com/doc/Non%20Audit%20Services%20(NAS)%20Policy.pdf
2026-08-18 16:10:41,https://evolutionmining.com/document-centre/#corporate-governance#tax-governance-statements,2025 northparkes cip guidelines,https://evolutionmining.com/wp-content/uploads/2025/11/2025_northparkes_cip_guidelines.pdf
2026-08-18 16:10:41,https://evolutionmining.com/document-centre/#corporate-governance#tax-governance-statements,Purchase Order Terms & Conditions – Supply of Goods,https://evolutionmining.com/wp-content/uploads/2025/11/po-terms-and-conditions_goods_website-version.pdf
2026-08-18 16:10:41,https://evolutionmining.com/document-centre/#corporate-governance#tax-governance-statements,Purchase Order Terms & Conditions – Supply of Services,https://evolutionmining.com/wp-content/uploads/2025/11/po-terms-and-conditions_services_website-version.pdf
2026-08-18 16:10:41,https://evolutionmining.com/document-centre/#corporate-governance#tax-governance-statements,env sponsorships and donations application form red lake fillable,https://evolutionmining.com/wp-content/uploads/2025/11/env-sponsorships-and-donations-application-form-red-lake-fillable.pdf
2026-08-18 16:10:41,https://evolutionmining.com/document-centre/#corporate-governance#tax-governance-statements,red lake sponsorships and donations guidelines 2021 1,https://evolutionmining.com/wp-content/uploads/2025/11/red-lake-sponsorships-and-donations-guidelines-2021-1.pdf
2026-08-18 16:10:41,https://evolutionmining.com/document-centre/#corporate-governance#tax-governance-statements,Rehabilitation and Mine Closure Standard,https://evolutionmining.com/wp-content/doc/Rehabilitation%20and%20Mine%20Closure%20Standard.pdf
2026-08-18 16:10:41,https://evolutionmining.com/document-centre/#corporate-governance#tax-governance-statements,Rehabilitation Management Plan,https://evolutionmining.com/wp-content/uploads/2025/11/rehabilitation-1.pdf
2026-08-18 16:10:41,https://evolutionmining.com/document-centre/#corporate-governance#tax-governance-statements,Stakeholder Engagement Standard,https://evolutionmining.com/wp-content/doc/Stakeholder%20Engagement%20Standard.pdf
2026-08-18 16:10:41,https://evolutionmining.com/document-centre/#corporate-governance#tax-governance-statements,Surface Water Management Plan,https://evolutionmining.com/wp-content/uploads/2025/11/surface-water-management.pdf
2026-08-18 16:10:41,https://evolutionmining.com/document-centre/#corporate-governance#tax-governance-statements,Tailings Storage Facility Standard,https://evolutionmining.com/doc/Tailings%20Storage%20Facility%20Standard.pdf
2026-08-18 16:10:41,https://evolutionmining.com/document-centre/#corporate-governance#tax-governance-statements,The Cowal Community Newsletter June 2025,https://evolutionmining.com/wp-content/uploads/2025/11/em-newsletter-jun-25-1.pdf
2026-08-18 16:10:41,https://evolutionmining.com/document-centre/#corporate-governance#tax-governance-statements,The Northparkes Community Newsletter April 2025,https://evolutionmining.com/wp-content/uploads/2025/11/april-2025-source-1.pdf
2026-08-18 16:10:41,https://evolutionmining.com/document-centre/#corporate-governance#tax-governance-statements,The Northparkes Community Newsletter December 2024,https://evolutionmining.com/wp-content/uploads/2025/11/source-dec-2024-1.pdf
2026-08-18 16:10:41,https://evolutionmining.com/document-centre/#corporate-governance#tax-governance-statements,The Northparkes Community Newsletter May 2024,https://evolutionmining.com/wp-content/uploads/2025/11/source-may-2024-1.pdf
2026-08-18 16:10:41,https://evolutionmining.com/document-centre/#corporate-governance#tax-governance-statements,Traffic Management Plan,https://evolutionmining.com/wp-content/uploads/traffic-1.pdf
2026-08-18 16:10:41,https://evolutionmining.com/document-centre/#corporate-governance#tax-governance-statements,Waste Rock and Ore Standard,https://evolutionmining.com/wp-content/doc/Waste%20Rock%20and%20Ore%20Standard.pdf
2026-08-18 16:10:41,https://evolutionmining.com/document-centre/#corporate-governance#tax-governance-statements,Waste Standard,https://evolutionmining.com/wp-content/doc/Waste%20Standard.pdf
2026-08-18 16:10:41,https://evolutionmining.com/document-centre/#corporate-governance#tax-governance-statements,Water Management Standard,https://evolutionmining.com/wp-content/doc/Water%20Management%20Standard.pdf
2026-08-18 16:10:41,https://evolutionmining.com/document-centre/#corporate-governance#tax-governance-statements,playlist.m3u8,https://cloud.tagbox.com/media/1779958/2198539/494507/urn:li:ugcPost:7480091688087212032/clip/playlist.m3u8
2026-08-18 16:10:41,https://evolutionmining.com/document-centre/#corporate-governance#tax-governance-statements,playlist.m3u8,https://cloud.tagbox.com/media/1779958/2198539/494507/urn:li:ugcPost:7493537465753030656/clip/playlist.m3u8
2026-08-18 16:10:41,https://evolutionmining.com/document-centre/#corporate-governance#tax-governance-statements,clip 3s.ts,https://cloud.tagbox.com/media/1779958/2198539/494507/urn:li:ugcPost:7480091688087212032/clip/segment/clip_3s.ts
2026-08-18 16:10:41,https://evolutionmining.com/document-centre/#corporate-governance#tax-governance-statements,clip 3s.ts,https://cloud.tagbox.com/media/1779958/2198539/494507/urn:li:ugcPost:7493537465753030656/clip/segment/clip_3s.ts
2026-08-18 16:10:40,https://www.sbasite.com/English/Company/Corporate-Responsibility/Sustainability/default.aspx,sbac 2025 Sustainability Report,https://www.sbasite.com/files/doc_financials/2025/sr/sbac_2025_Sustainability_Report.pdf
2026-08-19 16:12:16,https://evolutionmining.com/document-centre/#corporate-governance#tax-governance-statements,Appendix 4E and FY26 Financial Report,https://yourir.info/resources/851ef7ffa345f09f/announcements/evn.asx/2A1690301/Appendix_4E_and_FY26_Financial_Report.pdf
2026-08-19 16:12:16,https://evolutionmining.com/document-centre/#corporate-governance#tax-governance-statements,2026 Climate Report,https://yourir.info/resources/851ef7ffa345f09f/announcements/evn.asx/2A1690303/FY26_Climate_Report.pdf
2026-08-19 16:12:16,https://evolutionmining.com/document-centre/#corporate-governance#tax-governance-statements,evn fy26 full year financial results and final dividend,https://evolutionmining.com/wp-content/uploads/evn_fy26_full_year_financial_results_and_final_dividend.pdf
2026-08-19 16:12:16,https://evolutionmining.com/document-centre/#corporate-governance#tax-governance-statements,Evolution agrees to acquire Carnaby Resources,https://yourir.info/resources/851ef7ffa345f09f/announcements/evn.asx/2A1685873/Evolution_agrees_to_acquire_Carnaby_Resources.pdf
2026-08-19 16:12:16,https://evolutionmining.com/document-centre/#corporate-governance#tax-governance-statements,annual mineral resources and ore reserves statement,https://evolutionmining.com/wp-content/uploads/annual_mineral_resources_and_ore_reserves_statement.pdf
2026-08-19 16:12:16,https://bel-india.in/investors/#annualreports,Addendum to Notice of the 72nd Annual General Meeting,https://bel-india.in/wp-content/uploads/2026/08/Addendum-to-Notice-of-the-72nd-Annual-General-Meeting.pdf
2026-08-19 16:12:16,https://bel-india.in/investors/#annualreports,BEL - Thales Systems Limited Annual report 2025-26,https://bel-india.in/wp-content/uploads/2026/08/BEL-Thales-Systems-Limited-Annual-report-2025-26-1.pdf
2026-08-19 16:12:15,https://www.pekao.com.pl/en/investors-relations/general-meeting.html,12 DRAFT RESOLUTIONS OF THE ORDINARY GENERAL MEETING of the Bank on 01.06.2012.2019 06 24 16 07 22,https://www.pekao.com.pl/dam/jcr:59275d84-4fd0-43ca-9c7f-7299c7afee67/12_DRAFT_RESOLUTIONS_OF_THE_ORDINARY_GENERAL_MEETING_of_the_Bank_on_01.06.2012.2019-06-24-16-07-22.pdf
2026-08-20 16:12:02,https://www.crowncork.com/sustainability/reporting,"As committed leaders in sustainability, Crown is working towards decarbonization goals for 2030 and beyond towards net-zero ambition. The",https://www.crowncork.com/sites/default/files/2026-08/Climatetransitionplan_CrownHoldings.pdf
2026-08-20 16:12:02,https://investors.globalpayments.com/sustainability,Information Related to TSYS ISO Environmental Accreditation,https://d1io3yog0oux5.cloudfront.net/_05f3612b08757a9cd2d37630d2b1c76a/globalpayments/db/2316/21040/file/TSYS+2023_24+UK+Environmental+Targets+v1.0.pdf
2026-08-20 16:12:02,https://ctp.eu/investors/shareholder-meetings/,CTP N.V. 2026 AGM Annual General Meeting Minutes,https://ctp.eu/wp-content/uploads/2026/08/CTP-N.V.-2026-AGM-Annual-General-Meeting-Minutes.pdf
2026-08-22 16:00:20,https://www.gehealthcare.com/en-us/about/sustainability,final 2026 msa canada with attestations,https://www.gehealthcare.com/content/dam/gehc/global/footer/documents/final-2026-msa-canada-with-attestations.pdf
2026-08-24 16:18:05,https://gf.com/about-us/corporate-responsibility/,GlobalFoundries 2026 Sustainability Report,https://gf.com/wp-content/uploads/2026/08/GlobalFoundries-2026-Sustainability-Report.pdf
2026-08-24 16:18:05,https://gf.com/about-us/corporate-responsibility/,GlobalFoundries 2026 Sustainability Report Executive Summary,https://gf.com/wp-content/uploads/2026/08/GlobalFoundries-2026-Sustainability-Report-Executive-Summary.pdf
2026-08-24 16:18:05,https://evolutionmining.com/document-centre/#corporate-governance#tax-governance-statements,2026 Climate Report,https://evolutionmining.com/wp-content/uploads/2026-climate-report.pdf
2026-08-24 16:18:05,https://evolutionmining.com/document-centre/#corporate-governance#tax-governance-statements,2026 Financial Report,https://evolutionmining.com/wp-content/uploads/fy26-financial-report.pdf
2026-08-24 16:18:16,https://investors.globalpayments.com/sustainability,Information Related to TSYS ISO Environmental Accreditation,https://d1io3yog0oux5.cloudfront.net/_63c08779c8d6f1f027c0ad7e72aced37/globalpayments/db/2316/21040/file/TSYS+2023_24+UK+Environmental+Targets+v1.0.pdf
2026-08-25 16:21:18,https://investors.globalpayments.com/sustainability,Information Related to TSYS ISO Environmental Accreditation,https://d1io3yog0oux5.cloudfront.net/_aeea3bf6a5561d388cba73a90923b3e5/globalpayments/db/2316/21040/file/TSYS+2023_24+UK+Environmental+Targets+v1.0.pdf
2026-08-25 16:21:18,https://www.sofinagroup.com/investor-relations/financial-reporting/annual-reports/,Annual report 2014,https://www.sofinagroup.com/~/media/Files/S/Sofina-Corp/annual-report/archive/RAFR201404.pdf
2026-08-26 16:54:49,https://www.publicbankgroup.com/sustainability/sustainability-disclosures/,financed emissions report,https://www.publicbankgroup.com/media/zudhwmdz/financed-emissions-report.pdf
2026-08-26 16:54:47,https://www.sanlam.com/shareholder-information,TRADING STATEMENT FOR THE SIX MONTHS ENDE...,http://www.profiledata.co.za/JSE_SENS_PDF/history/2026/08/26/SENS_20260826_S602137.pdf
2026-08-26 16:54:47,https://www.crowncork.com/sustainability/reporting,Sustainability Accounting Standards Board (SASB),https://www.crowncork.com/sites/default/files/2026-08/CrownSASB_25u.pdf
2026-08-28 00:43:42,https://investorcentre.sigmahealthcare.com.au/corporate-governance/governance-documents,Sigma Healthcare Annual Report 2026,https://investorcentre.sigmahealthcare.com.au/static-files/b760d14d-0817-4451-98b2-318a3ff0db21
2026-08-28 00:43:42,https://investorcentre.sigmahealthcare.com.au/corporate-governance/governance-documents,Corporate Governance Statement 2026,https://investorcentre.sigmahealthcare.com.au/static-files/9b847db7-e21a-42c2-8d68-537d8070eb42
2026-08-29 00:17:08,https://www.strabag.com/en/investor-relations-en/financial-publications/results-and-reports,STRABAG SE Semi Annual Report 2026 e,https://www.strabag.com/site/strabag-company-locale/get/params_E-1855929267/2668929/STRABAG_SE_Semi-Annual-Report%202026_e.pdf
2026-08-29 00:17:08,https://www.strabag.com/en/investor-relations-en/financial-publications/results-and-reports,Results Presentation 6M 2026 pdf ∙ 7 MB,https://www.strabag.com/site/strabag-company-locale/get/params_E-1983022110/2668932/STRABAG%20SE_Pressemitteilung_6M%202026_e.pdf
2026-08-29 00:17:08,https://www.strabag.com/en/investor-relations-en/financial-publications/results-and-reports,Results Presentation 6M 2026 pdf ∙ 7 MB,https://www.strabag.com/site/strabag-company-locale/get/params_E-477451737/2668937/STRABAG%20SE_Presentation_6M%202026.pdf
2026-08-31 21:11:18,https://investorcentre.sigmahealthcare.com.au/corporate-governance/governance-documents,WGEA Report 2025-26,https://investorcentre.sigmahealthcare.com.au/static-files/f2e440af-8570-440d-b248-3e5a08ba31eb
2026-08-31 21:11:18,https://www.vedantalimited.com/eng/esg-reporting.php,Vedanta CDP Report,https://www.vedantalimited.com/eng/uploads/esg/esg-reporting/CDP_Response_FY26.pdf
2026-09-01 18:56:16,https://investors.aecom.com/sustainability,2026 Sustainability Report 15.6 MB,https://investors.aecom.com/static-files/ba778410-8f9a-4870-b2f3-7af14f6e7902
2026-09-02 19:03:57,https://idexcorp.com/about-idex/idex-sustainability/,2025 Sustainability Update Explore our 2024 Sustainability Report and our 2025 Update Report to learn about IDEX’s sustainability progress and,https://cdn.prod.website-files.com/6a13f2dbffddfbc9cbcbfb77/6a984386981fec81126d30c2_2025_IDEX_Sustainability_Report_Update%20073026.pdf
2026-09-02 19:03:57,https://www.sofinagroup.com/investor-relations/financial-reporting/annual-reports/,half year report 2026,https://www.sofinagroup.com/~/media/Files/S/Sofina-Corp/annual-report/2026/half-year-report-2026.pdf
2026-09-02 19:03:57,https://www.sofinagroup.com/investor-relations/financial-reporting/annual-reports/,presentation of the 2026 half year results,https://www.sofinagroup.com/~/media/Files/S/Sofina-Corp/annual-report/2026/presentation-of-the-2026-half-year-results.pdf
2026-09-04 18:45:13,https://investors.aecom.com/sustainability,Safety Health & Environment Policy 196.3 KB,https://investors.aecom.com/static-files/0935eac5-1259-44bb-a94d-4ca3f32ff696
2026-09-04 18:45:13,https://investors.essexapartmenthomes.com/overview/default.aspx,3Q26 Dividend Announcement,https://s203.q4cdn.com/488215793/files/content_files/3Q26-Dividend-Announcement.pdf
2026-09-09 19:00:22,https://www.blueowl.com/sustainability,2025 Blue Owl Sustainability Report,https://docs.blueowl.com/files/downloads/library-items/6aa00d0bb9fc2da1312931b4/2025%20Blue%20Owl%20Sustainability%20Report.pdf?code=0b5751eea8523f8edde541fa46b27ee9
2026-09-09 19:00:22,https://azrieligroup.com/general-meetings/,Azrieli Notice of Meeting Report 23 09 2026 29 07 2026,https://azrieligroup.com/wp-content/uploads/2026/02/Azrieli_Notice-of-Meeting-Report-23-09-2026_29-07-2026.pdf
2026-09-09 19:00:22,https://azrieligroup.com/general-meetings/,Azrieli Voting Card 23 09 2026 29 07 2026,https://azrieligroup.com/wp-content/uploads/2026/02/Azrieli_Voting-Card-23-09-2026-29-07-2026.pdf
2026-09-09 19:00:23,https://www.nrg.com/sustainability/reporting.hthttps://www.nrg.com/sustainability/reporting.html,NRG 2025 Sustainability Report,https://www.nrg.com/assets/documents/sustainability/NRG_2025%20Sustainability%20Report.pdf
2026-09-09 19:00:23,https://www.nrg.com/sustainability/reporting.hthttps://www.nrg.com/sustainability/reporting.html,NRG 2025 Sustainability Report SASB,https://www.nrg.com/assets/documents/sustainability/NRG_2025%20Sustainability%20Report_SASB.pdf
2026-09-09 19:00:23,https://www.nrg.com/sustainability/reporting.hthttps://www.nrg.com/sustainability/reporting.html,NRG 2025 Sustainability Report PerformanceData,https://www.nrg.com/assets/documents/sustainability/NRG_2025%20Sustainability%20Report_PerformanceData.pdf
2026-09-10 18:37:35,https://ir.bookingholdings.com/governance/governance-documents/default.aspx,Anti Bribery and Corruption Policy 47fc81,https://s25.q4cdn.com/383369491/files/doc_document_list/2026/Sep/10/Anti-Bribery-and-Corruption-Policy-47fc81.pdf
2026-09-10 18:50:19,https://www.sanlam.com/sustainability,2026 interim results media release,https://www.sanlam.com/pdf/media-releases/2026/2026-interim-results-media-release.pdf
2026-09-10 18:50:19,https://www.sanlam.com/financial-reporting,Sanlam's earnings framework,https://www.sanlam.com/downloads/shareholder-meetings/2026/sanlams-earnings-framework.pdf
2026-09-10 18:50:19,https://www.sanlam.com/financial-reporting,Interim results 2026 - Spreads,https://www.sanlam.com/downloads/results-announcements/2026/2026-interim-results-spreads.pdf
2026-09-10 18:50:19,https://www.sanlam.com/financial-reporting,Interim results 2026 - Singles,https://www.sanlam.com/downloads/results-announcements/2026/2026-interim-results-singles.pdf
2026-09-10 18:50:19,https://www.sanlam.com/shareholder-information,2026 interim results presentation,https://www.sanlam.com/downloads/results-announcements/2026/2026-interim-results-presentation.pdf
2026-09-10 18:50:19,https://www.sanlam.com/shareholder-information,UNAUDITED INTERIM RESULTS FOR THE SIX MON...,http://www.profiledata.co.za/JSE_SENS_PDF/history/2026/09/10/SENS_20260910_S602913.pdf
2026-09-10 18:50:25,https://www.goldfields.com/sustainability-reporting.php,paia manual,https://www.goldfields.com/pdf/about-us/corporate-governance/standards-and-principles/2026/paia-manual.pdf
2026-09-10 18:50:25,https://www.goldfields.com/sustainability-reporting.php,PAIA Notice,https://www.goldfields.com/pdf/about-us/corporate-governance/standards-and-principles/2026/paia-notice.pdf
2026-09-10 18:50:25,https://www.nrg.com/sustainability/reporting.hthttps://www.nrg.com/sustainability/reporting.html,2025 sustainability report,https://www.nrg.com/assets/documents/sustainability/2025-sustainability-report.pdf
2026-09-10 18:50:25,https://www.nrg.com/sustainability/reporting.hthttps://www.nrg.com/sustainability/reporting.html,2025 sasb report,https://www.nrg.com/assets/documents/sustainability/2025-sasb-report.pdf
2026-09-10 18:50:25,https://www.nrg.com/sustainability/reporting.hthttps://www.nrg.com/sustainability/reporting.html,2025 esg data downloads,https://www.nrg.com/assets/documents/sustainability/2025-esg-data-downloads.pdf
2026-09-12 17:59:50,https://investors.essexapartmenthomes.com/overview/default.aspx,Essex Property Trust to Present at The Bank of America Global Real Estate Conference 2026,https://s203.q4cdn.com/488215793/files/content_files/BAML-Conference-Announcement.pdf
2026-09-12 17:59:50,https://investors.essexapartmenthomes.com/overview/default.aspx,ESS Sept 2026 Investor Presentation,https://s203.q4cdn.com/488215793/files/content_files/ESS-Sept-2026-Investor-Presentation.pdf
2026-09-14 20:08:32,https://www.blueowl.com/sustainability,manifest.json,https://www.blueowlcapitalcorporation.com/_assets/_51ee2b9c035f6901f423028d9da32373/blueowlcapitalcorporation/files/theme/images/favicons/manifest.json
2026-09-14 20:08:32,https://www.blueowl.com/sustainability,Q2'26+OBDC+Tearsheet,https://www.blueowlcapitalcorporation.com/_assets/_51ee2b9c035f6901f423028d9da32373/blueowlcapitalcorporation/db/2329/22320/tearsheet/Q2%2726+OBDC+Tearsheet.pdf
2026-09-14 20:08:32,https://www.blueowl.com/sustainability,Q2'26+OBDC+Investor+Presentation vFF,https://www.blueowlcapitalcorporation.com/_assets/_51ee2b9c035f6901f423028d9da32373/blueowlcapitalcorporation/db/2218/29483/presentation/Q2%2726+OBDC+Investor+Presentation_vFF.pdf
2026-09-15 19:22:06,https://www.sanlam.com/shareholder-information,Director of Major Subsidiary Dealing in S...,http://www.profiledata.co.za/JSE_SENS_PDF/history/2026/09/15/SENS_20260915_S603305.pdf
2026-09-15 19:22:12,https://www.wheatonpm.com/sustainability/reporting-disclosure-portal/default.aspx,Wheaton Guidebook 2026 2027 FINAL WEB,https://s203.q4cdn.com/976005377/files/doc_downloads/featured-documents/Wheaton_Guidebook-2026-2027-FINAL-WEB.pdf
2026-09-16 19:13:12,https://www.pradagroup.com/en/sustainability/download-area-csr.html,Prada Group Who We Are EN September 2026,https://www.pradagroup.com/content/dam/pradagroup/documents/Group_Profile/2026/settembre/Prada-Group-Who-We-Are_EN_September-2026.pdf
2026-09-16 19:13:14,https://evolutionmining.com/document-centre/#corporate-governance#tax-governance-statements,Capital management,https://yourir.info/resources/851ef7ffa345f09f/announcements/evn.asx/2A1697186/Capital_management.pdf
2026-09-16 19:13:14,https://evolutionmining.com/document-centre/#corporate-governance#tax-governance-statements,Discovery and exploration,https://yourir.info/resources/851ef7ffa345f09f/announcements/evn.asx/2A1697185/Discovery_and_exploration.pdf
2026-09-16 19:13:14,https://evolutionmining.com/document-centre/#corporate-governance#tax-governance-statements,Current projects and future growth opportunities,https://yourir.info/resources/851ef7ffa345f09f/announcements/evn.asx/2A1697184/Current_projects_and_future_growth_opportunities.pdf
2026-09-16 19:13:14,https://evolutionmining.com/document-centre/#corporate-governance#tax-governance-statements,2026 investor briefings presentations,https://yourir.info/resources/851ef7ffa345f09f/announcements/evn.asx/2A1697175/2026_Investor_Briefing_Presentations.pdf
2026-09-17 19:22:41,https://elm.sa/en/sustainability/Pages/sustainability-reports.aspx,Elm Sustainability Report 2025—EN,https://elm.sa/en/sustainability/SustainabilityReports/Elm Sustainability Report 2025—EN.pdf
2026-09-17 19:22:41,https://elm.sa/en/sustainability/Pages/sustainability-reports.aspx,Elm Sustainability Report 2025—EN,https://elm.sa/en/sustainability/SustainabilityReports/Elm%20Sustainability%20Report%202025%E2%80%94EN.pdf
2026-09-17 19:22:42,https://www.goldfields.com/sustainability-reporting.php,Speak Up,https://secure.ethicspoint.eu/domain/media/en/gui/114521/index.html
2026-09-19 18:22:11,https://investors.quantaservices.com/corporate-governance/governance-documents,Finance+and+Investment+Committee+Charter+ +2026 09 02+FINAL,https://investors.quantaservices.com/_assets/_398db975ed4ccfce094e4c9cdee730f6/quantaservices/db/904/9990/file/Finance+and+Investment+Committee+Charter+-+2026-09-02+FINAL.pdf
2026-09-20 18:28:35,https://investors.quantaservices.com/corporate-governance/governance-documents,Finance+and+Investment+Committee+Charter+ +2026 09 02+FINAL,https://investors.quantaservices.com/_assets/_ddfb2ac5b061bfc7c286a30a42c87331/quantaservices/db/904/9990/file/Finance+and+Investment+Committee+Charter+-+2026-09-02+FINAL.pdf
2026-09-21 20:15:32,https://www.blueowl.com/sustainability,manifest.json,https://www.blueowlcapitalcorporation.com/_assets/_f7929de8ef26a254c18ce4d86f30d03a/blueowlcapitalcorporation/files/theme/images/favicons/manifest.json
2026-09-21 20:15:32,https://www.blueowl.com/sustainability,Q2'26+OBDC+Tearsheet,https://www.blueowlcapitalcorporation.com/_assets/_f7929de8ef26a254c18ce4d86f30d03a/blueowlcapitalcorporation/db/2329/22320/tearsheet/Q2%2726+OBDC+Tearsheet.pdf
2026-09-21 20:15:32,https://www.blueowl.com/sustainability,Q2'26+OBDC+Investor+Presentation vFF,https://www.blueowlcapitalcorporation.com/_assets/_f7929de8ef26a254c18ce4d86f30d03a/blueowlcapitalcorporation/db/2218/29483/presentation/Q2%2726+OBDC+Investor+Presentation_vFF.pdf
2026-09-21 20:15:35,https://www.dollargeneral.com/about-us/corporate-social-responsibility,Dollar General’s latest Serving Others Report on corporate social responsibility and sustainability highlights our efforts to bring our mission of,https://www.dollargeneral.com/content/dam/dg/assets/landing-pages/public-relations/corporate-social-responsibility/documents/ServingOthersReportFY25_MasterFinaUpdated.pdf
2026-09-21 20:15:35,https://www.goldfields.com/sustainability-reporting.php,2025 CDP Corporate Questionnaire,https://www.goldfields.com/pdf/sustainbility/sustainability-reporting/cdp-submission/2025-cdp-submission.pdf
2026-09-22 19:14:36,https://www.sanlam.com/shareholder-information,Interest Payments Notification,http://www.profiledata.co.za/JSE_SENS_PDF/history/2026/09/22/SENS_20260922_S603654.pdf
2026-09-22 19:14:36,https://www.iamgold.com/English/sustainability/reports/default.aspx,25 1118 Statement for IAMGOLD 2025 GHG Verification 11SEPT2026 signed,https://s202.q4cdn.com/468687163/files/content_files/25-1118-Statement-for-IAMGOLD-2025-GHG-Verification_11SEPT2026-signed.pdf
2026-09-23 19:22:27,https://www.sanlam.com/shareholder-information,SLI12 SLI13 Interest Payment Notification...,http://www.profiledata.co.za/JSE_SENS_PDF/history/2026/09/23/SENS_20260923_S603746.pdf
2026-09-23 19:22:27,https://www.sanlam.com/shareholder-information,Interest Payment Notifications,http://www.profiledata.co.za/JSE_SENS_PDF/history/2026/09/23/SENS_20260923_S603734.pdf
2026-09-23 19:22:27,https://investors.aecom.com/sustainability,FY2025 EU Public Country-by-Country Report 1.1 MB,https://investors.aecom.com/static-files/6ed14d7c-b364-4b6f-84e4-aa51143ee036
2026-09-23 19:22:27,https://investors.aecom.com/sustainability,FY2025 EU Public Country-by-Country Report 130.4 KB,https://investors.aecom.com/static-files/19be2868-be1a-4408-bff8-6bb31a0da1c6
2026-09-23 19:22:27,https://www.blueowl.com/sustainability,manifest.json,https://www.blueowlcapitalcorporation.com/_assets/_3a9ec0c69392ee4e4cbcddac04fe3687/blueowlcapitalcorporation/files/theme/images/favicons/manifest.json
2026-09-23 19:22:27,https://www.blueowl.com/sustainability,Q2'26+OBDC+Tearsheet,https://www.blueowlcapitalcorporation.com/_assets/_3a9ec0c69392ee4e4cbcddac04fe3687/blueowlcapitalcorporation/db/2329/22320/tearsheet/Q2%2726+OBDC+Tearsheet.pdf
2026-09-23 19:22:27,https://www.blueowl.com/sustainability,Q2'26+OBDC+Investor+Presentation vFFF,https://www.blueowlcapitalcorporation.com/_assets/_3a9ec0c69392ee4e4cbcddac04fe3687/blueowlcapitalcorporation/db/2218/29483/presentation/Q2%2726+OBDC+Investor+Presentation_vFFF.pdf
2026-09-23 19:22:27,https://investors.regalrexnord.com/investors/corporate-governance/Sustainability-Reports/default.aspx,MCOL RRX Sustainability Report 2025 09 19 26 Web,https://s28.q4cdn.com/452460759/files/doc_governance/2026/Sep/MCOL-RRX-Sustainability-Report-2025-09-19-26-Web.pdf
2026-09-24 19:37:35,https://esg.eqt.com/report-resources/report-downloads/,6ab53525a5a0e486b918d352 EQT 2025 Sustainability Report,https://cdn.prod.website-files.com/6751b0d7add5edb1f0141aef/6ab53525a5a0e486b918d352_EQT-2025-Sustainability-Report.pdf
2026-09-24 19:37:30,https://investors.globalpayments.com/sustainability,Information Related to TSYS ISO Environmental Accreditation,https://d1io3yog0oux5.cloudfront.net/_741b3496654f3c868e52784c7d2f7ee0/globalpayments/db/2316/21040/file/TSYS+2023_24+UK+Environmental+Targets+v1.0.pdf
2026-09-25 19:39:21,https://www.equinix.com/about/sustainability/document-center,2026 Green Bond Allocation and Impact Report en,https://www.equinix.com/content/dam/eqxcorp/en_us/documents/about/sustainability/2026_Green_Bond_Allocation_and_Impact_Report_en.pdf
2026-09-25 19:39:21,https://www.hapag-lloyd.com/en/company/responsibility/sustainability/sustainability-report.html,"*Our Net-Zero 2045 ambition builds on our DNV-verified roadmap and foresees progressive fleet renewal, efficiency improvements, network speed reductions and",https://www.hapag-lloyd.com/content/dam/website/downloads/pdf/2025-09-25_DNV_HLAG_Verification.pdf
2026-09-28 21:32:01,https://www.eogresources.com/sustainability/,EOG 2025 Sustainability Performance Report,https://eogresources.s3.us-east-2.amazonaws.com/EOG_2025_Sustainability_Performance_Report.pdf
2026-09-28 21:32:01,https://www.eogresources.com/sustainability/,EOG 2025 Sustainability Management Report,https://eogresources.s3.us-east-2.amazonaws.com/EOG_2025_Sustainability_Management_Report.pdf
2026-09-28 21:32:01,https://www.eogresources.com/sustainability/,EOG 2025 Data Tear Sheet,https://eogresources.s3.us-east-2.amazonaws.com/EOG_2025_Data_Tear_Sheet.pdf
2026-09-28 21:32:01,https://www.blueowl.com/sustainability,manifest.json,https://www.blueowlcapitalcorporation.com/_assets/_3cc9786d6fb5ac1f45427ffeb5f8329a/blueowlcapitalcorporation/files/theme/images/favicons/manifest.json
2026-09-28 21:32:01,https://www.blueowl.com/sustainability,Q2'26+OBDC+Tearsheet,https://www.blueowlcapitalcorporation.com/_assets/_3cc9786d6fb5ac1f45427ffeb5f8329a/blueowlcapitalcorporation/db/2329/22320/tearsheet/Q2%2726+OBDC+Tearsheet.pdf
2026-09-28 21:32:01,https://www.blueowl.com/sustainability,Q2'26+OBDC+Investor+Presentation vFFF,https://www.blueowlcapitalcorporation.com/_assets/_3cc9786d6fb5ac1f45427ffeb5f8329a/blueowlcapitalcorporation/db/2218/29483/presentation/Q2%2726+OBDC+Investor+Presentation_vFFF.pdf
2026-09-29 20:21:37,https://www.strabag.com/en/investor-relations-en/financial-publications/results-and-reports,Consolidated report on payments to governments for the 2024 financial year pdf ∙ 144 KB,https://www.strabag.com/site/strabag-company-locale/get/params_E6613466/1682533/STRABAG%20SE_Results%20presentation_e.pdf
2026-09-29 20:21:37,https://www.strabag.com/en/investor-relations-en/financial-publications/results-and-reports,Consolidated report on payments to governments for the 2022 financial year pdf ∙ 148 KB,https://www.strabag.com/site/strabag-company-locale/get/params_E1475896668/948447/STRABAGSE-FY-2022-results-presentation.pdf
2026-09-29 20:21:37,https://www.strabag.com/en/investor-relations-en/financial-publications/results-and-reports,Consolidated report on payments to governments for the 2022 financial year pdf ∙ 148 KB,https://www.strabag.com/site/strabag-company-locale/get/params_E51803122/1111799/STRABAG-SE-FY-2022-Bilanzpressekonferenz.pdf
2026-09-29 20:21:37,https://www.strabag.com/en/investor-relations-en/financial-publications/results-and-reports,Consolidated report on payments to government bodies financial year 2021 pdf ∙ 90 KB,https://www.strabag.com/site/strabag-company-locale/get/params_E-1325359308/1008743/STRABAG-SE-6M-2021-results-presentation-FINAL.pdf
2026-09-29 20:21:37,https://www.strabag.com/en/investor-relations-en/news-and-events/annual-general-meeting,Presentation AGM 2026 (German) pdf ∙ 10 MB 12 June 2026,https://www.strabag.com/site/strabag-company-locale/get/params_E-1137288633/2542454/STRABAG%20SE_Pr%C3%A4sentation_HV%202026.pdf
2026-09-29 20:21:37,https://www.strabag.com/en/investor-relations-en/news-and-events/annual-general-meeting,Presentation AGM 2025 (German) pdf ∙ 2 MB 13 June 2025,https://www.strabag.com/site/strabag-company-locale/get/params_E1590879989/2439582/STRABAG%20SE_Pr%C3%A4sentation_HV%202025_FINAL.pdf
2026-09-30 20:13:09,https://www.broadcom.com/company/corporate-responsibility,init.m4f,https://fastly-signed-us-east-1-prod.brightcovecdn.com/media/v1/hls/v7/clear/6415665063001/c85e7d85-3266-467a-93aa-77036f74fedd/efa80168-e21c-4e41-80f5-788958a6fa0b/init.m4f?fastly_token=NmFiZGEwNzlfNTA3ZGExZjA5MmNhMTM5NDYzZmE1MzE5YTc4ZDc3ZDQzNTk3NmZmZDhlMzZhZjM0ODQ5Y2ZiMmEzMjU5NWNjYl8vL2Zhc3RseS1zaWduZWQtdXMtZWFzdC0xLXByb2QuYnJpZ2h0Y292ZWNkbi5jb20vbWVkaWEvdjEvaGxzL3Y3L2NsZWFyLzY0MTU2NjUwNjMwMDEvYzg1ZTdkODUtMzI2Ni00NjdhLTkzYWEtNzcwMzZmNzRmZWRkL2VmYTgwMTY4LWUyMWMtNGU0MS04MGY1LTc4ODk1OGE2ZmEwYi8%3D
2026-09-30 20:13:09,https://www.broadcom.com/company/corporate-responsibility,segment0.m4f,https://fastly-signed-us-east-1-prod.brightcovecdn.com/media/v1/hls/v7/clear/6415665063001/c85e7d85-3266-467a-93aa-77036f74fedd/e8d079f7-b7dd-4c54-afb9-1230e9daf1a0/3x/segment0.m4f?fastly_token=NmFiZGEwNzlfZjBmMDE4M2NiMDk2NGZiY2U3N2VkNTkwZDk0N2EzZDlkOGI4MjczYjFkNDVkNTY3NGQ3OTZkYzAyZTJlMjJiY18vL2Zhc3RseS1zaWduZWQtdXMtZWFzdC0xLXByb2QuYnJpZ2h0Y292ZWNkbi5jb20vbWVkaWEvdjEvaGxzL3Y3L2NsZWFyLzY0MTU2NjUwNjMwMDEvYzg1ZTdkODUtMzI2Ni00NjdhLTkzYWEtNzcwMzZmNzRmZWRkL2U4ZDA3OWY3LWI3ZGQtNGM1NC1hZmI5LTEyMzBlOWRhZjFhMC8%3D
2026-09-30 20:13:09,https://www.broadcom.com/company/corporate-responsibility,init.m4f,https://fastly-signed-us-east-1-prod.brightcovecdn.com/media/v1/hls/v7/clear/6415665063001/c85e7d85-3266-467a-93aa-77036f74fedd/e8d079f7-b7dd-4c54-afb9-1230e9daf1a0/init.m4f?fastly_token=NmFiZGEwNzlfZjBmMDE4M2NiMDk2NGZiY2U3N2VkNTkwZDk0N2EzZDlkOGI4MjczYjFkNDVkNTY3NGQ3OTZkYzAyZTJlMjJiY18vL2Zhc3RseS1zaWduZWQtdXMtZWFzdC0xLXByb2QuYnJpZ2h0Y292ZWNkbi5jb20vbWVkaWEvdjEvaGxzL3Y3L2NsZWFyLzY0MTU2NjUwNjMwMDEvYzg1ZTdkODUtMzI2Ni00NjdhLTkzYWEtNzcwMzZmNzRmZWRkL2U4ZDA3OWY3LWI3ZGQtNGM1NC1hZmI5LTEyMzBlOWRhZjFhMC8%3D
2026-09-30 20:13:09,https://www.broadcom.com/company/corporate-responsibility,segment0.m4f,https://fastly-signed-us-east-1-prod.brightcovecdn.com/media/v1/hls/v7/clear/6415665063001/c85e7d85-3266-467a-93aa-77036f74fedd/efa80168-e21c-4e41-80f5-788958a6fa0b/3x/segment0.m4f?fastly_token=NmFiZGEwNzlfNTA3ZGExZjA5MmNhMTM5NDYzZmE1MzE5YTc4ZDc3ZDQzNTk3NmZmZDhlMzZhZjM0ODQ5Y2ZiMmEzMjU5NWNjYl8vL2Zhc3RseS1zaWduZWQtdXMtZWFzdC0xLXByb2QuYnJpZ2h0Y292ZWNkbi5jb20vbWVkaWEvdjEvaGxzL3Y3L2NsZWFyLzY0MTU2NjUwNjMwMDEvYzg1ZTdkODUtMzI2Ni00NjdhLTkzYWEtNzcwMzZmNzRmZWRkL2VmYTgwMTY4LWUyMWMtNGU0MS04MGY1LTc4ODk1OGE2ZmEwYi8%3D
2026-09-30 20:25:30,https://sustainability.quantaservices.com/,Quanta Sustainability Report 2025,https://sustainability.quantaservices.com/wp-content/uploads/2026/09/Quanta-Sustainability-Report-2025.pdf
2026-09-30 20:25:33,https://www.strabag.com/en/investor-relations-en/financial-publications/results-and-reports,Consolidated report on payments to governments for the 2022 financial year pdf ∙ 148 KB,https://www.strabag.com/site/strabag-company-locale/get/params_E-198379312/1111799/STRABAG-SE-FY-2022-Bilanzpressekonferenz.pdf
2026-09-30 20:25:33,https://www.strabag.com/en/investor-relations-en/news-and-events/annual-general-meeting,Presentation AGM 2025 (German) pdf ∙ 2 MB 13 June 2025,https://www.strabag.com/site/strabag-company-locale/get/params_E-1534661122/2439582/STRABAG%20SE_Pr%C3%A4sentation_HV%202025_FINAL.pdf
2026-09-30 20:25:33,https://investors.aecom.com/tax-information,Statement of Group Tax Strategy,https://investors.aecom.com/static-files/8d2d8211-b4d9-4184-b975-5ee98b4a9304
2026-10-01 20:38:14,https://www.westlake.com/sustainability,Canada Supply Chain Act,https://www.westlake.com/index.php/sites/default/files/2026-08/d6cf9a9a-ef9e-4739-a0cc-ef816ab6a004.pdf
2026-10-01 20:38:14,https://www.blueowl.com/sustainability,manifest.json,https://www.blueowlcapitalcorporation.com/_assets/_d51ced740b0ac5a9260b91a396debb17/blueowlcapitalcorporation/files/theme/images/favicons/manifest.json
2026-10-01 20:38:14,https://www.blueowl.com/sustainability,Q2'26+OBDC+Tearsheet,https://www.blueowlcapitalcorporation.com/_assets/_d51ced740b0ac5a9260b91a396debb17/blueowlcapitalcorporation/db/2329/22320/tearsheet/Q2%2726+OBDC+Tearsheet.pdf
2026-10-01 20:38:14,https://www.blueowl.com/sustainability,Q2'26+OBDC+Investor+Presentation vFFF,https://www.blueowlcapitalcorporation.com/_assets/_d51ced740b0ac5a9260b91a396debb17/blueowlcapitalcorporation/db/2218/29483/presentation/Q2%2726+OBDC+Investor+Presentation_vFFF.pdf
2026-10-04 18:56:07,https://www.nrg.com/sustainability/reporting.hthttps://www.nrg.com/sustainability/reporting.html,Code of conduct,https://investors.nrg.com/static-files/3911d684-818a-46f7-af82-23702c264ecc
2026-10-05 22:20:49,https://www.sanlam.com/financial-reporting,proposed transaction with santam,https://www.sanlam.com/downloads/presentations-and-roadshows/2026/proposed-transaction-with-santam.pdf
2026-10-05 22:20:49,https://www.sanlam.com/shareholder-information,Joint Firm Intention Announcement regardi...,http://www.profiledata.co.za/JSE_SENS_PDF/history/2026/10/05/SENS_20261005_S604320.pdf
2026-10-05 22:20:49,https://ctp.eu/investors/governance/,Insider Trading Policy Other Languages: CZ SK RO HU DE NL PL SR BG VI,https://ctp.eu/files/2026/10/Insider-Trading-Policy_2025-CZ.pdf
2026-10-05 22:20:49,https://www.erste.pl/en/investor-relations/about-company/annual-general-meeting?sr=1&AGM=1#AGM,Unknown Title,https://www.erste.pl/regulation_file_server/time20261005150715/download?id=160578&lang=en_US
2026-10-06 20:41:26,https://www.wecenergygroup.com/csr/index.htm,Supplier Diversity Initiative economic impact report,https://www.wecenergygroup.com/csr/trinity-verification-statement-2026.pdf
2026-10-06 20:41:24,https://investors.essexapartmenthomes.com/overview/default.aspx,ESS 3Q26 Call Announcement,https://s203.q4cdn.com/488215793/files/doc_news/ESS-3Q26-Call-Announcement.pdf
2026-10-07 20:54:58,https://investors.quantaservices.com/corporate-governance/governance-documents,Finance+and+Investment+Committee+Charter+ +2026 09 02+FINAL,https://investors.quantaservices.com/_assets/_d889439919783e9bcd519836a490be4a/quantaservices/db/904/9990/file/Finance+and+Investment+Committee+Charter+-+2026-09-02+FINAL.pdf
2026-10-07 20:55:00,https://www.endeavourmining.com/esg/esg-reporting/,2026 EDV Value Chain Fact Sheet 17.08.26,https://edv-14806-s3.s3.eu-west-2.amazonaws.com/files/3917/9139/5192/2026_EDV_Value_Chain_Fact_Sheet_17.08.26.pdf
2026-10-08 20:45:46,https://www.ril.com/investors/financial-reporting/online-annual-report,RIL NIO RFP CBM 2026 001 14 Jan 2026,https://rilstaticasset.akamaized.net/sites/default/files/2026-01/RIL-NIO-RFP-CBM-2026-001-14-Jan-2026.pdf
2026-10-08 21:04:04,https://www.kfh.com/en/home/Investor-Relations/Annual-Reports/Annual-Reports.html,KFH Annual Report 2021 English,https://www.kfh.com/en/reports/kuwait/Annual-Reports/Annual-Report-2021/document_en_en/KFH%20Annual%20Report%202021%20English.pdf.pdf
2026-10-08 21:04:04,https://www.kfh.com/en/home/Investor-Relations/Annual-Reports/Annual-Reports.html,KFH Annual Report 2020 English,https://www.kfh.com/en/reports/kuwait/Annual-Reports/Annual-Report-2020/document_en_en/KFH-Annual-Report-2020-English.pdf.pdf
2026-10-08 21:04:04,https://www.kfh.com/en/home/Investor-Relations/Annual-Reports/Annual-Reports.html,KFH Annual Report En 2019,https://www.kfh.com/en/reports/kuwait/Annual-Reports/Annual-Report-2019/document_en_en/KFH%20Annual%20Report%20En%202019.pdf.pdf
2026-10-08 21:04:04,https://www.kfh.com/en/home/Investor-Relations/Annual-Reports/Annual-Reports.html,KFH annual Report 1987 English,https://www.kfh.com/en/reports/kuwait/Annual-Reports/Annual-Report-1987/document_en_en/KFH%20annual%20Report%201987%20-%20English.pdf.pdf
2026-10-08 21:04:04,https://www.kfh.com/en/home/Investor-Relations/Annual-Reports/Annual-Reports.html,KFH annual Report 2018 English,https://www.kfh.com/en/reports/kuwait/Annual-Reports/Annual-Report-2018/document_en_en/KFH%20annual%20Report%202018%20-%20English.pdf.pdf
2026-10-08 21:04:04,https://www.kfh.com/en/home/Investor-Relations/Annual-Reports/Annual-Reports.html,Annual Report 2017,https://www.kfh.com/en/reports/kuwait/Annual-Reports/Annual-Report-2017/document_en/KFH'sAnnual%20Rep2017English.pdf.pdf
2026-10-08 21:04:04,https://www.kfh.com/en/home/Investor-Relations/Annual-Reports/Annual-Reports.html,Annual Report 2016,https://www.kfh.com/en/reports/kuwait/Annual-Reports/Annual-Report-2016/document_en/English.pdf.pdf
2026-10-08 21:04:04,https://www.kfh.com/en/home/Investor-Relations/Annual-Reports/Annual-Reports.html,Annual Report 2015,https://www.kfh.com/en/reports/kuwait/Annual-Reports/Annual-Report-2015/document_en/English.pdf.pdf
2026-10-08 21:04:04,https://www.kfh.com/en/home/Investor-Relations/Annual-Reports/Annual-Reports.html,The Third Annual Report 1980,https://www.kfh.com/en/reports/kuwait/Annual-Reports/Annual-Report-1980/document/English.pdf.pdf
2026-10-08 21:04:04,https://www.kfh.com/en/home/Investor-Relations/Annual-Reports/Annual-Reports.html,Annual Report 1979,https://www.kfh.com/en/reports/kuwait/Annual-Reports/Annual-Report-1979/document/Arabic.pdf.pdf
2026-10-08 21:04:04,https://www.kfh.com/en/home/Investor-Relations/Annual-Reports/Annual-Reports.html,Annual Report 1978,https://www.kfh.com/en/reports/kuwait/Annual-Reports/Annual-Report-1978/document_en/Arabic.pdf.pdf.pdf
2026-10-08 21:04:04,https://www.kfh.com/en/home/Investor-Relations/Annual-Reports/Annual-Reports.html,collect,https://www.google-analytics.com/g/collect?v=2&tid=G-W7XBV33PXB&gtm=45je6a70v9125958381za200zd9125958381xf1&_p=1791494980473&gcd=13l3l3l3l1l1&npa=0&dma=0&_eu=EEAAAAQ&ae=a&cid=1410631331.1791494245&frm=0&ir=1&ngs=1&pscdl=noapi&rcb=1&sr=1920x1080&uaa=x86&uab=64&uafvl=HeadlessChrome%3B153.0.8010.12%7CNot_A%2520Brand%3B8.0.0.0%7CChromium%3B153.0.8010.12&uam=&uamb=0&uap=Windows&uapv=10.0&uaw=0&ul=en-us&_s=2&tag_exp=115938465~115938469~118897920~118897930~120213116~120385423~120469145~120469153~121046263~121046271~121246026~121246034&sid=1791494244&sct=1&seg=1&dl=https%3A%2F%2Fwww.kfh.com%2Fen%2Fhome%2FInvestor-Relations%2FAnnual-Reports%2FAnnual-Reports.html&dr=https%3A%2F%2Fwww.kfh.com%2Fen%2Fhome%2FInvestor-Relations%2FAnnual-Reports%2FAnnual-Reports.html&dt=Annual%20Reports&en=file_download&_c=1&ep.link_id=&ep.link_url=https%3A%2F%2Fwww.kfh.com%2Fen%2Freports%2Fkuwait%2FAnnual-Reports%2FAnnual-Report-2025%2Fdocument_en%2FKFH%2520Annual%2520Report%2520En%25202025%2520(Draft-17)%2520Web.pdf.pdf&ep.link_text=Annual%20Report%202025&ep.file_name=%2Fen%2Freports%2Fkuwait%2FAnnual-Reports%2FAnnual-Report-2025%2Fdocument_en%2FKFH%2520Annual%2520Report%2520En%25202025%2520(Draft-17)%2520Web.pdf.pdf&ep.file_extension=pdf&_et=965&tfd=1501
2026-10-08 21:04:04,https://www.kfh.com/en/home/Investor-Relations/Sustainability.html,00 KFH Consolidated FS 31 March 2026 EN,https://www.kfh.com/en/reports/kuwait/Financial-Reports/Interim-Financials-Q1-2026/document_en/00%20-%20KFH%20Consolidated%20FS%2031%20March%202026%20-%20EN.pdf.pdf
2026-10-08 21:04:04,https://chandra-asri.com/en/sustainability/reports-and-publications,Sustainability Policy,https://comsite-s3.s3.ap-southeast-3.amazonaws.com/images/post/TMwqThYt19VLQLJXLE0x67vE4XPn1QrvktpBZHIl.pdf
2026-10-08 21:04:04,https://chandra-asri.com/en/investor/publication?category_id=9&page=1,collect,https://analytics.google.com/g/collect?v=2&tid=G-B01W28EFJC&gtm=45je6a72h1v9193424769za20gzb9193423318zd9193423318xf1&_p=1791498985388&_gaz=1&gcd=13l3l3l3l1l1&npa=0&dma=0&_eu=AEAAAGQC&ae=a&cid=451912018.1791498709&frm=0&pscdl=noapi&rcb=11&sr=1920x1080&uaa=x86&uab=64&uafvl=HeadlessChrome%3B153.0.8010.12%7CNot_A%2520Brand%3B8.0.0.0%7CChromium%3B153.0.8010.12&uam=&uamb=0&uap=Windows&uapv=10.0&uaw=0&ul=en-us&gaf=2&_s=4&tag_exp=115616986~115938465~115938468~118897920~118897930~120213116~120385422~120469145~120469153~121046263~121046271~121246026~121246034&sid=1791498708&sct=1&seg=1&dl=https%3A%2F%2Fchandra-asri.com%2Fen%2Finvestor%2Fpublication%3Fcategory_id%3D9%26page%3D1&dt=Chandra%20Asri%27s%20Publications%20for%20Investor&en=file_download&ep.link_id=&ep.link_url=https%3A%2F%2Fcomsite-s3.s3.ap-southeast-3.amazonaws.com%2Fimages%2Fpost%2FNoticeScheduleandProcedures_en_1779337648.pdf&ep.link_text=View&ep.file_name=%2Fimages%2Fpost%2FNoticeScheduleandProcedures_en_1779337648.pdf&ep.file_extension=pdf&_et=24162&tfd=50282
2026-10-08 21:04:04,https://chandra-asri.com/en/investor/publication?category_id=9&page=1,collect,https://www.google.com/g/collect?v=2&tid=G-B01W28EFJC&gtm=45je6a72h1v9193424769za20gzb9193423318zd9193423318xf1&_p=1791498985388&_gaz=1&gcd=13l3l3l3l1l1&npa=0&dma=0&_eu=AEAAAGQC&ae=a&cid=451912018.1791498709&frm=0&pscdl=noapi&rcb=11&sr=1920x1080&uaa=x86&uab=64&uafvl=HeadlessChrome%3B153.0.8010.12%7CNot_A%2520Brand%3B8.0.0.0%7CChromium%3B153.0.8010.12&uam=&uamb=0&uap=Windows&uapv=10.0&uaw=0&ul=en-us&gaf=3&_s=4&tag_exp=115616986~115938465~115938468~118897920~118897930~120213116~120385422~120469145~120469153~121046263~121046271~121246026~121246034&sid=1791498708&sct=1&seg=1&dl=https%3A%2F%2Fchandra-asri.com%2Fen%2Finvestor%2Fpublication%3Fcategory_id%3D9%26page%3D1&dt=Chandra%20Asri%27s%20Publications%20for%20Investor&en=file_download&ep.link_id=&ep.link_url=https%3A%2F%2Fcomsite-s3.s3.ap-southeast-3.amazonaws.com%2Fimages%2Fpost%2FNoticeScheduleandProcedures_en_1779337648.pdf&ep.link_text=View&ep.file_name=%2Fimages%2Fpost%2FNoticeScheduleandProcedures_en_1779337648.pdf&ep.file_extension=pdf&_et=24162&tfd=50282
2026-10-08 21:04:04,https://www.vedantalimited.com/eng/esg-reporting.php,Enduring Value Through Values,https://www.vedantalimited.com/uploads/esg/esg-sustainability-framework/Enduring-Value-Through-Values.pdf
2026-10-08 21:04:04,https://www.vedantalimited.com/eng/esg-reporting.php,Vedanta Resources PLC,https://www.vedantalimited.com/uploads/esg/esg-sustainability-framework/Vedanta-Resources-PLC.pdf
2026-10-08 21:04:04,https://www.vedantalimited.com/eng/esg-reporting.php,Delivering Sustainability,https://www.vedantalimited.com/uploads/esg/esg-sustainability-framework/Delivering-Sustainability.pdf
2026-10-08 21:04:04,https://www.vedantalimited.com/eng/esg-reporting.php,Embedding Sustainability,https://www.vedantalimited.com/uploads/esg/esg-sustainability-framework/Embedding-Sustainability.pdf
2026-10-08 21:04:04,https://www.vedantalimited.com/eng/esg-reporting.php,Our journey towards a Sustainable Future,https://www.vedantalimited.com/uploads/esg/esg-sustainability-framework/Our-journey-towards-a-Sustainable-Future.pdf
2026-10-08 21:04:04,https://www.vedantalimited.com/eng/esg-reporting.php,Commit Connect Care,https://www.vedantalimited.com/uploads/esg/esg-sustainability-framework/Commit-Connect-Care.pdf
2026-10-08 21:04:04,https://www.vedantalimited.com/eng/esg-reporting.php,Working Together Growing Together One Vision One Vedanta,https://www.vedantalimited.com/uploads/esg/esg-sustainability-framework/Working-Together-Growing-Together-One-Vision-One-Vedanta.pdf
2026-10-08 21:04:04,https://www.vedantalimited.com/eng/esg-reporting.php,Elements of a Sustainable Future,https://www.vedantalimited.com/uploads/esg/esg-sustainability-framework/Elements-of-a-Sustainable-Future.pdf
2026-10-08 21:04:04,https://www.vedantalimited.com/eng/esg-reporting.php,Partners for the Future,https://www.vedantalimited.com/uploads/esg/esg-sustainability-framework/Partners-for-the-Future.pdf
2026-10-08 21:04:04,https://www.vedantalimited.com/eng/esg-reporting.php,Partners for the Future 2,https://www.vedantalimited.com/uploads/esg/esg-sustainability-framework/Partners-for-the-Future-2.pdf
2026-10-08 21:04:04,https://www.vedantalimited.com/eng/esg-reporting.php,Our progress towards Zero Harm Zero Waste Zero Discharge,https://www.vedantalimited.com/uploads/esg/esg-sustainability-framework/Our-progress-towards-Zero-Harm-Zero-Waste-Zero-Discharge.pdf
2026-10-08 21:04:04,https://www.vedantalimited.com/eng/esg-reporting.php,Responsible Operations for Sustainable Future,https://www.vedantalimited.com/uploads/esg/esg-sustainability-framework/Responsible-Operations-for-Sustainable-Future.pdf
2026-10-08 21:04:04,https://www.vedantalimited.com/eng/esg-reporting.php,VEDL SR FY2022,https://www.vedantalimited.com/uploads/esg/esg-sustainability-framework/VEDL-SR-FY2022.pdf
2026-10-08 21:04:04,https://www.vedantalimited.com/eng/esg-reporting.php,Executive Summary SR FY23,https://www.vedantalimited.com/uploads/esg/esg-sustainability-framework/Executive-Summary-SR-FY23.pdf
2026-10-08 21:04:04,https://www.vedantalimited.com/eng/esg-reporting.php,Transforming Together for a Sustainable Future,https://www.vedantalimited.com/uploads/esg/esg-sustainability-framework/Transforming-Together-for-a-Sustainable-Future.pdf
2026-10-08 21:04:04,https://www.vedantalimited.com/eng/esg-reporting.php,Executive Summary of Sustainability Report 2024,https://www.vedantalimited.com/uploads/esg/esg-sustainability-framework/Executive-Summary-of-Sustainability-Report-2024.pdf
2026-10-08 21:04:04,https://www.vedantalimited.com/eng/esg-reporting.php,Sustainability Report FY2024,https://www.vedantalimited.com/uploads/esg/esg-sustainability-framework/Sustainability-Report-FY2024.pdf
2026-10-08 21:04:04,https://www.vedantalimited.com/eng/esg-reporting.php,4 Sustainability Report 2025,https://www.vedantalimited.com/uploads/investor-overview/annual-report/2025/4_Sustainability_Report_2025.pdf
2026-10-08 21:04:04,https://www.vedantalimited.com/eng/esg-reporting.php,sustainability report,https://www.vedantalimited.com/uploads/investor-overview/annual-report/2026/sustainability-report.pdf
2026-10-08 21:04:04,https://www.vedantalimited.com/eng/esg-reporting.php,sustainability databook fy 2025 26,https://www.vedantalimited.com/uploads/esg/esg-reporting/2026/sustainability-databook-fy-2025-26.pdf
2026-10-08 21:04:04,https://www.vedantalimited.com/eng/esg-reporting.php,TNFD Report FY2025 26,https://www.vedantalimited.com/uploads/esg/esg-reporting/TNFD_Report_FY2025-26.pdf
2026-10-08 21:04:04,https://www.vedantalimited.com/eng/esg-reporting.php,6 TNFD Report 2025,https://www.vedantalimited.com/uploads/investor-overview/annual-report/2025/6_TNFD_Report_2025.pdf
2026-10-08 21:04:04,https://www.vedantalimited.com/eng/esg-reporting.php,TNFD Report FY2024,https://www.vedantalimited.com/uploads/esg/esg-reporting/TNFD_Report_FY2024.pdf
2026-10-08 21:04:04,https://www.vedantalimited.com/eng/esg-reporting.php,climate action report,https://www.vedantalimited.com/uploads/investor-overview/annual-report/2026/climate-action-report.pdf
2026-10-08 21:04:04,https://www.vedantalimited.com/eng/esg-reporting.php,5 Climate Action Report 2025,https://www.vedantalimited.com/uploads/investor-overview/annual-report/2025/5_Climate_Action_Report_2025.pdf
2026-10-08 21:04:04,https://www.vedantalimited.com/eng/esg-reporting.php,TCFD Report FY23,https://www.vedantalimited.com/SiteAssets/Images/TCFD-Report-FY23.pdf
2026-10-08 21:04:04,https://www.vedantalimited.com/eng/esg-reporting.php,TCFD FY2022,https://www.vedantalimited.com/SiteAssets/Images/TCFD-FY2022.pdf
2026-10-08 21:04:04,https://www.vedantalimited.com/eng/esg-reporting.php,TCFD Report 2020,https://www.vedantalimited.com/uploads/esg/tcfd-reports/TCFD-Report-2020.pdf
2026-10-08 21:04:04,https://www.vedantalimited.com/eng/esg-reporting.php,3 Tax Transparency Report 2025,https://www.vedantalimited.com/uploads/investor-overview/annual-report/2025/3_Tax_Transparency_Report_2025.pdf
2026-10-08 21:04:04,https://www.vedantalimited.com/eng/esg-reporting.php,TTR 24,https://www.vedantalimited.com/uploads/investor-overview/financial-results/TTR-24.pdf
2026-10-08 21:04:04,https://www.vedantalimited.com/eng/esg-reporting.php,TTR FY23,https://www.vedantalimited.com/MediaDocuments/TTR-FY23.pdf
2026-10-08 21:04:04,https://www.vedantalimited.com/eng/esg-reporting.php,Vedanta Limited TTR FY 2021 22,https://www.vedantalimited.com/MediaDocuments/Vedanta%20Limited%20-%20TTR%20-%20FY%202021-22.pdf
2026-10-08 21:04:04,https://www.vedantalimited.com/eng/esg-reporting.php,Tax Transparency Report 2020 21,https://www.vedantalimited.com/uploads/esg/tax-transparency-report/Tax-Transparency-Report-2020-21.pdf
2026-10-08 21:04:04,https://www.vedantalimited.com/eng/esg-reporting.php,CDP Response FY26,https://www.vedantalimited.com/uploads/esg/esg-reporting/CDP_Response_FY26.pdf
2026-10-08 21:04:04,https://www.vedantalimited.com/eng/esg-reporting.php,CDP Response FY25,https://www.vedantalimited.com/uploads/esg/esg-reporting/CDP_Response_FY25.pdf
2026-10-08 21:04:04,https://www.vedantalimited.com/eng/esg-reporting.php,CDP Response FY24,https://www.vedantalimited.com/uploads/esg/esg-reporting/CDP_Response_FY24.pdf
2026-10-08 21:04:04,https://www.expediagroup.com/en-us/our-story/impact-and-sustainability,GlobalBranding,https://ir.expediagroup.com/GlobalBranding.ashx
2026-10-08 21:04:04,https://www.goldfields.com/sustainability-reporting.php,logconsent,https://consent.cookiebot.com/logconsent.ashx?action=accept&nocache=1791501431091&dnt=false&method=implied&clp=true&cls=false&clm=false&cbid=7f2ed2db-2f40-416a-a5bb-11f819d4114e&cbt=leveloptin&hasdata=true&usercountry=US-19&referer=https%3A%2F%2Fwww.goldfields.com%2Fsustainability-reporting.php&rc=false
2026-10-08 21:04:04,https://investors.airbnb.com/governance/default.aspx#esg,Capture,https://informationcompany52.com/Track/Capture.aspx?retType=js&trk_jshv=1&trk_user=817188&trk_sw=1920&trk_sh=1080&trk_ref=&trk_tit=Downloaded%20-%20https%3A%2F%2Fs26.q4cdn.com%2F656283129%2Ffiles%2Fdoc_governance%2F2025%2FJun%2F09%2FAirbnb-Audit-Risk-and-Compliance-Committee-Charter-074786.pdf&trk_loc=https%3A%2F%2Fs26.q4cdn.com%2F656283129%2Ffiles%2Fdoc_governance%2F2025%2FJun%2F09%2FAirbnb-Audit-Risk-and-Compliance-Committee-Charter-074786.pdf&trk_agn=Netscape&trk_agv=Mozilla%2F5.0%20(Windows%20NT%2010.0%3B%20Win64%3B%20x64)%20AppleWebKit%2F537.36%20(KHTML%2C%20like%20Gecko)%20Chrome%2F124.0%20Safari%2F537.36&trk_dom=investors.airbnb.com&trk_cookie=NA&trk_dt=true
2026-10-08 21:04:04,https://evolutionmining.com/document-centre/#corporate-governance#tax-governance-statements,Evolution Mining Sustainability Report WEB,https://evolutionmining.com.au/storage/2025/10/Evolution-Mining-Sustainability-Report-WEB.pdf?_gl=1*1h9citw*_ga*MzkwNTUwNTguMTc5MTUwNjAyMw..*_ga_3JHWDYQK4E*czE3OTE1MDYwMjIkbzEkZzEkdDE3OTE1MDYzMDAkajQ1JGwwJGgw
2026-10-08 21:04:04,https://polyus.com/en/sustainability/esg-data-and-reports/,Sustainability report 2025,https://sustainability.polyus.com/upload/files/esg-data-and-reports/2025/sustainability_report_2025_en.pdf
2026-10-08 21:04:04,https://polyus.com/en/sustainability/esg-data-and-reports/,Sustainability presentation 2025,https://sustainability.polyus.com/upload/files/esg-data-and-reports/2025/sustainability_presentation_2025_en.pdf
2026-10-08 21:04:04,https://polyus.com/en/sustainability/esg-data-and-reports/,Certificate of Public Endorsement of a Corporate Non-Financial Report,https://sustainability.polyus.com/upload/files/esg-data-and-reports/2025/certificate_of_public_endorsement_en.pdf
2026-10-08 21:04:04,https://polyus.com/en/sustainability/esg-data-and-reports/,Sustainability Report 2024,https://sustainability.polyus.com/upload/files/Sustainability_Report_2024.pdf
2026-10-08 21:04:04,https://polyus.com/en/sustainability/esg-data-and-reports/,Sustainability Presentation 2024,https://sustainability.polyus.com/upload/files/Sustainability_Presentation_2024.pdf
2026-10-08 21:04:04,https://polyus.com/en/sustainability/esg-data-and-reports/,Certificate of Public Endorsement of a Corporate Non-Financial Report,https://sustainability.polyus.com/upload/files/Сertificate_of_public_endorsement_of_a_corporate_non-financial_report.pdf
2026-10-08 21:04:04,https://polyus.com/en/sustainability/esg-data-and-reports/,Certificate of Public Endorsement of a Corporate Non-Financial Report,https://sustainability.polyus.com/upload/files/Polyus_Biodiversity_Conservation.pdf
2026-10-08 21:04:04,https://polyus.com/en/sustainability/esg-data-and-reports/,Sustainability Report 2023,https://sustainability.polyus.com/upload/files/esg-data-and-reports/Sustainability_Report_2023.pdf
2026-10-08 21:04:04,https://polyus.com/en/sustainability/esg-data-and-reports/,Sustainabiility Presentation 2023,https://sustainability.polyus.com/upload/files/esg-data-and-reports/Sustainability_Presentation_2023.pdf
2026-10-08 21:04:04,https://polyus.com/en/sustainability/esg-data-and-reports/,Certificate of Public Endorsement of a Corporate Non-Financial Report,https://sustainability.polyus.com/upload/files/certificate-of-public-endorsement-of-a-corporate-non-financial-report.pdf
2026-10-08 21:04:04,https://polyus.com/en/sustainability/esg-data-and-reports/,Certificate of Public Endorsement of a Corporate Non-Financial Report,https://sustainability.polyus.com/upload/files/esg-data-and-reports/Human-Rights-Theory-and-practice.pdf
2026-10-08 21:04:04,https://polyus.com/en/sustainability/esg-data-and-reports/,Sustainability Report 2022,https://sustainability.polyus.com/upload/files/Sustainability_Report_2022-new.pdf
2026-10-08 21:04:04,https://polyus.com/en/sustainability/esg-data-and-reports/,Sustainability Presentation 2022,https://sustainability.polyus.com/upload/files/Sustainability-Presentation-2022.pdf
2026-10-08 21:04:04,https://polyus.com/en/sustainability/esg-data-and-reports/,Certificate of Public Endorsement of Non-financial Report,https://sustainability.polyus.com/upload/files/Certificate-of-Public-Endorsement-of-Non-financial-Report.pdf
2026-10-08 21:04:04,https://polyus.com/en/sustainability/esg-data-and-reports/,Certificate of Public Endorsement of Non-financial Report,https://sustainability.polyus.com/upload/files/blog_en_files/Report_on_TSF_2022_for%20website.pdf
2026-10-08 21:04:04,https://polyus.com/en/sustainability/esg-data-and-reports/,Sustainability Report 2021,https://sustainability.polyus.com/upload/files/esg-data-and-reports/POLYUS_Sustainability_Report_2021_01.11.pdf
2026-10-08 21:04:04,https://polyus.com/en/sustainability/esg-data-and-reports/,Sustainability presentation 2021,https://sustainability.polyus.com/upload/files/sustainability-approach/Polyus SR 2021 presentation EN.pdf
2026-10-08 21:04:04,https://polyus.com/en/sustainability/esg-data-and-reports/,Certificate of public endorsement of non-financial report,https://sustainability.polyus.com/upload/files/sustainability-approach/Certificate of Public Endorsement of a Corporate Non-Financial Report _Polyus.pdf
2026-10-08 21:04:04,https://polyus.com/en/sustainability/esg-data-and-reports/,"Quarterly ESG update, 3Q 2021",https://sustainability.polyus.com/upload/files/sustainability-approach/Polyus-ESG-update-3Q-2021.pdf
2026-10-08 21:04:04,https://polyus.com/en/sustainability/esg-data-and-reports/,"Quarterly ESG update, 2Q 2021",https://sustainability.polyus.com/upload/files/sustainability-approach/Polyus-ESG-update-2Q-2021.pdf
2026-10-08 21:04:04,https://polyus.com/en/sustainability/esg-data-and-reports/,"Quarterly ESG update, 3Q 2021",https://sustainability.polyus.com/upload/files/sustainability-approach/POLYUS_WATER_REPORT_ENG.pdf
2026-10-08 21:04:04,https://polyus.com/en/sustainability/esg-data-and-reports/,Sustainability Report 2020,https://sustainability.polyus.com/upload/files/Polyus_SR_2020.pdf
2026-10-08 21:04:04,https://polyus.com/en/sustainability/esg-data-and-reports/,Sustainability Presentation 2020,https://sustainability.polyus.com/upload/files/Polyus-SR-2020-presentation-EN.pdf
2026-10-08 21:04:04,https://polyus.com/en/sustainability/esg-data-and-reports/,Certificate of public endorsement of non-financial report,https://sustainability.polyus.com/upload/files/Sustainability_report_certificate_2020_ENG.pdf
2026-10-08 21:04:04,https://polyus.com/en/sustainability/esg-data-and-reports/,Statement of the Council for Non financial Reporting of the Russian Union EN,https://sustainability.polyus.com/upload/files/Statement_of_the_Council_for_Non-financial_Reporting_of_the_Russian_Union_EN.pdf
2026-10-08 21:04:04,https://polyus.com/en/sustainability/esg-data-and-reports/,Sustainability Report 2019,https://sustainability.polyus.com/upload/files/polyus_sr19_eng_06.05_3.pdf
2026-10-08 21:04:04,https://polyus.com/en/sustainability/esg-data-and-reports/,Sustainability Presentation 2019,https://sustainability.polyus.com/upload/files/esg-data-and-reports/polyus_sr_2019_presentation_en.pdf
2026-10-08 21:04:04,https://polyus.com/en/sustainability/esg-data-and-reports/,Sustainability Report 2018,https://sustainability.polyus.com/upload/files/esg-data-and-reports/polyus_sustainability_report_2018_eng_1_.pdf
2026-10-08 21:04:04,https://polyus.com/en/sustainability/esg-data-and-reports/,PJSC Polyus Annual Report ’17,https://sustainability.polyus.com/upload/files/esg-data-and-reports/polyus_annual-report_2017_eng_.pdf
2026-10-08 21:04:04,https://polyus.com/en/sustainability/esg-data-and-reports/,PJSC Polyus Annual Report ’16,https://sustainability.polyus.com/upload/files/esg-data-and-reports/polyus_96dpi_.pdf
2026-10-08 21:04:04,https://polyus.com/en/sustainability/esg-data-and-reports/,Annual Report 2015,https://sustainability.polyus.com/upload/files/esg-data-and-reports/polyus-gold-annual-report-_15.pdf
2026-10-08 21:04:04,https://polyus.com/en/sustainability/esg-data-and-reports/,Annual Report 2014,https://sustainability.polyus.com/upload/files/esg-data-and-reports/pgil_annual_report_2014.pdf
2026-10-08 21:04:04,https://polyus.com/en/sustainability/esg-data-and-reports/,Annual Report 2013,https://sustainability.polyus.com/upload/files/esg-data-and-reports/pgil_ar_2013_final.pdf
2026-10-08 21:04:04,https://polyus.com/en/sustainability/esg-data-and-reports/,Annual Report 2012,https://sustainability.polyus.com/upload/files/esg-data-and-reports/pgil_annual_report_2012.pdf
2026-10-08 21:04:04,https://polyus.com/en/sustainability/esg-data-and-reports/,Annual Report 2011,https://sustainability.polyus.com/upload/files/esg-data-and-reports/pgil_annual_report_2011.pdf
2026-10-08 21:04:04,https://polyus.com/en/sustainability/esg-data-and-reports/,Annual Report 2010,https://sustainability.polyus.com/upload/files/esg-data-and-reports/pgil_annual_report_2010.pdf
2026-10-08 21:04:04,https://polyus.com/en/sustainability/esg-data-and-reports/,Annual Report 2009,https://sustainability.polyus.com/upload/files/esg-data-and-reports/pgil_annual_report_2009.pdf
2026-10-08 21:04:04,https://polyus.com/en/sustainability/esg-data-and-reports/,Annual Report 2008,https://sustainability.polyus.com/upload/files/esg-data-and-reports/pgil_annual_report_2008.pdf
2026-10-08 21:04:04,https://polyus.com/en/sustainability/esg-data-and-reports/,Annual Report 2007,https://sustainability.polyus.com/upload/files/esg-data-and-reports/pgil_annual_report_2007.pdf
2026-10-08 21:04:04,https://polyus.com/en/sustainability/esg-data-and-reports/,Annual Report 2006,https://sustainability.polyus.com/upload/files/esg-data-and-reports/pgil_annual_report_2006.pdf
2026-10-08 21:04:09,https://www.blueowl.com/sustainability,Assessing ESG Factors in Real Estate Investing,https://docs.blueowl.com/files/downloads/library-items/68658f6b36743bcde2f7f3b3/Assessing%20ESG%20Factors%20in%20Real%20Estate%20Investing.pdf?code=0c6858c37499589802a8b4a889ef94d9
2026-10-08 21:04:09,https://www.sofinagroup.com/governance/shareholders-meetings/,minutes of the annual general meeting of shareholders,https://www.sofinagroup.com/~/media/Files/S/Sofina-Corp/investors/shareholder-center/general-meeting/2025/minutes-of-the-annual-general-meeting-of-shareholders.pdf
2026-10-08 21:04:09,https://www.sofinagroup.com/governance/shareholders-meetings/,slides presented during the annual general meeting,https://www.sofinagroup.com/~/media/Files/S/Sofina-Corp/investors/shareholder-center/general-meeting/2025/slides-presented-during-the-annual-general-meeting.pdf
2026-10-08 21:04:09,https://www.sofinagroup.com/governance/shareholders-meetings/,draft of the amended remuneration policy 2025,https://www.sofinagroup.com/~/media/Files/S/Sofina-Corp/investors/shareholder-center/general-meeting/2025/draft-of-the-amended-remuneration-policy-2025.pdf
2026-10-08 21:04:09,https://www.sofinagroup.com/governance/shareholders-meetings/,convening notice 03 04 2025,https://www.sofinagroup.com/~/media/Files/S/Sofina-Corp/investors/shareholder-center/general-meeting/2025/convening-notice--03-04-2025.pdf
2026-10-08 21:04:09,https://www.sofinagroup.com/governance/shareholders-meetings/,total number of shares and voting rights 2025,https://www.sofinagroup.com/~/media/Files/S/Sofina-Corp/investors/shareholder-center/general-meeting/2025/total-number-of-shares-and-voting-rights-2025.pdf
2026-10-08 21:04:09,https://www.sofinagroup.com/governance/shareholders-meetings/,schedule of formalities to attend the meeting 2025,https://www.sofinagroup.com/~/media/Files/S/Sofina-Corp/investors/shareholder-center/general-meeting/2025/schedule-of-formalities-to-attend-the-meeting-2025.pdf
2026-10-08 21:04:09,https://www.sofinagroup.com/governance/shareholders-meetings/,attendance notification form 2025,https://www.sofinagroup.com/~/media/Files/S/Sofina-Corp/investors/shareholder-center/general-meeting/2025/attendance-notification-form-2025.pdf
2026-10-08 21:04:09,https://www.sofinagroup.com/governance/shareholders-meetings/,proxy form 2025,https://www.sofinagroup.com/~/media/Files/S/Sofina-Corp/investors/shareholder-center/general-meeting/2025/proxy-form-2025.pdf
2026-10-08 21:04:09,https://www.sofinagroup.com/governance/shareholders-meetings/,minutes of the annual general meeting of shareholders,https://www.sofinagroup.com/~/media/Files/S/Sofina-Corp/investors/shareholder-center/general-meeting/minutes-of-the-annual-general-meeting-of-shareholders.pdf
2026-10-08 21:04:09,https://www.sofinagroup.com/governance/shareholders-meetings/,slides presented during the annual general meeting 1,https://www.sofinagroup.com/~/media/Files/S/Sofina-Corp/investors/shareholder-center/general-meeting/slides-presented-during-the-annual-general-meeting-1.pdf
2026-10-08 21:04:09,https://www.sofinagroup.com/governance/shareholders-meetings/,draft of the amended remuneration policy,https://www.sofinagroup.com/~/media/Files/S/Sofina-Corp/investors/shareholder-center/general-meeting/draft-of-the-amended-remuneration-policy.pdf
2026-10-08 21:04:09,https://www.sofinagroup.com/governance/shareholders-meetings/,convening notice 4 04 2024,https://www.sofinagroup.com/~/media/Files/S/Sofina-Corp/investors/shareholder-center/general-meeting/convening-notice-4-04-2024.pdf
2026-10-08 21:04:09,https://www.sofinagroup.com/governance/shareholders-meetings/,total number of shares and voting rights,https://www.sofinagroup.com/~/media/Files/S/Sofina-Corp/investors/shareholder-center/general-meeting/total-number-of-shares-and-voting-rights.pdf
2026-10-08 21:04:09,https://www.sofinagroup.com/governance/shareholders-meetings/,schedule of formalities to attend the meeting,https://www.sofinagroup.com/~/media/Files/S/Sofina-Corp/investors/shareholder-center/general-meeting/schedule-of-formalities-to-attend-the-meeting.pdf
2026-10-08 21:04:09,https://www.sofinagroup.com/governance/shareholders-meetings/,attendance notification form,https://www.sofinagroup.com/~/media/Files/S/Sofina-Corp/investors/shareholder-center/general-meeting/attendance-notification-form.pdf
2026-10-08 21:04:09,https://www.sofinagroup.com/governance/shareholders-meetings/,proxy form,https://www.sofinagroup.com/~/media/Files/S/Sofina-Corp/investors/shareholder-center/general-meeting/proxy-form.pdf
2026-10-08 21:04:09,https://www.sofinagroup.com/governance/shareholders-meetings/,pv ago 05 05 2022 fr,https://www.sofinagroup.com/~/media/Files/S/Sofina-Corp/investors/shareholder-center/general-meeting/2022/pv-ago-05-05-2022-fr.pdf
2026-10-08 21:04:09,https://www.sofinagroup.com/governance/shareholders-meetings/,annual general meeting 2022,https://www.sofinagroup.com/~/media/Files/S/Sofina-Corp/investors/shareholder-center/general-meeting/2022/annual-general-meeting-2022.pdf
2026-10-08 21:04:09,https://www.sofinagroup.com/governance/shareholders-meetings/,draft remuneration policy en redline,https://www.sofinagroup.com/~/media/Files/S/Sofina-Corp/investors/shareholder-center/general-meeting/2022/draft-remuneration-policy-en-redline.pdf
2026-10-08 21:04:09,https://www.sofinagroup.com/governance/shareholders-meetings/,convocation sofina ago 2022,https://www.sofinagroup.com/~/media/Files/S/Sofina-Corp/investors/shareholder-center/general-meeting/2022/convocation-sofina-ago-2022.pdf
2026-10-08 21:04:09,https://www.sofinagroup.com/governance/shareholders-meetings/,nombre total dactions et de droits de vote,https://www.sofinagroup.com/~/media/Files/S/Sofina-Corp/investors/shareholder-center/general-meeting/2022/nombre-total-dactions-et-de-droits-de-vote.pdf
2026-10-08 21:04:09,https://www.sofinagroup.com/governance/shareholders-meetings/,calendrier des formalites de participation a assemblee,https://www.sofinagroup.com/~/media/Files/S/Sofina-Corp/investors/shareholder-center/general-meeting/2022/calendrier-des-formalites-de-participation-a-assemblee.pdf
2026-10-08 21:04:09,https://www.sofinagroup.com/governance/shareholders-meetings/,formulaire de notification de presence,https://www.sofinagroup.com/~/media/Files/S/Sofina-Corp/investors/shareholder-center/general-meeting/2022/formulaire-de-notification-de-presence.pdf
2026-10-08 21:04:09,https://www.sofinagroup.com/governance/shareholders-meetings/,formulaire de procuration,https://www.sofinagroup.com/~/media/Files/S/Sofina-Corp/investors/shareholder-center/general-meeting/2022/formulaire-de-procuration.pdf
2026-10-08 21:04:09,https://www.sofinagroup.com/governance/shareholders-meetings/,pv ago 06052021 fr for publication on website,https://www.sofinagroup.com/~/media/Files/S/Sofina-Corp/investors/shareholder-center/general-meeting/2021/pv-ago-06052021-fr-for-publication-on-website.pdf
2026-10-08 21:04:09,https://www.sofinagroup.com/governance/shareholders-meetings/,draft remuneration policy en 2021,https://www.sofinagroup.com/~/media/Files/S/Sofina-Corp/investors/shareholder-center/general-meeting/2021/draft-remuneration-policy-en-2021.pdf
2026-10-08 21:04:09,https://www.sofinagroup.com/governance/shareholders-meetings/,convocation aux assemblees 02042021,https://www.sofinagroup.com/~/media/Files/S/Sofina-Corp/investors/shareholder-center/general-meeting/2021/convocation-aux-assemblees-02042021.pdf
2026-10-08 21:04:09,https://www.sofinagroup.com/governance/shareholders-meetings/,nombre total d actions et de droits de vote 2021,https://www.sofinagroup.com/~/media/Files/S/Sofina-Corp/investors/shareholder-center/general-meeting/2021/nombre-total-d-actions-et-de-droits-de-vote-2021.pdf
2026-10-08 21:04:09,https://www.sofinagroup.com/governance/shareholders-meetings/,calendrier des formalites de participation a assemblee 2021,https://www.sofinagroup.com/~/media/Files/S/Sofina-Corp/investors/shareholder-center/general-meeting/2021/calendrier-des-formalites-de-participation-a-assemblee-2021.pdf
2026-10-08 21:04:09,https://www.sofinagroup.com/governance/shareholders-meetings/,formulaire de notification de presence 2021,https://www.sofinagroup.com/~/media/Files/S/Sofina-Corp/investors/shareholder-center/general-meeting/2021/formulaire-de-notification-de-presence-2021.pdf
2026-10-08 21:04:09,https://www.sofinagroup.com/governance/shareholders-meetings/,procuration 2021,https://www.sofinagroup.com/~/media/Files/S/Sofina-Corp/investors/shareholder-center/general-meeting/2021/procuration-2021.pdf
2026-10-08 21:04:09,https://www.sofinagroup.com/governance/shareholders-meetings/,proces verbal assemblee generale ordinaire,https://www.sofinagroup.com/~/media/Files/S/Sofina-Corp/investors/shareholder-center/general-meeting/2020/proces-verbal-assemblee-generale-ordinaire.pdf
2026-10-08 21:04:09,https://www.sofinagroup.com/governance/shareholders-meetings/,proces verbal assemblee generale extraordinaire 07 05 2020,https://www.sofinagroup.com/~/media/Files/S/Sofina-Corp/investors/shareholder-center/general-meeting/2020/proces-verbal-assemblee-generale-extraordinaire-07-05-2020.pdf
2026-10-08 21:04:09,https://www.sofinagroup.com/governance/shareholders-meetings/,age version marquee du projet de statuts,https://www.sofinagroup.com/~/media/Files/S/Sofina-Corp/investors/shareholder-center/general-meeting/2020/age-version-marquee-du-projet-de-statuts.pdf
2026-10-08 21:04:09,https://www.sofinagroup.com/governance/shareholders-meetings/,convocation aux assemblees 21042020,https://www.sofinagroup.com/~/media/Files/S/Sofina-Corp/investors/shareholder-center/general-meeting/2020/convocation-aux-assemblees-21042020.pdf
2026-10-08 21:04:09,https://www.sofinagroup.com/governance/shareholders-meetings/,nombre total dactions et de droits de vote au 7 avril 2020,https://www.sofinagroup.com/~/media/Files/S/Sofina-Corp/investors/shareholder-center/general-meeting/2020/nombre-total-dactions-et-de-droits-de-vote-au-7-avril-2020.pdf
2026-10-08 21:04:09,https://www.sofinagroup.com/governance/shareholders-meetings/,calendrier des formalites de participation a iago et a iage 2020,https://www.sofinagroup.com/~/media/Files/S/Sofina-Corp/investors/shareholder-center/general-meeting/2020/calendrier-des-formalites-de-participation-a-iago-et-a-iage-2020.pdf
2026-10-08 21:04:09,https://www.sofinagroup.com/governance/shareholders-meetings/,ago procuration covid 19,https://www.sofinagroup.com/~/media/Files/S/Sofina-Corp/investors/shareholder-center/general-meeting/2020/ago-procuration-covid-19.pdf
2026-10-08 21:04:09,https://www.sofinagroup.com/governance/shareholders-meetings/,age procuration covid 19,https://www.sofinagroup.com/~/media/Files/S/Sofina-Corp/investors/shareholder-center/general-meeting/2020/age-procuration-covid-19.pdf
2026-10-08 21:04:09,https://www.sofinagroup.com/governance/shareholders-meetings/,age vote par correspondance covid 19,https://www.sofinagroup.com/~/media/Files/S/Sofina-Corp/investors/shareholder-center/general-meeting/2020/age-vote-par-correspondance-covid-19.pdf
2026-10-08 21:04:09,https://investor.eliagroup.eu/en/elia-group-share/shareholder-meetings,c9c9166df079407db80351149e6c4734,https://www.windgrid.com/-/media/c9c9166df079407db80351149e6c4734.ashx
2026-10-08 21:04:09,https://investor.eliagroup.eu/en/elia-group-share/shareholder-meetings,5e7a70bb0aa946c69d0ca1c5be562a52,https://www.windgrid.com/-/media/5e7a70bb0aa946c69d0ca1c5be562a52.ashx
2026-10-08 21:04:09,https://investor.eliagroup.eu/en/elia-group-share/shareholder-meetings,fcdeb32223c447648238a6eda4e67df9,https://www.windgrid.com/-/media/fcdeb32223c447648238a6eda4e67df9.ashx
2026-10-08 21:04:09,https://investor.eliagroup.eu/en/elia-group-share/shareholder-meetings,Unknown Title,https://tools.eurolandir.com/tools/sharegraph/download.aspx?Type=0&SolutionID=1757&LanguageID=32&ISIN=BE0003822393&MarketID=9&CultureCode=en-GB&PeriodString=ThreeMonths&DateRange=08%2f07%2f2026%2408%2f10%2f2026&ShowTotalReturn=False&TotalReturnText=Total+return&PeersSelected=0&IndicesSelected=0&CommoditiesSelected=0&CompareCurrenciesSelected=0&SystemCurrency=LocalCurrency&mId=7773&OwnShareSelected=0
2026-10-09 20:33:17,https://www.goldfields.com/sustainability-reporting.php,Capture,https://secure.visionary-data-intuition.com/Track/Capture.aspx?retType=js&trk_jshv=1&trk_user=819934&trk_sw=1920&trk_sh=1080&trk_ref=&trk_tit=Downloaded%20-%20pdf%2Finvestors%2Fintegrated-annual-reports%2F2022%2Fgold-fields-gri-2022.pdf&trk_loc=https%3A%2F%2Fwww.goldfields.com%2Fpdf%2Finvestors%2Fintegrated-annual-reports%2F2022%2Fgold-fields-gri-2022.pdf&trk_agn=Netscape&trk_agv=Mozilla%2F5.0%20(Windows%20NT%2010.0%3B%20Win64%3B%20x64)%20AppleWebKit%2F537.36%20(KHTML%2C%20like%20Gecko)%20Chrome%2F124.0%20Safari%2F537.36&trk_dom=www.goldfields.com&trk_cookie=NA&trk_dt=true
2026-10-09 20:33:20,https://www.blueowl.com/sustainability,utsync,https://ml314.com/utsync.ashx?eid=50131&et=13&cid=salr&fp=CgsEYWrJVssAAAAJGSxTAw%3D%3D&gdpr=0&gdpr_consent=&return=https%3A%2F%2Fsync.srv.stackadapt.com%2Fsync%3Fnid%3Dbombora%26redirect%3Dhttps%253A%252F%252Fml314.com%252Fcsync.ashx%253Ffp%253D{StackadaptID}%2526person_id%253D[PersonID]%2526eid%253D87411%2526return%253Dhttps%25253A%25252F%25252Fidsync.rlcdn.com%25252F395886.gif%25253Fpartner_uid%25253D[PersonID]
2026-10-10 19:45:09,https://www.kfh.com/en/home/Investor-Relations/Annual-Reports/Annual-Reports.html,KFH Daily 2026.09.06,https://www.kfh.com/dam/jcr:bf3abce8-2ab7-4370-b286-1ad20dfe7c04/KFH%20Daily_2026.09.06.pdf
2026-10-10 19:45:09,https://www.kfh.com/en/home/Investor-Relations/Annual-Reports/Annual-Reports.html,Corporate Profile H1 2026 (English),https://www.kfh.com/dam/jcr:850f7fd6-5392-46ab-901b-886ed50aff3f/Corporate%20Profile%20H1-2026%20(English).pdf
2026-10-10 19:45:09,https://www.kfh.com/en/home/Investor-Relations/Annual-Reports/Annual-Reports.html,Financial Results 31/12/2025,https://www.kfh.com/dam/jcr:7b9c4eb6-8cd5-48cd-a3e7-74beeaeda7f9/kuwait/1-KFH Disclosure Jan 7 2026.pdf
2026-10-10 19:45:09,https://www.kfh.com/en/home/Investor-Relations/Annual-Reports/Annual-Reports.html,1 KFH Disclosure Jan 7 2026,https://www.kfh.com/dam/jcr:1431960a-e1d3-4f45-aa0a-5a7f7bf1afcb/kuwait/1-KFH Disclosure Jan 7 2026.pdf
2026-10-10 19:45:09,https://www.kfh.com/en/home/Investor-Relations/Annual-Reports/Annual-Reports.html,[Supplementary Disclosure] Analysts Conference Transcript - Q (4/2025),https://www.kfh.com/dam/jcr:0c01ec3f-6c97-4bc3-9fad-91f8350b7819/kuwait/2-KFH Disclosure Feb 9 2026.pdf
2026-10-10 19:45:09,https://www.kfh.com/en/home/Investor-Relations/Annual-Reports/Annual-Reports.html,[Supplementary Disclosure] Supplementary Disclosure Analysts Conference Presentation Q (4/2025),https://www.kfh.com/dam/jcr:6db81c46-a9cb-4548-b710-804ab2b4d78c/kuwait/1-KFH Disclosure Feb 4 2026.pdf
2026-10-10 19:45:09,https://www.kfh.com/en/home/Investor-Relations/Annual-Reports/Annual-Reports.html,[Supplementary Disclosure] Supplementary Disclosure Minutes of Meetings Ordinary and Extra-Ordinary General Assemblies Convened on 30 March 2026,https://www.kfh.com/dam/jcr:4f54cce1-93c8-4124-a2e2-e3d233d46a3a/kuwait/5-KFH Disclosure Mar 31 2026.pdf
2026-10-10 19:45:09,https://www.kfh.com/en/home/Investor-Relations/Annual-Reports/Annual-Reports.html,Material Information Disclosure Resignation of Group Chief International Banking Officer,https://www.kfh.com/dam/jcr:ff55ffe0-2ab0-49bb-b785-dc6b2fbdd083/kuwait/4-KFH Disclosure Mar 31 2026.pdf
2026-10-10 19:45:09,https://www.kfh.com/en/home/Investor-Relations/Annual-Reports/Annual-Reports.html,[Supplementary Disclosure] Annual general meeting outcome,https://www.kfh.com/dam/jcr:e4f3eb1e-9761-41e1-9cf3-ae2b91a9ec2e/kuwait/3-KFH Disclosure Mar 31 2026.pdf
2026-10-10 19:45:09,https://www.kfh.com/en/home/Investor-Relations/Annual-Reports/Annual-Reports.html,[Supplementary Disclosure] Formation of Board of Directors,https://www.kfh.com/dam/jcr:6db8cd51-8ab6-430b-b013-1c08565094c4/kuwait/2-KFH Disclosure Mar 31 2026.pdf
2026-10-10 19:45:09,https://www.kfh.com/en/home/Investor-Relations/Annual-Reports/Annual-Reports.html,General Assembly Meeting 30/03/2026,https://www.kfh.com/dam/jcr:f398b92c-a91d-4e19-9aa5-1046dba07799/kuwait/1-KFH Disclosure Mar 11 2026.pdf
2026-10-10 19:45:09,https://www.kfh.com/en/home/Investor-Relations/Annual-Reports/Annual-Reports.html,3 KFH Disclosure April 8 2026,https://www.kfh.com/dam/jcr:64679dd7-7a2c-4995-9fd3-232e51a0391d/kuwait/3- KFH Disclosure April 8 2026.pdf
2026-10-10 19:45:09,https://www.kfh.com/en/home/Investor-Relations/Annual-Reports/Annual-Reports.html,[Supplementary Disclosure] Supplementary Disclosure Analysts Conference Presentation Q (1/2026),https://www.kfh.com/dam/jcr:7b578141-8e10-4cb2-bebc-d543945549d0/kuwait/3- KFH Disclosure April 8 2026.pdf
2026-10-10 19:45:09,https://www.kfh.com/en/home/Investor-Relations/Annual-Reports/Annual-Reports.html,3 KFH Disclosure April 8 2026,https://www.kfh.com/dam/jcr:1b8f2cd8-0ae0-4d97-8713-16c0c7c4e795/kuwait/3- KFH Disclosure April 8 2026.pdf
2026-10-10 19:45:09,https://www.kfh.com/en/home/Investor-Relations/Annual-Reports/Annual-Reports.html,[Supplementary Disclosure] Supplementary Disclosure CMA Approval for the Marketing of Sukuk,https://www.kfh.com/dam/jcr:6e88c89d-d5d2-484e-8c1f-0e1c388e9273/kuwait/3- KFH Disclosure April 8 2026.pdf
2026-10-10 19:45:09,https://www.kfh.com/en/home/Investor-Relations/Annual-Reports/Annual-Reports.html,Material Information Disclosure Appointment of the Head of Group Internal Shariah Audit,https://www.kfh.com/dam/jcr:10e792a7-a3e9-4184-a7f6-e8c7174303e1/kuwait/3- KFH Disclosure April 8 2026.pdf
2026-10-10 19:45:09,https://www.kfh.com/en/home/Investor-Relations/Annual-Reports/Annual-Reports.html,Financial Results 31/3/2026,https://www.kfh.com/dam/jcr:b23330f4-e32f-46cf-bb97-1e4163b9e0b3/kuwait/3- KFH Disclosure April 8 2026.pdf
2026-10-10 19:45:09,https://www.kfh.com/en/home/Investor-Relations/Annual-Reports/Annual-Reports.html,[Supplementary Disclosure] Supplementary Disclosure CMA Approval on Sukuk Issuance,https://www.kfh.com/dam/jcr:4d27d76e-8776-44df-b308-d1683315836f/kuwait/3- KFH Disclosure April 8 2026.pdf
2026-10-10 19:45:09,https://www.kfh.com/en/home/Investor-Relations/Annual-Reports/Annual-Reports.html,[Supplementary Disclosure] Corporate Action Confirmation,https://www.kfh.com/dam/jcr:d4fde8cb-1e67-455c-9f75-9e3ecae9d7c5/kuwait/2- KFH Disclosure April 7 2026.pdf
2026-10-10 19:45:09,https://www.kfh.com/en/home/Investor-Relations/Annual-Reports/Annual-Reports.html,1 KFH Disclosure April 7 2026,https://www.kfh.com/dam/jcr:0b88c349-d358-49d5-98e4-0f866a6e0725/kuwait/1- KFH Disclosure April 7 2026.pdf
2026-10-10 19:45:09,https://www.kfh.com/en/home/Investor-Relations/Annual-Reports/Annual-Reports.html,[Supplementary Disclosure] Supplementary Disclosure Sukuk - Completion of Issuance and Settlement Procedures,https://www.kfh.com/dam/jcr:434bd164-bf1e-4f6b-ae83-feb7e3d64f96/kuwait/2- KFH Disclosure May 20 2026.pdf
2026-10-10 19:45:09,https://www.kfh.com/en/home/Investor-Relations/Annual-Reports/Annual-Reports.html,Sustainability Report 2025,https://www.kfh.com/dam/jcr:add1c386-93ae-4aa5-a371-8147d15bbfc6/kuwait/1- KFH Disclosure May 14 2026.pdf
2026-10-10 19:45:09,https://www.kfh.com/en/home/Investor-Relations/Annual-Reports/Annual-Reports.html,Material Information Disclosure Renewal of Securities Activity License “Investment Advisor” Activity,https://www.kfh.com/dam/jcr:839c0108-fafa-4e96-9866-f2d8fc0b0727/kuwait/2- KFH Disclosure June 17 2026.pdf
2026-10-10 19:45:09,https://www.kfh.com/en/home/Investor-Relations/Annual-Reports/Annual-Reports.html,2 KFH Disclosure May 20 2026,https://www.kfh.com/dam/jcr:9b9b267f-27e2-4cb6-8032-018b6817e877/kuwait/2- KFH Disclosure May 20 2026.pdf
2026-10-10 19:45:09,https://www.kfh.com/en/home/Investor-Relations/Annual-Reports/Annual-Reports.html,Bankruptcy Judge’s Decision - Mushrif Trading and Contracting Company,https://www.kfh.com/dam/jcr:53da1d27-632e-4751-8c8d-bab1c9ff447c/kuwait/1-KFH-Disclosure-October-07-2026.pdf
2026-10-10 19:45:09,https://www.kfh.com/en/home/Investor-Relations/Annual-Reports/Annual-Reports.html,Financial Results 31/12/2024,https://www.kfh.com/dam/jcr:37c8a42a-ce29-404f-9ef8-1a74a07fba7b/9- KFH Disclosure Jan 28 2025.pdf
2026-10-10 19:45:09,https://www.kfh.com/en/home/Investor-Relations/Annual-Reports/Annual-Reports.html,8 KFH Disclosure Jan 27 2025,https://www.kfh.com/dam/jcr:56cf1f77-5b67-41a0-9d3e-26c57573b256/8- KFH Disclosure Jan 27 2025.pdf
2026-10-10 19:45:09,https://www.kfh.com/en/home/Investor-Relations/Annual-Reports/Annual-Reports.html,Material Information Disclosure Rebranding and Visual Identity (The Group’s Logo),https://www.kfh.com/dam/jcr:bdb7f577-0ad5-4e50-aa90-b571f777f12e/7-KFH Disclosure Jan 19 2025.pdf
2026-10-10 19:45:09,https://www.kfh.com/en/home/Investor-Relations/Annual-Reports/Annual-Reports.html,[Corrective Announcement] Disclosure Amendment Retirement of the Acting Group Chief Executive Officer,https://www.kfh.com/dam/jcr:4bcbd08e-b6a3-4b8b-a013-d0e35deb1709/1-KFH Disclosure Jan 8 2025.pdf
2026-10-10 19:45:09,https://www.kfh.com/en/home/Investor-Relations/Annual-Reports/Annual-Reports.html,Appointment of the KFH Group Chief Executive Officer,https://www.kfh.com/dam/jcr:64594bc9-720b-476c-a8fa-d93b77799ae1/4- KFH Disclosure January 12 2025.pdf
2026-10-10 19:45:09,https://www.kfh.com/en/home/Investor-Relations/Annual-Reports/Annual-Reports.html,Retirement of the Acting Group Chief Executive Officer,https://www.kfh.com/dam/jcr:57a25f79-1cd0-4c60-b1fd-237461a3888e/3- KFH Disclosure January 12 2025.pdf
2026-10-10 19:45:09,https://www.kfh.com/en/home/Investor-Relations/Annual-Reports/Annual-Reports.html,6 KFH Disclosure Jan 8 2025,https://www.kfh.com/dam/jcr:828f6cfe-36df-4060-bd83-8403680a2c00/6-KFH Disclosure Jan 8 2025.pdf
2026-10-10 19:45:09,https://www.kfh.com/en/home/Investor-Relations/Annual-Reports/Annual-Reports.html,General Assembly Meeting 16 March 2025,https://www.kfh.com/dam/jcr:03284ea9-b32e-4d9b-a4d9-6cc9c2eecbe8/9- KFH Disclosure Jan 28 2025.pdf
2026-10-10 19:45:09,https://www.kfh.com/en/home/Investor-Relations/Annual-Reports/Annual-Reports.html,[Supplementary Disclosure] Supplementary Disclosure Sale of Ahli United Bank’s (B.S.C) stake in Ahli Bank SAOG,https://www.kfh.com/dam/jcr:e439bac6-63cc-4499-a0dc-d1c668c50468/9- KFH Disclosure Jan 28 2025.pdf
2026-10-10 19:45:09,https://www.kfh.com/en/home/Investor-Relations/Annual-Reports/Annual-Reports.html,[Supplementary Disclosure] Transcript of the Analysts Conference,https://www.kfh.com/dam/jcr:49bef9de-a142-4064-b644-c58e91f5033a/9- KFH Disclosure Jan 28 2025.pdf
2026-10-10 19:45:09,https://www.kfh.com/en/home/Investor-Relations/Annual-Reports/Annual-Reports.html,[Supplementary Disclosure] Supplementary Disclosure Analysts Conference Presentation Q (4/2024),https://www.kfh.com/dam/jcr:0cd498b0-9ef7-4b1a-86b1-f11b34202ec9/9- KFH Disclosure Jan 28 2025.pdf
2026-10-10 19:45:09,https://www.kfh.com/en/home/Investor-Relations/Annual-Reports/Annual-Reports.html,Material Information Disclosure Sale of Ahli United Bank’s (B.S.C) stake in Ahli Bank SAOG,https://www.kfh.com/dam/jcr:722c12c4-0ec1-49e8-a63f-22e8b110346a/9- KFH Disclosure Jan 28 2025.pdf
2026-10-10 19:45:09,https://www.kfh.com/en/home/Investor-Relations/Annual-Reports/Annual-Reports.html,[Supplementary Disclosure] Corporate Action Confirmation,https://www.kfh.com/dam/jcr:099f3dbf-af73-44f5-8258-70d053a5467f/10- KFH Disclosure MAR 17 2025.pdf
2026-10-10 19:45:09,https://www.kfh.com/en/home/Investor-Relations/Annual-Reports/Annual-Reports.html,10 KFH Disclosure MAR 17 2025,https://www.kfh.com/dam/jcr:482bda9e-cc92-4ce1-87d8-204f69876fd0/10- KFH Disclosure MAR 17 2025.pdf
2026-10-10 19:45:09,https://www.kfh.com/en/home/Investor-Relations/Annual-Reports/Annual-Reports.html,[Supplementary Disclosure] Supplementary Disclosure Minutes of Meetings Ordinary and Extra-Ordinary General Assemblies Convened on 16 March 2025,https://www.kfh.com/dam/jcr:d1f886b8-8ac5-423b-bbcd-44a5bcdd63ea/10- KFH Disclosure MAR 17 2025.pdf
2026-10-10 19:45:09,https://www.kfh.com/en/home/Investor-Relations/Annual-Reports/Annual-Reports.html,[Supplementary Disclosure] Resolutions of KFH ordinary and extra-ordinary general assemblies meetings for the financial year ended 31 December 2024,https://www.kfh.com/dam/jcr:3dc8f5f1-71f0-44ce-a497-9e24e3b30446/10- KFH Disclosure MAR 17 2025.pdf
2026-10-10 19:45:09,https://www.kfh.com/en/home/Investor-Relations/Annual-Reports/Annual-Reports.html,[Supplementary Disclosure] Decrease in Major Shareholder Ownership.”,https://www.kfh.com/dam/jcr:c357fa84-96df-4728-a836-961f896dc248/2-%20KFH%20Disclosure%20March%2010%202025.pdf
2026-10-10 19:45:09,https://www.kfh.com/en/home/Investor-Relations/Annual-Reports/Annual-Reports.html,1 KFH Disclosure March 10 2025,https://www.kfh.com/dam/jcr:cc1a0f7e-a670-4d6f-bf25-7b60efb013a6/1-%20KFH%20Disclosure%20March%2010%202025.pdf
2026-10-10 19:45:09,https://www.kfh.com/en/home/Investor-Relations/Annual-Reports/Annual-Reports.html,7 KFH Disclosure November 27 2025,https://www.kfh.com/dam/jcr:5b1c439b-2c1a-47b2-82f9-b9e90642b7d4/kuwait/7-KFH-Disclosure-November-27-2025.pdf
2026-10-10 19:45:09,https://www.kfh.com/en/home/Investor-Relations/Annual-Reports/Annual-Reports.html,6 KFH Disclosure November 26 2025,https://www.kfh.com/dam/jcr:64de655c-ac0c-42ac-ba41-f8650c40ddf2/kuwait/6- KFH Disclosure November 26 2025.pdf
2026-10-10 19:45:09,https://www.kfh.com/en/home/Investor-Relations/Annual-Reports/Annual-Reports.html,[Supplementary Disclosure] Supplementary Disclosure Sukuk: Completion of Issuance and Settlement Procedures,https://www.kfh.com/dam/jcr:caa21323-4e38-41be-8912-3d7c6d0bd607/kuwait/5- KFH Disclosure November 23 2025.pdf
2026-10-10 19:45:09,https://www.kfh.com/en/home/Investor-Relations/Annual-Reports/Annual-Reports.html,Commentary on News: Financing Kuwait Petroleum Corporation,https://www.kfh.com/en/dam/jcr:44032949-fcd1-4c74-99dd-2e2f5128174e/4-%20KFH%20Disclosure%20November%2020%202025.pdf
2026-10-10 19:45:09,https://www.kfh.com/en/home/Investor-Relations/Annual-Reports/Annual-Reports.html,[Supplementary Disclosure] Supplementary Disclosure Offering and Pricing Sukuk,https://www.kfh.com/en/dam/jcr:e956655e-cda7-41e7-ba79-38e34a8c9fdf/206%20-%2016%2011%202025%20-%20%D8%A7%D9%84%D8%A8%D9%88%D8%B1%D8%B5%D8%A9%20-%20%D8%A5%D9%81%D8%B5%D8%A7%D8%AD%20%D9%85%D9%83%D9%85%D9%84%20-%20%D8%B7%D8%B1%D8%AD%20%D9%88%D8%AA%D8%B3%D8%B9%D9%8A%D8%B1%20%D8%A7%D9%84%D8%B5%D9%83%D9%88%D9%83.pdf
2026-10-10 19:45:09,https://www.kfh.com/en/home/Investor-Relations/Annual-Reports/Annual-Reports.html,Material Information Disclosure Approval on Sukuk Issuance,https://www.kfh.com/en/dam/jcr:c1a3ad39-f63c-44ad-8cb3-6b045aaa666a/2-%20KFH%20Disclosure%20November%2009%202025.pdf
2026-10-10 19:45:09,https://www.kfh.com/en/home/Investor-Relations/Annual-Reports/Annual-Reports.html,[Supplementary Disclosure] Transcript of the Analysts Conference,https://www.kfh.com/en/dam/jcr:e1c9a84e-ee65-4ce3-aa49-1513be5860b0/1-%20KFH%20Disclosure%20November%2002%202025.pdf
2026-10-10 19:45:09,https://www.kfh.com/en/home/Investor-Relations/Annual-Reports/Annual-Reports.html,3 KFH Disclosure December 18 2025,https://www.kfh.com/dam/jcr:a6ce6408-8b89-4cd1-91e9-c1511a98e389/kuwait/3 - KFH Disclosure December 18 2025.pdf
2026-10-10 19:45:09,https://www.kfh.com/en/home/Investor-Relations/Annual-Reports/Annual-Reports.html,2 KFH Disclosure December 17 2025,https://www.kfh.com/dam/jcr:8d962449-d8c0-4ac1-b4e7-fdcd3844ddc6/kuwait/2-KFH-Disclosure December-17-2025.pdf
2026-10-10 19:45:09,https://www.kfh.com/en/home/Investor-Relations/Annual-Reports/Annual-Reports.html,Disclosure regarding an unusual trades (Unusual Trading Activity of Kuwait Finance House Shares on 9 December 2025),https://www.kfh.com/dam/jcr:26508af0-ab21-401a-b0b3-742ff52b6cba/kuwait/7-KFH-Disclosure-November-27-2025.pdf
2026-10-10 19:45:09,https://www.kfh.com/en/home/Investor-Relations/Annual-Reports/Annual-Reports.html,8 KFH Disclosure January 31 2024,https://www.kfh.com/dam/jcr:d3a4e710-3680-44e0-aefd-c7fcf1c0c58a/8-KFH-Disclosure-January-31-2024.pdf
2026-10-10 19:45:09,https://www.kfh.com/en/home/Investor-Relations/Annual-Reports/Annual-Reports.html,[Supplementary Disclosure] Corporate Action Confirmation,https://www.kfh.com/dam/jcr:cc93efa7-6053-4daa-8ca7-ed38f29e3dda/7-KFH-Disclosure-January-25-2024.pdf
2026-10-10 19:45:09,https://www.kfh.com/en/home/Investor-Relations/Annual-Reports/Annual-Reports.html,4 KFH Disclosure January 18 2024,https://www.kfh.com/dam/jcr:be024681-308e-435d-ae8e-acf76de33baf/4- KFH Disclosure January 18 2024.pdf
2026-10-10 19:45:09,https://www.kfh.com/en/home/Investor-Relations/Annual-Reports/Annual-Reports.html,4 KFH Disclosure January 18 2024,https://www.kfh.com/dam/jcr:28101e51-712d-4a72-bde6-c70fe65171ca/4- KFH Disclosure January 18 2024.pdf
2026-10-10 19:45:09,https://www.kfh.com/en/home/Investor-Relations/Annual-Reports/Annual-Reports.html,[Supplementary Disclosure] Supplementary Disclosure Sukuk: Completion of Issuance and Settlement Procedures,https://www.kfh.com/dam/jcr:548c0c10-b570-443d-9728-9cd75c7da933/4- KFH Disclosure January 18 2024.pdf
2026-10-10 19:45:09,https://www.kfh.com/en/home/Investor-Relations/Annual-Reports/Annual-Reports.html,3 KFH Disclosure January 14 2024,https://www.kfh.com/dam/jcr:bd92877e-b60c-4b4b-b015-a4492c014fb9/3- KFH Disclosure January 14 2024.pdf
2026-10-10 19:45:09,https://www.kfh.com/en/home/Investor-Relations/Annual-Reports/Annual-Reports.html,[Supplementary Disclosure] Supplementary Disclosure Offering and Pricing Sukuk,https://www.kfh.com/dam/jcr:ae3aee2b-54e1-408e-b032-c1d735e22d7e/2- KFH Disclosure January 11 2024.pdf
2026-10-10 19:45:09,https://www.kfh.com/en/home/Investor-Relations/Annual-Reports/Annual-Reports.html,[Supplementary Disclosure] Supplementary Disclosure Termination of Non-Binding Letter of Intent,https://www.kfh.com/dam/jcr:45719812-a507-46c9-aac1-f966f7471857/1- KFH Disclosure January 10 2024.pdf
2026-10-10 19:45:09,https://www.kfh.com/en/home/Investor-Relations/Annual-Reports/Annual-Reports.html,2 KFH Disclosure February 4 2024,https://www.kfh.com/dam/jcr:d63de5d4-689f-40e5-b5a2-1c09b874e6f6/2-KFH-Disclosure-February-4-2024.pdf
2026-10-10 19:45:09,https://www.kfh.com/en/home/Investor-Relations/Annual-Reports/Annual-Reports.html,Financial Results 31/12/2023,https://www.kfh.com/dam/jcr:62ef1e13-9cf8-4e26-9632-aa26b440d72f/9-KFH-Disclosure-January-31-2024.pdf
2026-10-10 19:45:09,https://www.kfh.com/en/home/Investor-Relations/Annual-Reports/Annual-Reports.html,[Supplementary Disclosure] Corporate Action Confirmation,https://www.kfh.com/en/dam/jcr:dd105d9d-52d0-456b-8cf6-78733b991b0f/5-KFH-Disclosure-March-27-2024.pdf
2026-10-10 19:45:09,https://www.kfh.com/en/home/Investor-Relations/Annual-Reports/Annual-Reports.html,4 KFH Disclosure March 24 2024,https://www.kfh.com/en/dam/jcr:c3640f6e-0cae-4bfe-841e-c4b9f0d44794/4-KFH-Disclosure-March-24-2024.pdf
2026-10-10 19:45:09,https://www.kfh.com/en/home/Investor-Relations/Annual-Reports/Annual-Reports.html,[Supplementary Disclosure] Disclosure Amendment Corporate Action Disclosure Form,https://www.kfh.com/en/dam/jcr:e0f82a2e-927e-4dde-a286-beafe6a3aae7/3-KFH-Disclosure-March-20-2024.pdf
2026-10-10 19:45:09,https://www.kfh.com/en/home/Investor-Relations/Annual-Reports/Annual-Reports.html,[Supplementary Disclosure] Annual general meeting outcome,https://www.kfh.com/en/dam/jcr:f2d1afa7-b5db-41a5-8dbc-de284fcf5b64/2-KFH-Disclosure-March-19-2024.pdf
2026-10-10 19:45:09,https://www.kfh.com/en/home/Investor-Relations/Annual-Reports/Annual-Reports.html,Material Information Disclosure Resignation of The GM Digital Transformation and Innovation,https://www.kfh.com/en/dam/jcr:25a013e7-6e92-48f4-b111-54ab3ca250d3/1-KFH-Disclosure-March-10-2024.pdf
2026-10-10 19:45:09,https://www.kfh.com/en/home/Investor-Relations/Annual-Reports/Annual-Reports.html,[Supplementary Disclosure] Supplementary Disclosure KFH: Analysts Conference Presentation Q (1/2024),https://www.kfh.com/dam/jcr:e4aab5c8-744a-49d8-b97a-587caba39e64/3-KFH-Disclosure-April-24-2024.pdf
2026-10-10 19:45:09,https://www.kfh.com/en/home/Investor-Relations/Annual-Reports/Annual-Reports.html,Financial Results 31/03/2024,https://www.kfh.com/dam/jcr:6f33f635-3559-475f-95ed-6dc9c4e0a72b/3-KFH-Disclosure-April-24-2024.pdf
2026-10-10 19:45:09,https://www.kfh.com/en/home/Investor-Relations/Annual-Reports/Annual-Reports.html,[Supplementary Disclosure] Corporate Action Confirmation,https://www.kfh.com/en/dam/jcr:c8f2baa0-d4db-44a2-8b8b-39a195d2f155/2-KFH-Disclosure-April-03-2024.pdf
2026-10-10 19:45:09,https://www.kfh.com/en/home/Investor-Relations/Annual-Reports/Annual-Reports.html,1 KFH Disclosure April 02 2024,https://www.kfh.com/en/dam/jcr:bdc1273e-fd44-4881-bc6c-c986168b28e5/1-KFH-Disclosure-April-02-2024.pdf
2026-10-10 19:45:09,https://www.kfh.com/en/home/Investor-Relations/Annual-Reports/Annual-Reports.html,3 KFH Diclosure May 20 2024,https://www.kfh.com/dam/jcr:552e941d-e789-42da-8aa0-c0bcf605559b/3-KFH Diclosure May-20-2024.pdf
2026-10-10 19:45:09,https://www.kfh.com/en/home/Investor-Relations/Annual-Reports/Annual-Reports.html,2 KFH Disclosure May 15 2024,https://www.kfh.com/dam/jcr:0675e2d2-82a3-4bac-b36e-e3bb32e07e94/2-KFH Disclosure May-15-2024.pdf
2026-10-10 19:45:09,https://www.kfh.com/en/home/Investor-Relations/Annual-Reports/Annual-Reports.html,[Supplementary Disclosure] Transcript of the Analysts Conference,https://www.kfh.com/dam/jcr:e0536e6e-0f14-4d13-a71d-ceb7f55cee4a/KFH-DisclosureMay-05-2024.pdf
2026-10-10 19:45:09,https://www.kfh.com/en/home/Investor-Relations/Annual-Reports/Annual-Reports.html,Material Information Disclosure KFH Included in the FTSE4Good Index Series,https://www.kfh.com/dam/jcr:5bf9d80a-7f5a-49f0-ae6b-e53ca42b9864/3-KFH Diclosure May-20-2024.pdf
2026-10-10 19:45:09,https://www.kfh.com/en/home/Investor-Relations/Annual-Reports/Annual-Reports.html,Commentary on News: The News Published on Bloomberg's Website,https://www.kfh.com/dam/jcr:58162586-c39c-4fb0-b09f-a6664237197c/3-KFH Diclosure May-20-2024.pdf
2026-10-10 19:45:09,https://www.kfh.com/en/home/Investor-Relations/Annual-Reports/Annual-Reports.html,Material Information Disclosure KFH Group Voluntary Withdrawal from the Malaysian Market,https://www.kfh.com/dam/jcr:9973c387-63d4-44e5-8508-31259b0541db/1-KFH Disclosure July-23-2024.pdf
2026-10-10 19:45:09,https://www.kfh.com/en/home/Investor-Relations/Annual-Reports/Annual-Reports.html,[Supplementary Disclosure] Corporate Action Confirmation,https://www.kfh.com/dam/jcr:00b0b1ef-910c-457d-81a7-6c7ccc1aea59/1-KFH Disclosure July-23-2024.pdf
2026-10-10 19:45:09,https://www.kfh.com/en/home/Investor-Relations/Annual-Reports/Annual-Reports.html,[Supplementary Disclosure] Supplementary Disclosure KFH: Analysts Conference Presentation Q (2/2024),https://www.kfh.com/dam/jcr:61639e8a-0ac5-4693-bc1b-32960590aa1c/1-KFH Disclosure July-23-2024.pdf
2026-10-10 19:45:09,https://www.kfh.com/en/home/Investor-Relations/Annual-Reports/Annual-Reports.html,[Supplementary Disclosure] Supplementary Disclosure Corporate Actions Schedule Semi-Annual Cash Dividends Distributions Q 2 2024,https://www.kfh.com/dam/jcr:d91a7d28-ecd5-4f6c-ab81-356082130e39/1-KFH Disclosure July-23-2024.pdf
2026-10-10 19:45:09,https://www.kfh.com/en/home/Investor-Relations/Annual-Reports/Annual-Reports.html,Financial Results 30/06/2024,https://www.kfh.com/dam/jcr:95207c73-5f71-408a-977f-42f193b7d0f5/1-KFH Disclosure July-23-2024.pdf
2026-10-10 19:45:09,https://www.kfh.com/en/home/Investor-Relations/Annual-Reports/Annual-Reports.html,1 KFH Disclosure August 01 2024,https://www.kfh.com/dam/jcr:1f8d89d4-7882-4e52-8e38-12271734c070/1-KFH Disclosure August-01-2024.pdf
2026-10-10 19:45:09,https://www.kfh.com/en/home/Investor-Relations/Annual-Reports/Annual-Reports.html,[Supplementary Disclosure] Supplementary Disclosure Semi-Annual Cash Dividends Distributions For the period ended 30 June 2024,https://www.kfh.com/dam/jcr:910d8c0f-fad4-4019-bfb8-9fb2fb28fc5c/1-KFH Disclosure August-01-2024.pdf
2026-10-10 19:45:09,https://www.kfh.com/en/home/Investor-Relations/Annual-Reports/Annual-Reports.html,Sustainability Report for the Year 2023,https://www.kfh.com/dam/jcr:afb69803-22c7-4e75-a1fb-48f007194ba7/1-KFH Disclosure August-01-2024.pdf
2026-10-10 19:45:09,https://www.kfh.com/en/home/Investor-Relations/Annual-Reports/Annual-Reports.html,[Supplementary Disclosure] Transcript of the Analysts Conference,https://www.kfh.com/dam/jcr:465d7ad5-5bcc-44ab-bacb-4629cae48070/1-KFH Disclosure August-01-2024.pdf
2026-10-10 19:45:09,https://www.kfh.com/en/home/Investor-Relations/Annual-Reports/Annual-Reports.html,"Material Information Disclosure Appointment of “Deputy Group CEO Transformation, Technology and Operations”",https://www.kfh.com/dam/jcr:948791e8-a7de-4a11-bb6d-2cd3d7708d08/2-KFH Disclosure August-01-2024.pdf
2026-10-10 19:45:09,https://www.kfh.com/en/home/Investor-Relations/Annual-Reports/Annual-Reports.html,Material Information Disclosure Completion of “AUB – United Kingdom and Egypt” Conversion into Shari'a Compliant,https://www.kfh.com/dam/jcr:b13fd9fc-4988-4d27-9f16-71ab26879825/1-KFH Disclosure August-01-2024.pdf
2026-10-10 19:45:09,https://www.kfh.com/en/home/Investor-Relations/Annual-Reports/Annual-Reports.html,5 KFH Disclosure October 28 2024,https://www.kfh.com/dam/jcr:6354a69f-465c-4a39-ad70-fa26c72f05d2/5-KFH Disclosure October-28-2024.pdf
2026-10-10 19:45:09,https://www.kfh.com/en/home/Investor-Relations/Annual-Reports/Annual-Reports.html,Supplementary Disclosure Sale of KFH Group Stake in Sharjah Islamic Bank,https://www.kfh.com/dam/jcr:1180418b-503a-475d-929e-64ccadb55c32/2-KFH Disclosure October-24-2024.pdf
2026-10-10 19:45:09,https://www.kfh.com/en/home/Investor-Relations/Annual-Reports/Annual-Reports.html,Financial Results 30/09/2024,https://www.kfh.com/dam/jcr:3e34096a-ce02-4041-8b22-14c69206d585/1-KFH Disclosure October-21-2024.pdf
2026-10-10 19:45:09,https://www.kfh.com/en/home/Investor-Relations/Annual-Reports/Annual-Reports.html,[Supplementary Disclosure] Supplementary Disclosure Initial Agreement to Sell KFH Group’s Stake in The Energy House,https://www.kfh.com/dam/jcr:6dfbfd14-bef9-4135-94f7-6e4ab9a34ab6/2-KFH Disclosure August-01-2024.pdf
2026-10-10 19:45:09,https://www.kfh.com/en/home/Investor-Relations/Annual-Reports/Annual-Reports.html,[Supplementary Disclosure] Decrease in Major Shareholder Ownership,https://www.kfh.com/dam/jcr:5969b854-b545-4670-a748-6331e5581f36/2-KFH Disclosure August-01-2024.pdf
2026-10-10 19:45:09,https://www.kfh.com/en/home/Investor-Relations/Annual-Reports/Annual-Reports.html,Change of KFH Group’s Purpose of Interest in Energy House,https://www.kfh.com/dam/jcr:b659ada7-ee38-4430-86cd-dc342d118cec/2-KFH Disclosure August-01-2024.pdf
2026-10-10 19:45:09,https://www.kfh.com/en/home/Investor-Relations/Annual-Reports/Annual-Reports.html,[Supplementary Disclosure] Commentary on News: News about KFH – Malaysia,https://www.kfh.com/dam/jcr:d4e21081-1fa4-4f15-b962-b683068e18eb/2-KFH Disclosure August-01-2024.pdf
2026-10-10 19:45:09,https://www.kfh.com/en/home/Investor-Relations/Annual-Reports/Annual-Reports.html,2 KFH Disclosure August 01 2024,https://www.kfh.com/dam/jcr:c9437a03-7f60-4654-9fd1-b0ff9685bcb4/2-KFH Disclosure August-01-2024.pdf
2026-10-10 19:45:09,https://www.kfh.com/en/home/Investor-Relations/Annual-Reports/Annual-Reports.html,1 KFH Disclosure August 01 2024,https://www.kfh.com/dam/jcr:d9ddf976-567f-4895-aa33-4ff984920cee/1-KFH Disclosure August-01-2024.pdf
2026-10-10 19:45:09,https://www.kfh.com/en/home/Investor-Relations/Annual-Reports/Annual-Reports.html,Material Information Disclosure Retirement of the Group Chief HR and Transformation Officer,https://www.kfh.com/dam/jcr:378079a8-9d03-48cd-adb4-12d0bb6f08cd/1-KFH Disclosure August-19-2024.pdf
2026-10-10 19:45:09,https://www.kfh.com/en/home/Investor-Relations/Annual-Reports/Annual-Reports.html,1 KFH Disclosure August 19 2024,https://www.kfh.com/dam/jcr:9c9befe6-9f31-46b0-b957-f12b72205566/1-KFH Disclosure August-19-2024.pdf
2026-10-10 19:45:09,https://www.kfh.com/en/home/Investor-Relations/Annual-Reports/Annual-Reports.html,Material Information Disclosure CMA Disciplinary Board Resolution No. (54/2024 Disciplinary Board) (59/2024 Authority),https://www.kfh.com/dam/jcr:22ff3876-71b0-4185-bd28-68214dd9a7b1/2-KFH Disclosure August-01-2024.pdf
2026-10-10 19:45:09,https://www.kfh.com/en/home/Investor-Relations/Annual-Reports/Annual-Reports.html,General Assembly Meeting 16 February 2023,https://www.kfh.com/en/dam/jcr:6a4099d3-05ef-4fcb-b6ae-6bbf59063937/1-%20KFH%20Disclosure%20January%2026%202023.pdf
2026-10-10 19:45:09,https://www.kfh.com/en/home/Investor-Relations/Annual-Reports/Annual-Reports.html,11 KFH Disclosure February 28 2023,https://www.kfh.com/dam/jcr:e8388be9-68a0-4c16-8799-9a34bc152471/11- KFH-Disclosure-February-28-2023.pdf
2026-10-10 19:45:09,https://www.kfh.com/en/home/Investor-Relations/Annual-Reports/Annual-Reports.html,[Supplementary Disclosure] Supplementary Disclosure Minutes of Meeting of KFH Ordinary General Assembly Convened on 16 February 2023,https://www.kfh.com/dam/jcr:9067e8af-72dd-44c5-89ea-8d0ac654d9f2/10-KFH-Disclosure-February-23-2024.pdf
2026-10-10 19:45:09,https://www.kfh.com/en/home/Investor-Relations/Annual-Reports/Annual-Reports.html,Material Information Disclosure Central Bank of Kuwait Initial Approval of Establishing A Sukuk- Issuance Program,https://www.kfh.com/en/dam/jcr:f7b9c39f-b1ce-4b76-89bc-99da5bd24cbe/9-%20KFH%20Disclosure%20February%2023%202023.pdf
2026-10-10 19:45:09,https://www.kfh.com/en/home/Investor-Relations/Annual-Reports/Annual-Reports.html,General Assembly Meeting 20 March 2023,https://www.kfh.com/en/dam/jcr:43e546ea-d1e5-47cb-b00a-2efd9ff5a88f/8-%20KFH%20Disclosure%20February%2023%202023.pdf
2026-10-10 19:45:09,https://www.kfh.com/en/home/Investor-Relations/Annual-Reports/Annual-Reports.html,[Supplementary Disclosure] Formation of Board of Directors,https://www.kfh.com/en/dam/jcr:dc6d1d77-a0f9-401e-afba-6c9f03cce533/7-%20KFH%20Disclosure%20February%2020%202023.pdf
2026-10-10 19:45:09,https://www.kfh.com/en/home/Investor-Relations/Annual-Reports/Annual-Reports.html,[Supplementary Disclosure] Annual general meeting outcome,https://www.kfh.com/en/dam/jcr:6fdaea40-4b9e-4a37-b3b1-1cd2cf94402d/6-%20KFH%20Disclosure%20February%2020%202023.pdf
2026-10-10 19:45:09,https://www.kfh.com/en/home/Investor-Relations/Annual-Reports/Annual-Reports.html,[Supplementary Disclosure] Transcript of the Analysts Conference,https://www.kfh.com/en/dam/jcr:20183ee7-0d46-4423-9431-586f0bdbf0b6/5-%20KFH%20Disclosure%20February%2014%202023.pdf
2026-10-10 19:45:09,https://www.kfh.com/en/home/Investor-Relations/Annual-Reports/Annual-Reports.html,Analysts Conference Presentation Q 4/2022,https://www.kfh.com/en/dam/jcr:bada1517-94f3-46cd-bea9-5d5bdfe091c9/4-%20KFH%20Disclosure%20February%2012%202023.pdf
2026-10-10 19:45:09,https://www.kfh.com/en/home/Investor-Relations/Annual-Reports/Annual-Reports.html,CONSOLIDATED FINANCIAL STATEMENTS 31 DECEMBER 2022,https://www.kfh.com/en/dam/jcr:68450f9f-59e9-4fe3-b257-7b7662ab4ad5/3-%20KFH%20Disclosure%20February%2006%202023_en.pdf
2026-10-10 19:45:09,https://www.kfh.com/en/home/Investor-Relations/Annual-Reports/Annual-Reports.html,Financial Results 31/12/2022,https://www.kfh.com/en/dam/jcr:a826465a-865f-48d5-9a63-271d97e7081c/2-%20KFH%20Disclosure%20February%2006%202023.pdf
2026-10-10 19:45:09,https://www.kfh.com/en/home/Investor-Relations/Annual-Reports/Annual-Reports.html,1 KFH Disclosure February 01 2023,https://www.kfh.com/en/dam/jcr:39e1565a-aeea-473d-bb83-daa695ad5e0a/1-%20KFH%20Disclosure%20February%2001%202023.pdf
2026-10-10 19:45:09,https://www.kfh.com/en/home/Investor-Relations/Annual-Reports/Annual-Reports.html,9 KFH Disclosure March 26 2023,https://www.kfh.com/dam/jcr:6981ea85-5c32-49ba-8ad2-9f44aa7f1e41/kuwait/KFH-Disclosures/2023/March/9-KFH-Disclosure-March-26-2023.pdf
2026-10-10 19:45:09,https://www.kfh.com/en/home/Investor-Relations/Annual-Reports/Annual-Reports.html,[Supplementary Disclosure] Corporate Action Confirmation,https://www.kfh.com/dam/jcr:f9d6207b-86ad-45d9-88c2-28b8ab30f830/kuwait/KFH-Disclosures/2023/March/9-KFH-Disclosure-March-26-2023.pdf
2026-10-10 19:45:09,https://www.kfh.com/en/home/Investor-Relations/Annual-Reports/Annual-Reports.html,Material Information Disclosure Central Bank of Kuwait Approval of Appointing the External Sharia Auditor,https://www.kfh.com/en/dam/jcr:f4245d16-9d50-4532-8f7b-86ac8e75e092/8-%20KFH%20Disclosure%20March%2023%202023.pdf
2026-10-10 19:45:09,https://www.kfh.com/en/home/Investor-Relations/Annual-Reports/Annual-Reports.html,7 KFH Disclosure March 23 2023,https://www.kfh.com/en/dam/jcr:a0e81226-9021-4cc1-8e1c-cdec53be1932/7-%20KFH%20Disclosure%20March%2023%202023.pdf
2026-10-10 19:45:09,https://www.kfh.com/en/home/Investor-Relations/Annual-Reports/Annual-Reports.html,Material Information Disclosure Resignation of the Group Chief Corporate Banking Officer,https://www.kfh.com/en/dam/jcr:e59b3389-3eab-4b26-bc14-70c934751d96/6-%20KFH%20Disclosure%20March%2021%202023.pdf
2026-10-10 19:45:09,https://www.kfh.com/en/home/Investor-Relations/Annual-Reports/Annual-Reports.html,[Supplementary Disclosure] Annual general meeting outcome,https://www.kfh.com/en/dam/jcr:f3e761bb-f415-47fe-9851-4a8ce3872c9c/5-%20KFH%20Disclosure%20March%2021%202023.pdf
2026-10-10 19:45:09,https://www.kfh.com/en/home/Investor-Relations/Annual-Reports/Annual-Reports.html,4 KFH Disclosure March 16 2023,https://www.kfh.com/en/dam/jcr:84bcd361-a9e5-4995-8404-022c1ec24d14/4-%20KFH%20Disclosure%20March%2016%202023.pdf
2026-10-10 19:45:09,https://www.kfh.com/en/home/Investor-Relations/Annual-Reports/Annual-Reports.html,3 KFH Disclosure March 15 2023,https://www.kfh.com/en/dam/jcr:85a57e92-8879-4b71-84fe-0bc74fc23ae1/3-%20KFH%20Disclosure%20March%2015%202023.pdf
2026-10-10 19:45:09,https://www.kfh.com/en/home/Investor-Relations/Annual-Reports/Annual-Reports.html,Response to News: Exposure to ‘Silicon Valley Bank’,https://www.kfh.com/en/dam/jcr:bdb2842a-fd44-4b25-919a-a62df5a2ce26/2-%20KFH%20Disclosure%20March%2013%202023.pdf
2026-10-10 19:45:09,https://www.kfh.com/en/home/Investor-Relations/Annual-Reports/Annual-Reports.html,Response to News: Handing Over Muthanna Complex to the Ministry of Finance,https://www.kfh.com/en/dam/jcr:bc44bdb5-66c7-4c5b-90b5-37688f085229/094%20-%2009%2003%202023%20-%20%D8%A7%D9%84%D8%AA%D8%B9%D9%82%D9%8A%D8%A8%20%D8%B9%D9%84%D9%89%20%D8%A7%D9%84%D8%A3%D8%AE%D8%A8%D8%A7%D8%B1%20-%20%D9%85%D8%AC%D9%85%D8%B9%20%D8%A7%D9%84%D9%85%D8%AB%D9%86%D9%89%20-%20%D8%A8%20%D8%A7%D9%84%D9%83%D9%88%D9%8A%D8%AA.pdf
2026-10-10 19:45:09,https://www.kfh.com/en/home/Investor-Relations/Annual-Reports/Annual-Reports.html,Financial Results 31/03/2023,https://www.kfh.com/dam/jcr:2b8d361f-00f5-4537-8619-c0132a467b92/kuwait/KFH-Disclosures/2023/April/4-KFH-Disclosure-26-April-2023.pdf
2026-10-10 19:45:09,https://www.kfh.com/en/home/Investor-Relations/Annual-Reports/Annual-Reports.html,[Supplementary Disclosure] Supplementary Disclosure Establishing and Listing the Sukuk Programme,https://www.kfh.com/dam/jcr:b8b3e75e-9881-47e2-9891-b015abd4a364/kuwait/KFH-Disclosures/2023/April/4-KFH-Disclosure-26-April-2023.pdf
2026-10-10 19:45:09,https://www.kfh.com/en/home/Investor-Relations/Annual-Reports/Annual-Reports.html,[Supplementary Disclosure] Supplementary Disclosure Central Bank of Kuwait Approval on the First Issuance of Sukuk,https://www.kfh.com/dam/jcr:5bc06475-cac1-4fc5-937b-1c42bf6220de/kuwait/KFH-Disclosures/2023/April/1- KFH Disclosure 06 April 2023.pdf
2026-10-10 19:45:09,https://www.kfh.com/en/home/Investor-Relations/Annual-Reports/Annual-Reports.html,1 KFH Disclosure 06 April 2023,https://www.kfh.com/dam/jcr:42e874db-0e19-4a88-a916-295a38d442ed/kuwait/KFH-Disclosures/2023/April/1- KFH Disclosure 06 April 2023.pdf
2026-10-10 19:45:09,https://www.kfh.com/en/home/Investor-Relations/Annual-Reports/Annual-Reports.html,1 KFH Disclosure 06 April 2023,https://www.kfh.com/dam/jcr:e3066912-5a4c-4128-be0e-64e578729766/kuwait/KFH-Disclosures/2023/April/1- KFH Disclosure 06 April 2023.pdf
2026-10-10 19:45:09,https://www.kfh.com/en/home/Investor-Relations/Annual-Reports/Annual-Reports.html,[Supplementary Disclosure] Supplementary Disclosure Completion of all Mandatory Acquisition Procedures of AUB-Kuwait,https://www.kfh.com/dam/jcr:1abba467-504f-4b51-a69f-f126fd381521/kuwait/KFH-Disclosures/2023/April/4-KFH-Disclosure-26-April-2023.pdf
2026-10-10 19:45:09,https://www.kfh.com/en/home/Investor-Relations/Annual-Reports/Annual-Reports.html,[Supplementary Disclosure] Judicial Decision Disclosure,https://www.kfh.com/dam/jcr:8e194fe9-394d-47f5-9783-f62f8edd42bb/kuwait/KFH-Disclosures/2023/April/4-KFH-Disclosure-26-April-2023.pdf
2026-10-10 19:45:09,https://www.kfh.com/en/home/Investor-Relations/Annual-Reports/Annual-Reports.html,[Supplementary Disclosure] Supplementary Disclosure CMA Approval on Executing the Mandatory Acquisition of AUB - Kuwait,https://www.kfh.com/dam/jcr:56544d5b-e732-428d-8278-844f8f3f51e2/kuwait/KFH-Disclosures/2023/April/4-KFH-Disclosure-26-April-2023.pdf
2026-10-10 19:45:09,https://www.kfh.com/en/home/Investor-Relations/Annual-Reports/Annual-Reports.html,4 KFH Disclosure 26 April 2023,https://www.kfh.com/dam/jcr:5f7320d8-adca-4774-bf11-1fff4ed77a58/kuwait/KFH-Disclosures/2023/April/4-KFH-Disclosure-26-April-2023.pdf
2026-10-10 19:45:09,https://www.kfh.com/en/home/Investor-Relations/Annual-Reports/Annual-Reports.html,4 KFH Disclosure 26 April 2023,https://www.kfh.com/dam/jcr:9d5583e0-dc57-44a3-9e2c-4329aaf66abe/kuwait/KFH-Disclosures/2023/April/4-KFH-Disclosure-26-April-2023.pdf
2026-10-10 19:45:09,https://www.kfh.com/en/home/Investor-Relations/Annual-Reports/Annual-Reports.html,[Supplementary Disclosure] Transcript of the Analysts Conference,https://www.kfh.com/dam/jcr:2fd53355-0224-4b76-9880-bf32d3cb5857/kuwait/KFH-Disclosures/2023/April/4-KFH-Disclosure-26-April-2023.pdf
2026-10-10 19:45:09,https://www.kfh.com/en/home/Investor-Relations/Annual-Reports/Annual-Reports.html,[Supplementary Disclosure] Analysts Conference Presentation Q (1/2023),https://www.kfh.com/dam/jcr:29242130-81e6-4ede-a8ae-8725c58fef32/kuwait/KFH-Disclosures/2023/April/4-KFH-Disclosure-26-April-2023.pdf
2026-10-10 19:45:09,https://www.kfh.com/en/home/Investor-Relations/Annual-Reports/Annual-Reports.html,Commentary on News: A Press Release about KFH`s Rating by Capital Intelligence,https://www.kfh.com/en/dam/jcr:c0caf151-8698-4c15-9ba5-5d38982530a8/3-%20KFH%20Disclosure%2025%20June%202023.pdf
2026-10-10 19:45:09,https://www.kfh.com/en/home/Investor-Relations/Annual-Reports/Annual-Reports.html,Material Information Disclosure Renewal of Securities Activity License - Investment Advisor Activity,https://www.kfh.com/en/dam/jcr:d157b965-5dc3-4c87-ae0d-9dad6307876c/2-%20KFH%20Disclosure%2022%20June%202023.pdf
2026-10-10 19:45:09,https://www.kfh.com/en/home/Investor-Relations/Annual-Reports/Annual-Reports.html,1 KFH Disclosure 20 June 2023,https://www.kfh.com/en/dam/jcr:77a01d8a-96b9-4b50-a92e-05fef44b0a33/1-%20KFH%20Disclosure%2020%20June%202023.pdf
2026-10-10 19:45:09,https://www.kfh.com/en/home/Investor-Relations/Annual-Reports/Annual-Reports.html,8 KFH Disclosure 31 July 2023,https://www.kfh.com/en/dam/jcr:60bb38b5-e4e6-4449-9e67-5f3944726710/8-%20KFH%20Disclosure%2031%20July%202023.pdf
2026-10-10 19:45:09,https://www.kfh.com/en/home/Investor-Relations/Annual-Reports/Annual-Reports.html,[Supplementary Disclosure] Transcript of the Analysts Conference,https://www.kfh.com/en/dam/jcr:ccb105c5-c0d3-47ed-8c09-fa0ecfdc1049/7-%20KFH%20Disclosure%2030%20July%202023.pdf
2026-10-10 19:45:09,https://www.kfh.com/en/home/Investor-Relations/Annual-Reports/Annual-Reports.html,6 KFH Disclosure 30 July 2023,https://www.kfh.com/en/dam/jcr:69f1f674-dbe3-4ac8-ad5b-8039bbfb5e27/6-%20KFH%20Disclosure%2030%20July%202023.pdf
2026-10-10 19:45:09,https://www.kfh.com/en/home/Investor-Relations/Annual-Reports/Annual-Reports.html,[Supplementary Disclosure] Supplementary Disclosure KFH: Analysts Conference Presentation Q (2/2023),https://www.kfh.com/en/dam/jcr:2c77c9cd-1459-419a-82c3-353a45b581d0/5-%20KFH%20Disclosure%2027%20July%202023.pdf
2026-10-10 19:45:09,https://www.kfh.com/en/home/Investor-Relations/Annual-Reports/Annual-Reports.html,[Supplementary Disclosure] Corporate Action Confirmation,https://www.kfh.com/en/dam/jcr:53077ab0-69e1-46fc-b35e-8b3797005919/4-%20KFH%20Disclosure%2025%20July%202023.pdf
2026-10-10 19:45:09,https://www.kfh.com/en/home/Investor-Relations/Annual-Reports/Annual-Reports.html,[Supplementary Disclosure] Supplementary Disclosure Corporate Actions Schedule - Semi-Annual Cash Dividends Distributions Q 2 2023,https://www.kfh.com/en/dam/jcr:dc6fefb2-7198-4e86-ac03-ec9515a34793/2-%20KFH%20Disclosure%2024%20July%202023.pdf
2026-10-10 19:45:09,https://www.kfh.com/en/home/Investor-Relations/Annual-Reports/Annual-Reports.html,Financial Results 30/06/2023,https://www.kfh.com/en/dam/jcr:cb5da5c2-9b2b-4bec-b823-311cf97a1974/3-%20KFH%20Disclosure%2024%20July%202023.pdf
2026-10-10 19:45:09,https://www.kfh.com/en/home/Investor-Relations/Annual-Reports/Annual-Reports.html,[Supplementary Disclosure] Judicial Decision Disclosure,https://www.kfh.com/en/dam/jcr:2d5a1fa7-3909-45d9-8caa-4685af010688/1-%20KFH%20Disclosure%205%20July%202023.pdf
2026-10-10 19:45:09,https://www.kfh.com/en/home/Investor-Relations/Annual-Reports/Annual-Reports.html,Material Information Disclosure Appointment of ‘Chief Executive Officer - KFH Kuwait’,https://www.kfh.com/dam/jcr:5e2769d6-3708-4964-bac5-78d03588d6d1/2- KFH Disclosure 27-08-2023.pdf
2026-10-10 19:45:09,https://www.kfh.com/en/home/Investor-Relations/Annual-Reports/Annual-Reports.html,[Supplementary Disclosure] Supplementary Disclosure Semi-Annual Cash Dividends Distributions For the period ended 30 June 2023,https://www.kfh.com/en/dam/jcr:228c2240-d20b-4d23-8db3-1678834a9712/21%2008%202023%20-%20%D8%A7%D9%84%D8%A8%D9%88%D8%B1%D8%B5%D8%A9%20-%20%D8%A5%D9%81%D8%B5%D8%A7%D8%AD%20%D9%85%D9%83%D9%85%D9%84%20-%20%D8%A7%D9%84%D8%A8%D8%AF%D8%A1%20%D9%81%D9%8A%20%D8%AA%D9%88%D8%B2%D9%8A%D8%B9%20%D8%A7%D9%84%D8%A3%D8%B1%D8%A8%D8%A7%D8%AD%20%D8%A7%D9%84%D9%86%D8%B5%D9%81%20%D8%B3%D9%86%D9%88%D9%8A%D8%A9.pdf
2026-10-10 19:45:09,https://www.kfh.com/en/home/Investor-Relations/Annual-Reports/Annual-Reports.html,[Supplementary Disclosure] Board of Directors Meeting Results,https://www.kfh.com/dam/jcr:15bbae09-81c6-45d2-8701-23ce5055428a/2- Disclosure 13092023.pdf
2026-10-10 19:45:09,https://www.kfh.com/en/home/Investor-Relations/Annual-Reports/Annual-Reports.html,"Material Information Disclosure Appointment of ‘Group Chief Technology, Digital Transformation and PMO Officer’",https://www.kfh.com/dam/jcr:fd69b6dc-e900-499f-9e3b-f926f708b762/2- Disclosure 13092023.pdf
2026-10-10 19:45:09,https://www.kfh.com/en/home/Investor-Relations/Annual-Reports/Annual-Reports.html,1 KFH Disclosure 06 09 2023,https://www.kfh.com/dam/jcr:e24a5147-029c-46dc-b19f-5595917b631e/1- KFH Disclosure 06-09-2023.pdf
2026-10-10 19:45:09,https://www.kfh.com/en/home/Investor-Relations/Annual-Reports/Annual-Reports.html,Judicial Decision Disclosure,https://www.kfh.com/dam/jcr:c4dcdb41-9087-4e6e-a3da-a564d4ecf40f/2- Disclosure 13092023.pdf
2026-10-10 19:45:09,https://www.kfh.com/en/home/Investor-Relations/Annual-Reports/Annual-Reports.html,[Corrective Announcement] Disclosure Amendment KFH: Analysts Conference Transcript Q 3 / 2023,https://www.kfh.com/dam/jcr:d5513f69-474e-4238-990a-aeed56a93ba4/2- Disclosure 13092023.pdf
2026-10-10 19:45:09,https://www.kfh.com/en/home/Investor-Relations/Annual-Reports/Annual-Reports.html,[Supplementary Disclosure] Transcript of the Analysts Conference,https://www.kfh.com/dam/jcr:2f286880-1a5f-4279-8a5b-6a8e997fff78/2- Disclosure 13092023.pdf
2026-10-10 19:45:09,https://www.kfh.com/en/home/Investor-Relations/Annual-Reports/Annual-Reports.html,[Supplementary Disclosure] Supplementary Disclosure KFH: Analysts Conference Presentation Q (3/2023),https://www.kfh.com/dam/jcr:01b84784-efcf-4c14-8bc0-49adaf18a838/2- Disclosure 13092023.pdf
2026-10-10 19:45:09,https://www.kfh.com/en/home/Investor-Relations/Annual-Reports/Annual-Reports.html,[Supplementary Disclosure] Board of Directors Meeting Results,https://www.kfh.com/dam/jcr:946f4950-a6d6-41ff-8e41-0ad5d90e5c67/2- Disclosure 13092023.pdf
2026-10-10 19:45:09,https://www.kfh.com/en/home/Investor-Relations/Annual-Reports/Annual-Reports.html,Financial Results 30/09/2023,https://www.kfh.com/dam/jcr:5cd95b89-2eed-4ae4-958d-fd414f629052/2- Disclosure 13092023.pdf
2026-10-10 19:45:09,https://www.kfh.com/en/home/Investor-Relations/Annual-Reports/Annual-Reports.html,2 Disclosure 13092023,https://www.kfh.com/dam/jcr:f1898388-17c1-4d21-ab19-ecf0b9913cac/2- Disclosure 13092023.pdf
2026-10-10 19:45:09,https://www.kfh.com/en/home/Investor-Relations/Annual-Reports/Annual-Reports.html,[Supplementary Disclosure] Annual general meeting outcome,https://www.kfh.com/dam/jcr:bbe5907e-6916-4dfa-82b4-619182d20a50/2- Disclosure 13092023.pdf
2026-10-10 19:45:09,https://www.kfh.com/en/home/Investor-Relations/Annual-Reports/Annual-Reports.html,2 Disclosure 13092023,https://www.kfh.com/dam/jcr:2403e2a4-8628-4834-a2d1-308599a695eb/2- Disclosure 13092023.pdf
2026-10-10 19:45:09,https://www.kfh.com/en/home/Investor-Relations/Annual-Reports/Annual-Reports.html,Material Information Disclosure Receiving a Non-Binding Letter of Intent,https://www.kfh.com/dam/jcr:d14baa58-be2a-45fe-8bfd-d6ea32be335c/2- Disclosure 13092023.pdf
2026-10-10 19:45:09,https://www.kfh.com/en/home/Investor-Relations/Annual-Reports/Annual-Reports.html,General Assembly Meeting 29 November 2023,https://www.kfh.com/dam/jcr:eef2fd98-4d54-4918-b51b-717478cfd0f7/2- Disclosure 13092023.pdf
2026-10-10 19:45:09,https://www.kfh.com/en/home/Investor-Relations/Annual-Reports/Annual-Reports.html,[Supplementary Disclosure] Supplementary Disclosure CMA Approval - Extension of Sukuk Issuance Period,https://www.kfh.com/dam/jcr:a65a90aa-1045-4fef-94e0-a0a9aadef48e/2- Disclosure 13092023.pdf
2026-10-10 19:45:09,https://www.kfh.com/en/home/Investor-Relations/Annual-Reports/Annual-Reports.html,[Supplementary Disclosure] Supplementary Disclosure CMA Approval of the Capital Increase of KFH,https://www.kfh.com/dam/jcr:2a8964e2-6970-4434-8897-36ae8c397af9/2- Disclosure 13092023.pdf
2026-10-10 19:45:09,https://www.kfh.com/en/home/Investor-Relations/Annual-Reports/Annual-Reports.html,Announcement] Disclosure Amendment Disclosure of Lawsuits and Court Judgments,https://www.kfh.com/dam/jcr:0f2d10a1-45cf-4ddc-a9f6-831fdcad2235/4- Disclosure 27-12-2023.pdf
2026-10-10 19:45:09,https://www.kfh.com/en/home/Investor-Relations/Annual-Reports/Annual-Reports.html,[Supplementary Disclosure] Judicial Decision Disclosure,https://www.kfh.com/dam/jcr:52b8f052-e4fd-418f-8f07-1f95ebb3bf81/3- Disclosure 27-12-2023.pdf
2026-10-10 19:45:09,https://www.kfh.com/en/home/Investor-Relations/Annual-Reports/Annual-Reports.html,Material Information Disclosure Completion of AUB – Bahrain Conversion into Shari'a Compliant,https://www.kfh.com/dam/jcr:731da4b4-9b9c-49aa-bda6-b24558e49e94/2- Disclosure 13092023.pdf
2026-10-10 19:45:09,https://www.kfh.com/en/home/Investor-Relations/Annual-Reports/Annual-Reports.html,[Supplementary Disclosure] Supplementary Disclosure Minutes of Meeting KFH Extra-Ordinary General Assembly Convened on 29 November 2023,https://www.kfh.com/dam/jcr:38a9512f-c6d4-4054-ada0-232fb802569c/2- Disclosure 13092023.pdf
2026-10-10 19:45:09,https://www.kfh.com/en/home/Investor-Relations/Annual-Reports/Annual-Reports.html,Material Information Disclosure Analysts Conference Presentation Q 4 / 2021,https://www.kfh.com/dam/jcr:794e62ad-c33d-460b-a710-90dd36bb3fc3/kuwait/KFH-Disclosures/2020/september/2- KFH Disclosure Feb 08 2022.pdf
2026-10-10 19:45:09,https://www.kfh.com/en/home/Investor-Relations/Annual-Reports/Annual-Reports.html,2 KFH Disclosure Feb 08 2022,https://www.kfh.com/en/dam/jcr:333eaa5d-5509-45f5-a923-f19508aa2d07/2-%20KFH%20Disclosure%20Feb%2008%202022.pdf
2026-10-10 19:45:09,https://www.kfh.com/en/home/Investor-Relations/Annual-Reports/Annual-Reports.html,Financial Results 31/12/2021,https://www.kfh.com/en/dam/jcr:6161042c-e0d3-40ba-9265-5908bcc28049/1-%20KFH%20Disclosure%20Feb%2008%202022%20-%20En.pdf
2026-10-10 19:45:09,https://www.kfh.com/en/home/Investor-Relations/Annual-Reports/Annual-Reports.html,4 KFH Disclosure 26 05 2022,https://www.kfh.com/en/dam/jcr:7195430b-d95e-4b18-8ea3-b4f9d4269ab5/4-%20KFH%20Disclosure%20%2026%2005%202022.pdf
2026-10-10 19:45:09,https://www.kfh.com/en/home/Investor-Relations/Annual-Reports/Annual-Reports.html,[Supplementary Disclosure] Analysts Conference Presentation - Q 1 / 2022,https://www.kfh.com/en/dam/jcr:d4419e03-eab8-4229-8180-7834a868726e/119%20-%2028%2004%202022%20-%20%D8%A5%D9%81%D8%B5%D8%A7%D8%AD%20%D9%85%D8%A4%D8%AA%D9%85%D8%B1%20%D8%A7%D9%84%D9%85%D8%AD%D9%84%D9%84%D9%8A%D9%86%20-%20%D8%A7%D9%84%D8%B1%D8%A8%D8%B9%20%D8%A7%D9%84%D8%A3%D9%88%D9%84%202022%20-%20%D8%A7%D9%84%D8%B9%D8%B1%D8%B6%20%D8%A7%D9%84%D8%AA%D9%82%D8%AF%D9%8A%D9%85%D9%8A%20-%20%D8%A7%D9%84%D8%A8%D9%88%D8%B1%D8%B5%D8%A9.pdf
2026-10-10 19:45:09,https://www.kfh.com/en/home/Investor-Relations/Annual-Reports/Annual-Reports.html,[Supplementary Disclosure] Transcript of the Analysts Conference,"https://www.kfh.com/magnoliaAuthor/.magnolia/$%7Blink:%7Buuid:%7B37348190-aebc-469d-84cc-2501656f9f46%7D,repository:%7Bdam%7D,path:%7B/kuwait/KFH-Disclosures/2022/May/120---08-05-2022-----------------------------------------------------2022.pdf%7D%7D%7D"
2026-10-10 19:45:09,https://www.kfh.com/en/home/Investor-Relations/Annual-Reports/Annual-Reports.html,Denial of Press Release - Potential Acquisition of ALAFCO,https://www.kfh.com/dam/jcr:427e6c26-1378-4d54-84e9-da47c44bef69/kuwait/KFH-Disclosures/2022/June/1-KFH Disclosure-23-06-2022.pdf
2026-10-10 19:45:09,https://www.kfh.com/en/home/Investor-Relations/Annual-Reports/Annual-Reports.html,[Supplementary Disclosure] Analysts Conference Presentation - Q 2 / 2022,https://www.kfh.com/dam/jcr:b7c1715d-c44d-4d28-8d9f-4d1d62094fb6/kuwait/KFH-Disclosures/2022/july/13- KFH Disclosure  28 07 2022.pdf
2026-10-10 19:45:09,https://www.kfh.com/en/home/Investor-Relations/Annual-Reports/Annual-Reports.html,Financial Results 30/06/2022,https://www.kfh.com/dam/jcr:1e696f31-55b5-450e-b7aa-6c5772de37f1/kuwait/KFH-Disclosures/2022/july/9- KFH Disclosure  25 07 2022.pdf
2026-10-10 19:45:09,https://www.kfh.com/en/home/Investor-Relations/Annual-Reports/Annual-Reports.html,[Supplementary Disclosure] Supplementary Disclosure KFH: Firm Intention Notification and the Offer Document,https://www.kfh.com/dam/jcr:82234167-de85-45f8-bea6-6e7124cce487/kuwait/KFH-Disclosures/2022/july/9- KFH Disclosure  25 07 2022.pdf
2026-10-10 19:45:09,https://www.kfh.com/en/home/Investor-Relations/Annual-Reports/Annual-Reports.html,[Supplementary Disclosure] Annual general meeting outcome,https://www.kfh.com/dam/jcr:fc2af2a6-8323-4900-9275-ab4af9d565f1/kuwait/KFH-Disclosures/2022/july/9- KFH Disclosure  25 07 2022.pdf
2026-10-10 19:45:09,https://www.kfh.com/en/home/Investor-Relations/Annual-Reports/Annual-Reports.html,[Supplementary Disclosure] Supplementary Disclosure CMA Approval of the Capital Increase of KFH,https://www.kfh.com/dam/jcr:809e7dec-ea7c-4777-9702-0a0418bb0fbd/kuwait/KFH-Disclosures/2022/july/9- KFH Disclosure  25 07 2022.pdf
2026-10-10 19:45:09,https://www.kfh.com/en/home/Investor-Relations/Annual-Reports/Annual-Reports.html,[Supplementary Disclosure] Supplementary Disclosure CBB Approval for KFH Acquisition of AUB - Bahrain,https://www.kfh.com/dam/jcr:16e905a5-7d62-43b8-b660-0579743421eb/kuwait/KFH-Disclosures/2022/June/1-KFH Disclosure-23-06-2022.pdf
2026-10-10 19:45:09,https://www.kfh.com/en/home/Investor-Relations/Annual-Reports/Annual-Reports.html,[Supplementary Disclosure] General Assembly Meeting 25/07/2022,https://www.kfh.com/dam/jcr:f0b73818-cecb-43f6-a6bc-f362abd08b92/kuwait/KFH-Disclosures/2022/June/1-KFH Disclosure-23-06-2022.pdf
2026-10-10 19:45:09,https://www.kfh.com/en/home/Investor-Relations/Annual-Reports/Annual-Reports.html,[Supplementary Disclosure] Board of Directors Meeting Results,https://www.kfh.com/dam/jcr:1a0bb291-e3a7-4a77-82ef-7c71064be767/kuwait/KFH-Disclosures/2022/June/1-KFH Disclosure-23-06-2022.pdf
2026-10-10 19:45:09,https://www.kfh.com/en/home/Investor-Relations/Annual-Reports/Annual-Reports.html,1 KFH Disclosure 23 06 2022,https://www.kfh.com/dam/jcr:5c984b00-8c9f-4428-9b48-571aa9291d34/kuwait/KFH-Disclosures/2022/June/1-KFH Disclosure-23-06-2022.pdf
2026-10-10 19:45:09,https://www.kfh.com/en/home/Investor-Relations/Annual-Reports/Annual-Reports.html,[Supplementary Disclosure] Supplementary Disclosure Competition Protection Agency’s Approval,https://www.kfh.com/dam/jcr:bccd3fe6-c780-434f-9da2-58fe49a88eff/kuwait/KFH-Disclosures/2022/June/1-KFH Disclosure-23-06-2022.pdf
2026-10-10 19:45:09,https://www.kfh.com/en/home/Investor-Relations/Annual-Reports/Annual-Reports.html,1 KFH Disclosure 23 06 2022,https://www.kfh.com/dam/jcr:5f781201-2020-4def-8605-2a650cf321ce/kuwait/KFH-Disclosures/2022/June/1-KFH Disclosure-23-06-2022.pdf
2026-10-10 19:45:09,https://www.kfh.com/en/home/Investor-Relations/Annual-Reports/Annual-Reports.html,Response to News - Denial of a Press Release,https://www.kfh.com/dam/jcr:c889e5b2-82a0-46b6-9d73-5db872aa6bfc/kuwait/KFH-Disclosures/2022/June/1-KFH Disclosure-23-06-2022.pdf
2026-10-10 19:45:09,https://www.kfh.com/en/home/Investor-Relations/Annual-Reports/Annual-Reports.html,8 KFH Disclosure 24 08 2022,https://www.kfh.com/dam/jcr:8536f8dd-c763-4b46-aeef-b2f38f793476/kuwait/KFH-Disclosures/2022/8-KFH Disclosure-24-08-2022.pdf
2026-10-10 19:45:09,https://www.kfh.com/en/home/Investor-Relations/Annual-Reports/Annual-Reports.html,[Supplementary Disclosure] Supplementary Disclosure CMA Approval to List KFH Share in Bahrain Bourse,https://www.kfh.com/dam/jcr:13e11642-6da6-4b32-b990-b50537db4875/kuwait/KFH-Disclosures/2022/7- KFH Disclosure  21 08 2022.pdf
2026-10-10 19:45:09,https://www.kfh.com/en/home/Investor-Relations/Annual-Reports/Annual-Reports.html,[Supplementary Disclosure] Credit Rating Disclosure,https://www.kfh.com/dam/jcr:6ec65af1-2a52-4485-ac4e-0bcfd7d7bb7f/kuwait/KFH-Disclosures/2022/6- KFH Disclosure  09 08 2022.pdf
2026-10-10 19:45:09,https://www.kfh.com/en/home/Investor-Relations/Annual-Reports/Annual-Reports.html,[Supplementary Disclosure] Supplementary Disclosure KFH: The Acquisition Offer’ Timetable,https://www.kfh.com/dam/jcr:16b08efc-d8d3-4b96-89c9-0a65fdc17f7a/kuwait/KFH-Disclosures/2022/3- KFH Disclosure  03 08 2022.pdf
2026-10-10 19:45:09,https://www.kfh.com/en/home/Investor-Relations/Annual-Reports/Annual-Reports.html,3 KFH Disclosure 03 08 2022,https://www.kfh.com/dam/jcr:3b2fede6-9f5f-4e4e-b626-77f6e69c0db6/kuwait/KFH-Disclosures/2022/3- KFH Disclosure  03 08 2022.pdf
2026-10-10 19:45:09,https://www.kfh.com/en/home/Investor-Relations/Annual-Reports/Annual-Reports.html,3 KFH Disclosure 03 08 2022,https://www.kfh.com/dam/jcr:8b103b13-73a1-48dd-bb6e-f61b41ebf0d0/kuwait/KFH-Disclosures/2022/3- KFH Disclosure  03 08 2022.pdf
2026-10-10 19:45:09,https://www.kfh.com/en/home/Investor-Relations/Annual-Reports/Annual-Reports.html,8 KFH Disclosure 24 08 2022 9e98ed4d c704 4e89 b3a3 60af37618acb,https://www.kfh.com/dam/jcr:9e98ed4d-c704-4e89-b3a3-60af37618acb/kuwait/KFH-Disclosures/2022/8-KFH%20Disclosure-24-08-2022.pdf       9e98ed4d-c704-4e89-b3a3-60af37618acb
2026-10-10 19:45:09,https://www.kfh.com/en/home/Investor-Relations/Annual-Reports/Annual-Reports.html,8 KFH Disclosure 24 08 2022 9e98ed4d c704 4e89 b3a3 60af37618acb,https://www.kfh.com/dam/jcr:0b9ec717-3bce-4520-a850-ba896aef0096/kuwait/KFH-Disclosures/2022/8-KFH%20Disclosure-24-08-2022.pdf%20%20%20%20%20%20%209e98ed4d-c704-4e89-b3a3-60af37618acb
2026-10-10 19:45:09,https://www.kfh.com/en/home/Investor-Relations/Annual-Reports/Annual-Reports.html,[Supplementary Disclosure] Supplementary Disclosure KFH: Signing an Agreement with AUB - Bahrain,https://www.kfh.com/dam/jcr:c84f9fe2-af8d-40f3-ab6a-74f2164b1bff/kuwait/KFH-Disclosures/2022/september/2-KFH-Disclosure-20-09-2022.pdf
2026-10-10 19:45:09,https://www.kfh.com/en/home/Investor-Relations/Annual-Reports/Annual-Reports.html,3 KFH Disclosure 25 09 2022,https://www.kfh.com/dam/jcr:3cd578fb-4f29-43c1-a9be-787f57ec9fa5/kuwait/KFH-Disclosures/2022/september/3- KFH Disclosure  25 09 2022.pdf
2026-10-10 19:45:09,https://www.kfh.com/en/home/Investor-Relations/Annual-Reports/Annual-Reports.html,[Supplementary Disclosure] Supplementary Disclosure KFH’s Board Circular Resolution,https://www.kfh.com/dam/jcr:a1a62b9d-dde4-421a-af98-d48583010fe6/kuwait/KFH-Disclosures/2022/september/5- KFH Disclosure  25 09 2022.pdf
2026-10-10 19:45:09,https://www.kfh.com/en/home/Investor-Relations/Annual-Reports/Annual-Reports.html,[Supplementary Disclosure] Transcript of the Analysts Conference,https://www.kfh.com/dam/jcr:4c38e44c-11f7-44d6-99ce-e6275baf3130/kuwait/KFH-Disclosures/2022/October/6-KFH-Disclosure--27-10-2022.pdf
2026-10-10 19:45:09,https://www.kfh.com/en/home/Investor-Relations/Annual-Reports/Annual-Reports.html,Material Information Disclosure KFH: Analysts Conference Presentation Q 3/2022,https://www.kfh.com/dam/jcr:0d271346-4a07-46fe-92c2-c3758e884796/kuwait/KFH-Disclosures/2022/5-KFH-Disclosure--25-10-2022.pdf
2026-10-10 19:45:09,https://www.kfh.com/en/home/Investor-Relations/Annual-Reports/Annual-Reports.html,Disclosure of Material Information Credit Ratings Commentary Issued by Fitch Ratings,https://www.kfh.com/dam/jcr:433b8a68-db36-4116-b649-3e4f4ca9b5c2/kuwait/KFH-Disclosures/2022/8-KFH%20Disclosure-24-08-2022.pdf
2026-10-10 19:45:09,https://www.kfh.com/en/home/Investor-Relations/Annual-Reports/Annual-Reports.html,Financial Results 30/09/2022,https://www.kfh.com/dam/jcr:77303ff2-d7ad-4f18-91f1-c92dc2a02119/kuwait/KFH-Disclosures/2022/October/2- KFH Disclosure  05 10 2022.pdf
2026-10-10 19:45:09,https://www.kfh.com/en/home/Investor-Relations/Annual-Reports/Annual-Reports.html,[Supplementary Disclosure] Supplementary Disclosure Listing KFH Share in Bahrain Bourse,https://www.kfh.com/dam/jcr:6216d2ca-0b06-49eb-bc9b-0c0c42a1dfda/kuwait/KFH-Disclosures/2022/October/2- KFH Disclosure  05 10 2022.pdf
2026-10-10 19:45:09,https://www.kfh.com/en/home/Investor-Relations/Annual-Reports/Annual-Reports.html,8 KFH Disclosure 24 08 2022 9e98ed4d c704 4e89 b3a3 60af37618acb,https://www.kfh.com/dam/jcr:d10f3b3b-defb-4d58-949b-018598a899d3/kuwait/KFH-Disclosures/2022/8-KFH%20Disclosure-24-08-2022.pdf       9e98ed4d-c704-4e89-b3a3-60af37618acb
2026-10-10 19:45:09,https://www.kfh.com/en/home/Investor-Relations/Annual-Reports/Annual-Reports.html,1 KFH Disclosure 01 11 2022,https://www.kfh.com/dam/jcr:9181bd05-a13c-4ead-bef7-faf12a4da1d9/kuwait/KFH-Disclosures/2022/November/1-KFH-Disclosure--01-11-2022.pdf
2026-10-10 19:45:09,https://www.kfh.com/en/home/Investor-Relations/Annual-Reports/Annual-Reports.html,1 KFH Disclosure 01 11 2022,https://www.kfh.com/dam/jcr:61c43cb9-ee5b-402d-bb87-637b5b113ddf/kuwait/KFH-Disclosures/2022/November/1-KFH-Disclosure--01-11-2022.pdf
2026-10-10 19:45:09,https://www.kfh.com/en/home/Investor-Relations/Annual-Reports/Annual-Reports.html,[Supplementary Disclosure] Supplementary Disclosure KFH’s Board Circular Resolution,https://www.kfh.com/dam/jcr:9a5bd8a7-0959-43ac-a70d-3cb8d6eb6d78/kuwait/KFH-Disclosures/2022/November/1-KFH-Disclosure--01-11-2022.pdf
2026-10-10 19:45:09,https://www.kfh.com/en/home/Investor-Relations/Annual-Reports/Annual-Reports.html,1 KFH Disclosure 01 11 2022,https://www.kfh.com/dam/jcr:f81fde78-1e91-4971-a2a7-b7c8022eaa60/kuwait/KFH-Disclosures/2022/November/1-KFH-Disclosure--01-11-2022.pdf
2026-10-10 19:45:09,https://www.kfh.com/en/home/Investor-Relations/Annual-Reports/Annual-Reports.html,1 KFH Disclosure 01 11 2022,https://www.kfh.com/dam/jcr:d7f6ec8a-21a2-40f0-a9f8-527cef5d372d/kuwait/KFH-Disclosures/2022/November/1-KFH-Disclosure--01-11-2022.pdf
2026-10-10 19:45:09,https://www.kfh.com/en/home/Investor-Relations/Annual-Reports/Annual-Reports.html,2 KFH Disclosure 03 11 2022,https://www.kfh.com/dam/jcr:2dec490a-3e39-4800-b8c0-e7eee9101139/kuwait/KFH-Disclosures/2022/November/2-KFH-Disclosure--03-11-2022.pdf
2026-10-10 19:45:09,https://www.kfh.com/en/home/Investor-Relations/Annual-Reports/Annual-Reports.html,1 KFH Disclosure 07 12 2022,https://www.kfh.com/dam/jcr:6df59605-335c-4e48-a21b-82a6c9b36165/kuwait/KFH-Disclosures/2022/December/1-KFH-Disclosure-07-12-2022.pdf
2026-10-10 19:45:09,https://www.kfh.com/en/home/Investor-Relations/Annual-Reports/Annual-Reports.html,[Supplementary Disclosure] Judicial Decision Disclosure,https://www.kfh.com/dam/jcr:a3327e70-0f64-4cd3-ba2d-8a68882ab156/kuwait/KFH-Disclosures/2022/December/1-KFH-Disclosure-07-12-2022.pdf
2026-10-10 19:45:09,https://www.kfh.com/en/home/Investor-Relations/Annual-Reports/Annual-Reports.html,Material Information Disclosure Retirement of the Group Chief Retail and Private Banking Officer,https://www.kfh.com/en/dam/jcr:a2b20e81-f35c-48f4-b786-958734c7b8e9/6-%20KFH%20Disclosure%20February%2024%202021.pdf
2026-10-10 19:45:09,https://www.kfh.com/en/home/Investor-Relations/Annual-Reports/Annual-Reports.html,5 KFH Disclosure February 18 2021,https://www.kfh.com/en/dam/jcr:68bdb56f-1cb6-4c19-9b20-f0c1f38ae806/5-%20KFH%20Disclosure%20February%2018%202021.pdf
2026-10-10 19:45:09,https://www.kfh.com/en/home/Investor-Relations/Annual-Reports/Annual-Reports.html,4 KFH Disclosure February 15 2021,https://www.kfh.com/en/dam/jcr:aad4c56b-0cff-4dea-8c02-c4e179e85808/4-%20KFH%20Disclosure%20February%2015%202021.pdf
2026-10-10 19:45:09,https://www.kfh.com/en/home/Investor-Relations/Annual-Reports/Annual-Reports.html,3 KFH Disclosure February 14 2021,https://www.kfh.com/en/dam/jcr:42c632e7-fe55-439c-b27a-ce683f721681/3-%20KFH%20Disclosure%20February%2014%202021.pdf
2026-10-10 19:45:09,https://www.kfh.com/en/home/Investor-Relations/Annual-Reports/Annual-Reports.html,KFH: Analysts Conference Presentation - Q 4 / 2020,https://www.kfh.com/en/dam/jcr:4bc741b6-86a9-482a-86a6-068bd8117709/2-%20KFH%20Disclosure%20February%2014%202021.pdf
2026-10-10 19:45:09,https://www.kfh.com/en/home/Investor-Relations/Annual-Reports/Annual-Reports.html,Financial Results 31 December 2020,https://www.kfh.com/en/dam/jcr:2c250cad-1587-4693-9c18-d9b28ba12df6/1-%20KFH%20Disclosure%20February%2004%202021.pdf
2026-10-10 19:45:09,https://www.kfh.com/en/home/Investor-Relations/Annual-Reports/Annual-Reports.html,[Supplementary Disclosure] Judicial Decision Disclosure,https://www.kfh.com/en/dam/jcr:af76341b-9336-45b5-a123-1010bff0913f/7-%20KFH%20Disclosure%20March%2029%202021.pdf
2026-10-10 19:45:09,https://www.kfh.com/en/home/Investor-Relations/Annual-Reports/Annual-Reports.html,[Supplementary Disclosure] Corporate Action Confirmation,https://www.kfh.com/en/dam/jcr:c4702ae2-45e0-4794-b0b3-a653372d2806/6-%20KFH%20Disclosure%20March%2029%202021.pdf
2026-10-10 19:45:09,https://www.kfh.com/en/home/Investor-Relations/Annual-Reports/Annual-Reports.html,Material Information Disclosure Resignation of Group Chief Human Resources Officer,https://www.kfh.com/en/dam/jcr:1366b3e9-9ea1-4f66-92ac-965a2e675d48/5-%20KFH%20Disclosure%20March%2024%202021.pdf
2026-10-10 19:45:09,https://www.kfh.com/en/home/Investor-Relations/Annual-Reports/Annual-Reports.html,[Supplementary Disclosure] Disclosure Amendment KFH: Record and Payment Dates,https://www.kfh.com/en/dam/jcr:b755bd79-3b01-464e-881f-a17c53a672b5/4-%20KFH%20Disclosure%20March%2023%202021.pdf
2026-10-10 19:45:09,https://www.kfh.com/en/home/Investor-Relations/Annual-Reports/Annual-Reports.html,Annual general meeting outcome,https://www.kfh.com/en/dam/jcr:04a56cbe-c8d6-4c80-94f9-ba2259c4c405/3-%20KFH%20Disclosure%20March%2022%202021.pdf
2026-10-10 19:45:09,https://www.kfh.com/en/home/Investor-Relations/Annual-Reports/Annual-Reports.html,2 KFH Disclosure March 08 2021,https://www.kfh.com/en/dam/jcr:1b7145a4-961f-40fe-9fc0-5f836536e78d/2-%20KFH%20Disclosure%20March%2008%202021.pdf
2026-10-10 19:45:09,https://www.kfh.com/en/home/Investor-Relations/Annual-Reports/Annual-Reports.html,General Assembly Meeting 22 March 2021,https://www.kfh.com/en/dam/jcr:8d33c0f3-119b-4764-b477-490619be2dcc/1-%20KFH%20Disclosure%20March%2004%202021.pdf
2026-10-10 19:45:09,https://www.kfh.com/en/home/Investor-Relations/Annual-Reports/Annual-Reports.html,5 KFH Disclosure April 21 2021,https://www.kfh.com/en/dam/jcr:c182395d-153e-4ad2-b109-40d06805d304/5-%20KFH%20Disclosure%20April%2021%202021.pdf
2026-10-10 19:45:09,https://www.kfh.com/en/home/Investor-Relations/Annual-Reports/Annual-Reports.html,Material Information Disclosure End of Service of Group Chief Information Officer,https://www.kfh.com/en/dam/jcr:44542e28-f4b9-41d9-927d-ca429fdf24df/4-%20KFH%20Disclosure%20April%2015%202021.pdf
2026-10-10 19:45:09,https://www.kfh.com/en/home/Investor-Relations/Annual-Reports/Annual-Reports.html,Material Information Disclosure Distribution of Cash and Bonus Shares Dividends FYE 31 December 2020,https://www.kfh.com/en/dam/jcr:7064f372-ab2d-4f4f-984e-d2bc0fdbe429/3-%20KFH%20Disclosure%20April%2013%202021.pdf
2026-10-10 19:45:09,https://www.kfh.com/en/home/Investor-Relations/Annual-Reports/Annual-Reports.html,Material Information Disclosure Appointment of KFH Group Chief Human Resources Officer,https://www.kfh.com/en/dam/jcr:7215a68f-2cf7-4afa-949d-1685e5a818f8/2-%20KFH%20Disclosure%20April%2011%202021.pdf
2026-10-10 19:45:09,https://www.kfh.com/en/home/Investor-Relations/Annual-Reports/Annual-Reports.html,[Supplementary Disclosure] Credit Rating Disclosure,https://www.kfh.com/en/dam/jcr:6383edfd-88b0-4836-9f59-dc392a2b3d8f/1-%20KFH%20Disclosure%20April%2001%202021.pdf
2026-10-10 19:45:09,https://www.kfh.com/en/home/Investor-Relations/Annual-Reports/Annual-Reports.html,Material Information Disclosure CBK Approval on Sukuk Issuance,https://www.kfh.com/en/dam/jcr:bafce89b-8a92-4732-99fd-4ae5d9d1cafd/6-%20KFH%20Disclosure%20May%2030%202021.pdf
2026-10-10 19:45:09,https://www.kfh.com/en/home/Investor-Relations/Annual-Reports/Annual-Reports.html,Material Information Disclosure Resignation of General Manager Private Banking,https://www.kfh.com/en/dam/jcr:23b8a12a-e1a6-4a12-91f5-e6af7405bc57/5-%20KFH%20Disclosure%20May%2023%202021.pdf
2026-10-10 19:45:09,https://www.kfh.com/en/home/Investor-Relations/Annual-Reports/Annual-Reports.html,[Supplementary Disclosure] Transcript of the Analysts Conference,https://www.kfh.com/en/dam/jcr:05db4b45-071d-4cf3-bed3-aceecd0841ab/4-%20KFH%20Disclosure%20May%2020%202021.pdf
2026-10-10 19:45:09,https://www.kfh.com/en/home/Investor-Relations/Annual-Reports/Annual-Reports.html,Material Information Disclosure KFH: Analysts Conference Presentation Q 1 / 2021,https://www.kfh.com/en/dam/jcr:6d962975-a8c7-46f5-a08a-7778596548e3/3-%20KFH%20Disclosure%20May%2017%202021.pdf
2026-10-10 19:45:09,https://www.kfh.com/en/home/Investor-Relations/Annual-Reports/Annual-Reports.html,Material Information Disclosure Appointment of KFH Group Chief Information Office,https://www.kfh.com/en/dam/jcr:de729d52-372f-4e6f-8500-e7b44ea5e857/2-%20KFH%20Disclosure%20May%2017%202021.pdf
2026-10-10 19:45:09,https://www.kfh.com/en/home/Investor-Relations/Annual-Reports/Annual-Reports.html,Financial Results 31 March 2021,https://www.kfh.com/en/dam/jcr:0fcdd13b-c7e1-4f75-a50c-7fdbd65b45c6/1-%20KFH%20Disclosure%20May%2006%202021.pdf
2026-10-10 19:45:09,https://www.kfh.com/en/home/Investor-Relations/Annual-Reports/Annual-Reports.html,[Supplementary Disclosure] Supplementary Disclosure Offering and Pricing Sukuk,https://www.kfh.com/en/dam/jcr:6666a9cd-929f-4d95-b477-7cd4440814a6/4-%20KFH%20Disclosure%20Jun%2024%202021.pdf
2026-10-10 19:45:09,https://www.kfh.com/en/home/Investor-Relations/Annual-Reports/Annual-Reports.html,[Supplementary Disclosure] Supplementary Disclosure CMA Approval - Prospectus of Issuing Sukuk,https://www.kfh.com/en/dam/jcr:2e51284c-5bd6-4071-874c-0f01f8d83ac4/055%20-%2017%2006%202020%20-%20%D8%A5%D9%81%D8%B5%D8%A7%D8%AD%20%D9%85%D9%83%D9%85%D9%84%20-%20%D9%85%D9%88%D8%A7%D9%81%D9%82%D8%A9%20%D8%A7%D9%84%D9%87%D9%8A%D8%A6%D8%A9%20%D8%B9%D9%84%D9%89%20%D9%86%D8%B4%D8%B1%D8%A9%20%D8%A5%D9%83%D8%AA%D8%AA%D8%A7%D8%A8%20%D8%A7%D9%84%D8%B5%D9%83%D9%88%D9%83%20-%20%D8%A7%D9%84%D8%A8%D9%88%D8%B1%D8%B5%D8%A9.pdf
2026-10-10 19:45:09,https://www.kfh.com/en/home/Investor-Relations/Annual-Reports/Annual-Reports.html,Treasury Share Sale/Purchase Request Approval,https://www.kfh.com/en/dam/jcr:35530277-2832-442d-a13f-84453de8dcdc/2-%20KFH%20Disclosure%20Jun%2009%202021.pdf
2026-10-10 19:45:09,https://www.kfh.com/en/home/Investor-Relations/Annual-Reports/Annual-Reports.html,Material Information Disclosure CMA Approval on Sukuk Issuance,https://www.kfh.com/en/dam/jcr:a4de3f9f-50dc-48c6-bcc3-c0e38ff78b0a/1-%20KFH%20Disclosure%20Jun%2008%202021.pdf
2026-10-10 19:45:09,https://www.kfh.com/en/home/Investor-Relations/Annual-Reports/Annual-Reports.html,[Supplementary Disclosure] Supplementary Disclosure Sukuk - Completion of Issuance and Settlement Procedures,https://www.kfh.com/en/dam/jcr:2c7e1051-bf20-4c81-9d17-236b5a9fdb51/1-%20KFH%20Disclosure%20Jul%2001%202021.pdf
2026-10-10 19:45:09,https://www.kfh.com/en/home/Investor-Relations/Annual-Reports/Annual-Reports.html,Response to News - Press Release: KFH's Acquisition of AUB,https://www.kfh.com/en/dam/jcr:48a76a67-409f-40e0-9eac-d3579c74c5e6/5-%20KFH%20Disclosure%20August%2022%202021.pdf
2026-10-10 19:45:09,https://www.kfh.com/en/home/Investor-Relations/Annual-Reports/Annual-Reports.html,[Supplementary Disclosure] Transcript of the Analysts Conference,https://www.kfh.com/en/dam/jcr:81adafcf-d63f-44cc-8135-513bfdcb2f60/4-%20KFH%20Disclosure%20August%2012%202021.pdf
2026-10-10 19:45:09,https://www.kfh.com/en/home/Investor-Relations/Annual-Reports/Annual-Reports.html,Material Information Disclosure End of Service of Group GM Information Technology,https://www.kfh.com/en/dam/jcr:f757c7d8-5f3c-48e3-872a-814d766dc969/3-%20KFH%20Disclosure%20August%2012%202021.pdf
2026-10-10 19:45:09,https://www.kfh.com/en/home/Investor-Relations/Annual-Reports/Annual-Reports.html,Material Information Disclosure KFH: Analysts Conference Presentation Q 2 / 2021,https://www.kfh.com/en/dam/jcr:58f66ada-09a2-49df-a4a9-97a935fcf869/1-%20KFH%20Disclosure%20August%2003%202021.pdf
2026-10-10 19:45:09,https://www.kfh.com/en/home/Investor-Relations/Annual-Reports/Annual-Reports.html,Financial Results 30/06/2021,https://www.kfh.com/en/dam/jcr:a4f045d7-fd43-4276-adee-c0be95de073c/2-%20KFH%20Disclosure%20August%2011%202021.pdf
2026-10-10 19:45:09,https://www.kfh.com/en/home/Investor-Relations/Annual-Reports/Annual-Reports.html,Material Information Disclosure Appointment of General Manager Digital Transformation and Innovation,https://www.kfh.com/en/dam/jcr:79c5de42-e245-4658-b5c4-c8794287500b/1-%20KFH%20Disclosure%20Sep%2002%202021.pdf
2026-10-10 19:45:09,https://www.kfh.com/en/home/Investor-Relations/Annual-Reports/Annual-Reports.html,[Supplementary Disclosure] Material Information Disclosure Analysts Conference Presentation Q 3 / 2021,https://www.kfh.com/en/dam/jcr:82692f6a-a2e2-4451-b9f3-a6dffee405ae/4-%20KFH%20Disclosure%20Oct%2028%202021.pdf
2026-10-10 19:45:09,https://www.kfh.com/en/home/Investor-Relations/Annual-Reports/Annual-Reports.html,Financial Results 30/09/2021,https://www.kfh.com/en/dam/jcr:ca547a17-e4fe-487a-840a-e6161e3e5766/3-%20KFH%20Disclosure%20Oct%2020%202021%20-%20En.pdf
2026-10-10 19:45:09,https://www.kfh.com/en/home/Investor-Relations/Annual-Reports/Annual-Reports.html,2 KFH Disclosure Oct 13 2021,https://www.kfh.com/en/dam/jcr:5cb6620f-2ecb-4255-9cdf-af936ff816fc/2-%20KFH%20Disclosure%20Oct%2013%202021.pdf
2026-10-10 19:45:09,https://www.kfh.com/en/home/Investor-Relations/Annual-Reports/Annual-Reports.html,1 KFH Disclosure Oct 03 2021,https://www.kfh.com/en/dam/jcr:cb427362-fed8-498c-b291-cbf16cf4c321/1-%20KFH%20Disclosure%20Oct%2003%202021.pdf
2026-10-10 19:45:09,https://www.kfh.com/en/home/Investor-Relations/Annual-Reports/Annual-Reports.html,Material Information Disclosure Receive Offers to Purchase KFH Group Share in Energy House Holding Co.,https://www.kfh.com/en/dam/jcr:e0bb7028-25a0-4ff3-98fb-8af9ff07f1f9/2-%20KFH%20Disclosure%20Nov%2010%202021.pdf
2026-10-10 19:45:09,https://www.kfh.com/en/home/Investor-Relations/Annual-Reports/Annual-Reports.html,[Supplementary Disclosure] Transcript of the Analysts Conference,https://www.kfh.com/en/dam/jcr:ed9af599-7c19-4d79-8fbe-7d6548da309b/1-%20KFH%20Disclosure%20Nov%2002%202021.pdf
2026-10-10 19:45:09,https://www.kfh.com/en/home/Investor-Relations/Annual-Reports/Annual-Reports.html,Treasury Share Sale/Purchase Request Approval,https://www.kfh.com/dam/jcr:f6614a76-a26b-4901-851d-e10a6cfc138c/2--KFH-Disclosure-Dec-23-2021.pdf
2026-10-10 19:45:09,https://www.kfh.com/en/home/Investor-Relations/Annual-Reports/Annual-Reports.html,[Supplementary Disclosure] Supplementary Disclosure Updating Studies of Acquisition of AUB-Bahrain,https://www.kfh.com/en/dam/jcr:9e62abfd-abd3-4fd1-bef3-7ce0a5bd2e83/1-%20KFH%20Disclosure%20Dec%2001%202021.pdf
2026-10-10 19:45:09,https://www.kfh.com/en/home/Investor-Relations/Annual-Reports/Annual-Reports.html,7 KFH Disclosure September 16 2020,https://www.kfh.com/en/dam/jcr:20b1f633-9f43-4418-96f7-6e8142451be0/7-%20KFH%20Disclosure%20September%2016%202020.pdf
2026-10-10 19:45:09,https://www.kfh.com/en/home/Investor-Relations/Annual-Reports/Annual-Reports.html,[Supplementary Disclosure] Annual general meeting outcome,"https://www.kfh.com/dam/jcr:e536618c-48c5-4f63-90bb-781bce562a55/kuwait/KFH-Disclosures/2020/september/6- KFH Disclosure September 15, 2020.pdf"
2026-10-10 19:45:09,https://www.kfh.com/en/home/Investor-Relations/Annual-Reports/Annual-Reports.html,5 KFH Disclosure September 14 2020,https://www.kfh.com/en/dam/jcr:c79ef623-8b10-47cf-b3e7-6455839e1049/5-%20KFH%20Disclosure%20September%2014%202020.pdf
2026-10-10 19:45:09,https://www.kfh.com/en/home/Investor-Relations/Annual-Reports/Annual-Reports.html,Material Information Disclosure KFH: License to Practice Securities Activities - The Activity of Investment Advisor,https://www.kfh.com/en/dam/jcr:65898099-f6b3-4967-b84a-95c354f4e409/4-%20KFH%20Disclosure%20September%2010%202020.pdf
2026-10-10 19:45:09,https://www.kfh.com/en/home/Investor-Relations/Annual-Reports/Annual-Reports.html,[Supplementary Disclosure] Supplementary Disclosure KIA Request for Postponement the convening of KFH General Assembly,https://www.kfh.com/en/dam/jcr:0271cbd9-3436-4418-ac61-9755aee04cea/3-%20KFH%20Disclosure%20September%2008%202020.pdf
2026-10-10 19:45:09,https://www.kfh.com/en/home/Investor-Relations/Annual-Reports/Annual-Reports.html,Response to News: KIA Request for Postponement the convening of KFH General Assembly,https://www.kfh.com/en/dam/jcr:67ec215b-c80e-48d2-8175-dc09847f2c0b/2-%20KFH%20Disclosure%20September%2007%202020.pdf
2026-10-10 19:45:09,https://www.kfh.com/en/home/Investor-Relations/Annual-Reports/Annual-Reports.html,"1 KFH Disclosure September 02, 2020","https://www.kfh.com/dam/jcr:fbe15766-f834-43b8-9919-05ddaccfb094/1- KFH Disclosure September 02, 2020.pdf"
2026-10-10 19:45:09,https://www.kfh.com/en/home/Investor-Relations/Annual-Reports/Annual-Reports.html,[Supplementary Disclosure] Supplementary Disclosure Completion of Debt Settlement - Aayan Leasing and Investment Co,https://www.kfh.com/en/dam/jcr:9076599c-e2f0-4f02-a4e4-0bb3c44910d2/4-%20KFH%20Disclosure%20October%2026%202020.pdf
2026-10-10 19:45:09,https://www.kfh.com/en/home/Investor-Relations/Annual-Reports/Annual-Reports.html,Material Information Disclosure Assign Acting KFH Group’s Chief Executive Officer,https://www.kfh.com/en/dam/jcr:30d6425c-26ed-41c8-8d3b-6f0b5725a761/3-%20KFH%20Disclosure%20October%2018%202020.pdf
2026-10-10 19:45:09,https://www.kfh.com/en/home/Investor-Relations/Annual-Reports/Annual-Reports.html,[Supplementary Disclosure] Transcript of the Analysts Conference,https://www.kfh.com/en/dam/jcr:156b830c-43ea-418b-b23c-e2e7d104cad0/3-%20KFH%20Disclosure%20November%2008%202020.pdf
2026-10-10 19:45:09,https://www.kfh.com/en/home/Investor-Relations/Annual-Reports/Annual-Reports.html,Analysts Conference Presentation - Q 3/ 2020,https://www.kfh.com/en/dam/jcr:9f795c78-d439-48eb-9ece-cf77ee6d9cd5/2-%20KFH%20Disclosure%20November%2005%202020.pdf
2026-10-10 19:45:09,https://www.kfh.com/en/home/Investor-Relations/Annual-Reports/Annual-Reports.html,Financial Results 30/09/2020,https://www.kfh.com/en/dam/jcr:b1bb10ca-2882-4f78-a44b-4de1409824b6/1-%20KFH%20Disclosure%20November%2002%202020.pdf
2026-10-10 19:45:09,https://www.kfh.com/en/home/Investor-Relations/Annual-Reports/Annual-Reports.html,[Supplementary Disclosure] Supplementary Disclosure Announcement (5) for AUB-Bahrain’ Shareholders,https://www.kfh.com/en/dam/jcr:c4fe07ae-64a9-4635-b969-65aafd34c009/2-%20KFH%20Disclosure%20December%2030%202020.pdf
2026-10-10 19:45:09,https://www.kfh.com/en/home/Investor-Relations/Annual-Reports/Annual-Reports.html,[Supplementary Disclosure] Treasury Share Sale/Purchase Request Approval,https://www.kfh.com/en/dam/jcr:a3a3ceea-bea0-4245-b743-290d72396f57/1-%20KFH%20Disclosure%20December%2009%202020.pdf
