company,text,title_source,url
https://www.bookingholdings.com/sustainability/,Unknown Title,unknown,https://www.bookingholdings.com/
https://www.bookingholdings.com/sustainability/,Sustainability - Booking Holdings,link_text,https://www.bookingholdings.com/sustainability/
https://www.bookingholdings.com/sustainability/,Unknown Title,unknown,https://www.bookingholdings.com/
https://www.bookingholdings.com/sustainability/,Factsheet,link_text,https://www.bookingholdings.com/about/factsheet/
https://www.bookingholdings.com/sustainability/,Leadership,link_text,https://www.bookingholdings.com/about/leadership/
https://www.bookingholdings.com/sustainability/,History,link_text,https://www.bookingholdings.com/about/history/
https://www.bookingholdings.com/sustainability/,Newsroom,link_text,https://www.bookingholdings.com/newsroom/
https://www.bookingholdings.com/sustainability/,Compliance & Ethics,link_text,https://www.bookingholdings.com/about/compliance-and-ethics/
https://www.bookingholdings.com/sustainability/,Booking Holdings Financial Services,link_text,https://www.bookingholdings.com/about/financial-services/
https://www.bookingholdings.com/sustainability/,Booking.com,link_text,https://www.bookingholdings.com/brands/booking/
https://www.bookingholdings.com/sustainability/,Priceline,link_text,https://www.bookingholdings.com/brands/priceline/
https://www.bookingholdings.com/sustainability/,Unknown Title,unknown,https://www.bookingholdings.com/brands/agoda/
https://www.bookingholdings.com/sustainability/,Unknown Title,unknown,https://www.bookingholdings.com/brands/kayak/
https://www.bookingholdings.com/sustainability/,Unknown Title,unknown,https://www.bookingholdings.com/brands/opentable/
https://www.bookingholdings.com/sustainability/,Rentalcars.com by Booking.com,link_text,https://www.rentalcars.com/
https://www.bookingholdings.com/sustainability/,Rocketmiles,link_text,https://www.rocketmiles.com/
https://www.bookingholdings.com/sustainability/,FareHarbor,link_text,https://fareharbor.com/
https://www.bookingholdings.com/sustainability/,HotelsCombined,link_text,https://www.hotelscombined.com/
https://www.bookingholdings.com/sustainability/,Cheapflights,link_text,https://www.cheapflights.com/
https://www.bookingholdings.com/sustainability/,momondo,link_text,https://www.momondo.com/
https://www.bookingholdings.com/sustainability/,Unknown Title,unknown,https://lola.com/
https://www.bookingholdings.com/sustainability/,Sustainability,link_text,https://www.bookingholdings.com/sustainability/
https://www.bookingholdings.com/sustainability/,Overview,link_text,https://www.bookingholdings.com/sustainability/
https://www.bookingholdings.com/sustainability/,Our Progress in 2025,link_text,https://www.bookingholdings.com/sustainability/our-progress/
https://www.bookingholdings.com/sustainability/,Overview,link_text,https://ir.bookingholdings.com/overview/default.aspx
https://www.bookingholdings.com/sustainability/,default,url,https://ir.bookingholdings.com/news/default.aspx
https://www.bookingholdings.com/sustainability/,Events,link_text,https://ir.bookingholdings.com/events-and-presentations/Events/default.aspx
https://www.bookingholdings.com/sustainability/,Stock Information,link_text,https://ir.bookingholdings.com/stock-info/default.aspx
https://www.bookingholdings.com/sustainability/,Financials,link_text,https://ir.bookingholdings.com/overview/financials/quarterly-results/default.aspx
https://www.bookingholdings.com/sustainability/,Governance,link_text,https://ir.bookingholdings.com/governance/governance-documents/default.aspx
https://www.bookingholdings.com/sustainability/,Resources,link_text,https://ir.bookingholdings.com/overview/resources/investor-faqs/default.aspx
https://www.bookingholdings.com/sustainability/,CAREERS @ OUR CENTERS OF EXCELLENCE,html_context,https://www.bookingholdings.com/careers/about/
https://www.bookingholdings.com/sustainability/,Unknown Title,unknown,https://www.bookingholdings.com/careers/about/
https://www.bookingholdings.com/sustainability/,CAREERS @ BOOKING HOLDINGS,link_text,https://www.bookingholdings.com/careers/careers/
https://www.bookingholdings.com/sustainability/,LIFE @ BOOKING HOLDINGS,link_text,https://www.bookingholdings.com/careers/life-at-booking-holdings/
https://www.bookingholdings.com/sustainability/,CAREERS @ OUR CENTERS OF EXCELLENCE,link_text,https://www.bookingholdings-coe.com/
https://www.bookingholdings.com/sustainability/,CAREERS @ OUR BRANDS,link_text,https://www.bookingholdings.com/careers/careers-at-our-brands/
https://www.bookingholdings.com/sustainability/,PRIVACY,link_text,https://www.bookingholdings.com/privacy-notice/
https://www.bookingholdings.com/sustainability/,Global View,link_text,https://www.bookingholdings.com/global-view/
https://www.bookingholdings.com/sustainability/,Unknown Title,unknown,https://www.bookingholdings.com/
https://www.bookingholdings.com/sustainability/,Factsheet,link_text,https://www.bookingholdings.com/about/factsheet/
https://www.bookingholdings.com/sustainability/,Leadership,link_text,https://www.bookingholdings.com/about/leadership/
https://www.bookingholdings.com/sustainability/,History,link_text,https://www.bookingholdings.com/about/history/
https://www.bookingholdings.com/sustainability/,Newsroom,link_text,https://www.bookingholdings.com/newsroom/
https://www.bookingholdings.com/sustainability/,Compliance & Ethics,link_text,https://www.bookingholdings.com/about/compliance-and-ethics/
https://www.bookingholdings.com/sustainability/,Booking Holdings Financial Services,link_text,https://www.bookingholdings.com/about/financial-services/
https://www.bookingholdings.com/sustainability/,Booking.com,link_text,https://www.bookingholdings.com/brands/booking/
https://www.bookingholdings.com/sustainability/,Priceline,link_text,https://www.bookingholdings.com/brands/priceline/
https://www.bookingholdings.com/sustainability/,Unknown Title,unknown,https://www.bookingholdings.com/brands/agoda/
https://www.bookingholdings.com/sustainability/,Unknown Title,unknown,https://www.bookingholdings.com/brands/kayak/
https://www.bookingholdings.com/sustainability/,Unknown Title,unknown,https://www.bookingholdings.com/brands/opentable/
https://www.bookingholdings.com/sustainability/,Rentalcars.com by Booking.com,link_text,https://www.rentalcars.com/
https://www.bookingholdings.com/sustainability/,Rocketmiles,link_text,https://www.rocketmiles.com/
https://www.bookingholdings.com/sustainability/,FareHarbor,link_text,https://fareharbor.com/
https://www.bookingholdings.com/sustainability/,HotelsCombined,link_text,https://www.hotelscombined.com/
https://www.bookingholdings.com/sustainability/,Cheapflights,link_text,https://www.cheapflights.com/
https://www.bookingholdings.com/sustainability/,momondo,link_text,https://www.momondo.com/
https://www.bookingholdings.com/sustainability/,Unknown Title,unknown,https://lola.com/
https://www.bookingholdings.com/sustainability/,Sustainability,link_text,https://www.bookingholdings.com/sustainability/
https://www.bookingholdings.com/sustainability/,Overview,link_text,https://www.bookingholdings.com/sustainability/
https://www.bookingholdings.com/sustainability/,Our Progress in 2025,link_text,https://www.bookingholdings.com/sustainability/our-progress/
https://www.bookingholdings.com/sustainability/,Overview,link_text,https://ir.bookingholdings.com/overview/default.aspx
https://www.bookingholdings.com/sustainability/,default,url,https://ir.bookingholdings.com/news/default.aspx
https://www.bookingholdings.com/sustainability/,Events,link_text,https://ir.bookingholdings.com/events-and-presentations/Events/default.aspx
https://www.bookingholdings.com/sustainability/,Stock Information,link_text,https://ir.bookingholdings.com/stock-info/default.aspx
https://www.bookingholdings.com/sustainability/,Financials,link_text,https://ir.bookingholdings.com/overview/financials/quarterly-results/default.aspx
https://www.bookingholdings.com/sustainability/,Governance,link_text,https://ir.bookingholdings.com/governance/governance-documents/default.aspx
https://www.bookingholdings.com/sustainability/,Resources,link_text,https://ir.bookingholdings.com/overview/resources/investor-faqs/default.aspx
https://www.bookingholdings.com/sustainability/,CAREERS @ OUR CENTERS OF EXCELLENCE,html_context,https://www.bookingholdings.com/careers/about/
https://www.bookingholdings.com/sustainability/,Unknown Title,unknown,https://www.bookingholdings.com/careers/about/
https://www.bookingholdings.com/sustainability/,CAREERS @ BOOKING HOLDINGS,link_text,https://www.bookingholdings.com/careers/careers/
https://www.bookingholdings.com/sustainability/,LIFE @ BOOKING HOLDINGS,link_text,https://www.bookingholdings.com/careers/life-at-booking-holdings/
https://www.bookingholdings.com/sustainability/,CAREERS @ OUR CENTERS OF EXCELLENCE,link_text,https://www.bookingholdings-coe.com/
https://www.bookingholdings.com/sustainability/,CAREERS @ OUR BRANDS,link_text,https://www.bookingholdings.com/careers/careers-at-our-brands/
https://www.bookingholdings.com/sustainability/,PRIVACY,link_text,https://www.bookingholdings.com/privacy-notice/
https://www.bookingholdings.com/sustainability/,GLOBAL VIEW,link_text,https://www.bookingholdings.com/global-view/
https://www.bookingholdings.com/sustainability/,Unknown Title,unknown,mailto:?subject=Booking Holdings | Sustainability&body=https://www.bookingholdings.com/sustainability/
https://www.bookingholdings.com/sustainability/,OVERVIEW,link_text,https://www.bookingholdings.com/sustainability/
https://www.bookingholdings.com/sustainability/,OUR PROGRESS,link_text,https://www.bookingholdings.com/sustainability/our-progress/
https://www.bookingholdings.com/sustainability/,OUR SUSTAINABILITY STRATEGY,link_text,https://www.bookingholdings.com/sustainability/#sustainability-strategy
https://www.bookingholdings.com/sustainability/,PLANET,link_text,https://www.bookingholdings.com/sustainability/#planet
https://www.bookingholdings.com/sustainability/,PEOPLE & COMMUNITIES,link_text,https://www.bookingholdings.com/sustainability/#people-and-communities
https://www.bookingholdings.com/sustainability/,TRAVEL,link_text,https://www.bookingholdings.com/sustainability/#travel
https://www.bookingholdings.com/sustainability/,2025 Sustainability Report,link_text,https://www.bookingholdings.com/wp-content/uploads/2026/04/Booking-Holdings_2025-Sustainability-Report.pdf
https://www.bookingholdings.com/sustainability/,BKNG Climate Action Plan Report 2022,url,https://www.bookingholdings.com/wp-content/uploads/2022/03/BKNG-Climate-Action-Plan-Report-2022.pdf
https://www.bookingholdings.com/sustainability/,2024 EEO-1 Data,link_text,https://www.bookingholdings.com/about/eeo/
https://www.bookingholdings.com/sustainability/,2025 Booking Holdings Financial Services International Ltd Gender Pay Gap Report,link_text,https://www.bookingholdings.com/wp-content/uploads/2025/11/Booking-Holdings-Financial-Services-International-Ltd-Final-2025.pdf
https://www.bookingholdings.com/sustainability/,Home About Brands Sustainability Newsroom Code of Conduct Careers For Investors Global View,html_context,https://www.bookingholdings.com/sustainability/
https://www.bookingholdings.com/sustainability/,Unknown Title,unknown,https://www.bookingholdings.com/
https://www.bookingholdings.com/sustainability/,factsheet,url,https://www.bookingholdings.com/about/factsheet/
https://www.bookingholdings.com/sustainability/,Brands,link_text,https://www.bookingholdings.com/brands/booking/
https://www.bookingholdings.com/sustainability/,Sustainability,link_text,https://www.bookingholdings.com/sustainability/
https://www.bookingholdings.com/sustainability/,Newsroom,link_text,https://www.bookingholdings.com/newsroom/
https://www.bookingholdings.com/sustainability/,Code of Conduct,link_text,https://www.bookingholdings.com/code-of-conduct/
https://www.bookingholdings.com/sustainability/,Careers,link_text,https://www.bookingholdings.com/careers/careers/
https://www.bookingholdings.com/sustainability/,For Investors,link_text,https://ir.bookingholdings.com/
https://www.bookingholdings.com/sustainability/,Global View,link_text,https://www.bookingholdings.com/global-view/
https://www.bookingholdings.com/sustainability/,Privacy Notice.,link_text,https://www.bookingholdings.com/privacy-notice/
https://ir.bookingholdings.com/governance/governance-documents/default.aspx,Skip to main content,link_text,https://ir.bookingholdings.com/governance/governance-documents/default.aspx#main-content
https://ir.bookingholdings.com/governance/governance-documents/default.aspx,Governance Documents Executive Management Board of Directors Committee Composition,html_context,"javascript:__doPostBack('lnkPostback','')"
https://ir.bookingholdings.com/governance/governance-documents/default.aspx,Unknown Title,unknown,https://ir.bookingholdings.com/
https://ir.bookingholdings.com/governance/governance-documents/default.aspx,Unknown Title,unknown,https://ir.bookingholdings.com/
https://ir.bookingholdings.com/governance/governance-documents/default.aspx,Quarterly Results,html_context,https://ir.bookingholdings.com/overview/default.aspx
https://ir.bookingholdings.com/governance/governance-documents/default.aspx,Financials within the Overview section,aria_label,https://ir.bookingholdings.com/financials/quarterly-results/default.aspx
https://ir.bookingholdings.com/governance/governance-documents/default.aspx,Quarterly Results within the Financials section,aria_label,https://ir.bookingholdings.com/financials/quarterly-results/default.aspx
https://ir.bookingholdings.com/governance/governance-documents/default.aspx,Annual Reports within the Financials section,aria_label,https://ir.bookingholdings.com/financials/annual-reports/default.aspx
https://ir.bookingholdings.com/governance/governance-documents/default.aspx,Financial Model within the Financials section,aria_label,https://iac.virtuaresearch.com/?Ticker=BKNG&Exchange=NASDAQGS
https://ir.bookingholdings.com/governance/governance-documents/default.aspx,SEC Filings within the Financials section,aria_label,https://ir.bookingholdings.com/financials/sec-filings/default.aspx
https://ir.bookingholdings.com/governance/governance-documents/default.aspx,News within the Overview section,aria_label,https://ir.bookingholdings.com/news/default.aspx
https://ir.bookingholdings.com/governance/governance-documents/default.aspx,Events & Presentations within the Overview section,aria_label,https://ir.bookingholdings.com/events-and-presentations/default.aspx
https://ir.bookingholdings.com/governance/governance-documents/default.aspx,Stock Info within the Overview section,aria_label,https://ir.bookingholdings.com/stock-info/stock-quote/default.aspx
https://ir.bookingholdings.com/governance/governance-documents/default.aspx,Stock Quote within the Stock Info section,aria_label,https://ir.bookingholdings.com/stock-info/stock-quote/default.aspx
https://ir.bookingholdings.com/governance/governance-documents/default.aspx,Dividend History within the Stock Info section,aria_label,https://ir.bookingholdings.com/stock-info/dividend-history/default.aspx
https://ir.bookingholdings.com/governance/governance-documents/default.aspx,Governance within the Overview section,aria_label,https://ir.bookingholdings.com/default.aspx
https://ir.bookingholdings.com/governance/governance-documents/default.aspx,Governance Documents within the Governance section,aria_label,https://ir.bookingholdings.com/governance/governance-documents/default.aspx
https://ir.bookingholdings.com/governance/governance-documents/default.aspx,Executive Management within the Governance section,aria_label,https://www.bookingholdings.com/about/leadership/
https://ir.bookingholdings.com/governance/governance-documents/default.aspx,Board of Directors within the Governance section,aria_label,https://www.bookingholdings.com/about/leadership/
https://ir.bookingholdings.com/governance/governance-documents/default.aspx,Committee Composition within the Governance section,aria_label,https://ir.bookingholdings.com/governance/committee-composition/default.aspx
https://ir.bookingholdings.com/governance/governance-documents/default.aspx,Resources within the Overview section,aria_label,https://ir.bookingholdings.com/resources/investor-faqs/default.aspx
https://ir.bookingholdings.com/governance/governance-documents/default.aspx,Investor FAQs within the Resources section,aria_label,https://ir.bookingholdings.com/resources/investor-faqs/default.aspx
https://ir.bookingholdings.com/governance/governance-documents/default.aspx,Information Request Form within the Resources section,aria_label,https://ir.bookingholdings.com/resources/information-request-form/default.aspx
https://ir.bookingholdings.com/governance/governance-documents/default.aspx,Investor Email Alerts within the Resources section,aria_label,https://ir.bookingholdings.com/resources/investor-email-alerts/default.aspx
https://ir.bookingholdings.com/governance/governance-documents/default.aspx,Investor Contacts within the Resources section,aria_label,https://ir.bookingholdings.com/resources/investor-contacts/default.aspx
https://ir.bookingholdings.com/governance/governance-documents/default.aspx,ESG within the Overview section,aria_label,https://www.bookingholdings.com/sustainability/
https://ir.bookingholdings.com/governance/governance-documents/default.aspx,Overview within the ESG section,aria_label,https://www.bookingholdings.com/sustainability/
https://ir.bookingholdings.com/governance/governance-documents/default.aspx,Sustainable Travel within the ESG section,aria_label,https://www.bookingholdings.com/sustainability/
https://ir.bookingholdings.com/governance/governance-documents/default.aspx,Sustainable Operations within the ESG section,aria_label,https://www.bookingholdings.com/sustainability/
https://ir.bookingholdings.com/governance/governance-documents/default.aspx,Taking Care of Our People within the ESG section,aria_label,https://www.bookingholdings.com/sustainability/
https://ir.bookingholdings.com/governance/governance-documents/default.aspx,Business Excellence within the ESG section,aria_label,https://www.bookingholdings.com/sustainability/
https://ir.bookingholdings.com/governance/governance-documents/default.aspx,Governance Documents,link_text,https://ir.bookingholdings.com/governance/governance-documents/default.aspx
https://ir.bookingholdings.com/governance/governance-documents/default.aspx,Executive Management,link_text,https://www.bookingholdings.com/about/leadership/
https://ir.bookingholdings.com/governance/governance-documents/default.aspx,Board of Directors,link_text,https://www.bookingholdings.com/about/leadership/
https://ir.bookingholdings.com/governance/governance-documents/default.aspx,Committee Composition,link_text,https://ir.bookingholdings.com/governance/committee-composition/default.aspx
https://ir.bookingholdings.com/governance/governance-documents/default.aspx,Anti-Bribery and Corruption Policy,link_text,https://s25.q4cdn.com/383369491/files/doc_document_list/2026/Sep/10/Anti-Bribery-and-Corruption-Policy-47fc81.pdf
https://ir.bookingholdings.com/governance/governance-documents/default.aspx,Audit Committee Charter October 2025 docx 6a374a,url,https://s25.q4cdn.com/383369491/files/doc_downloads/1/Audit-Committee-Charter-October-2025-docx-6a374a.pdf
https://ir.bookingholdings.com/governance/governance-documents/default.aspx,Audit Committee Complaint Handling Procedures,link_text,https://s25.q4cdn.com/383369491/files/doc_downloads/1/audit-committee-complaint-handling-procedures-3.pdf
https://ir.bookingholdings.com/governance/governance-documents/default.aspx,Code of Conduct,link_text,https://s25.q4cdn.com/383369491/files/doc_downloads/1/BHI-Code-of-Conduct-1180c1.pdf
https://ir.bookingholdings.com/governance/governance-documents/default.aspx,Booking Holdings By Laws October 17 2025 acfbf5,url,https://s25.q4cdn.com/383369491/files/doc_downloads/1/Booking-Holdings-By-Laws-October-17-2025-acfbf5.pdf
https://ir.bookingholdings.com/governance/governance-documents/default.aspx,Corporate Governance Principles October 2025 cac4ba,url,https://s25.q4cdn.com/383369491/files/doc_downloads/1/Corporate-Governance-Principles-October-2025-cac4ba.pdf
https://ir.bookingholdings.com/governance/governance-documents/default.aspx,Corporate Governance Committee Charter October 2025 docx c58360,url,https://s25.q4cdn.com/383369491/files/doc_downloads/1/Corporate-Governance-Committee-Charter-October-2025-docx-c58360.pdf
https://ir.bookingholdings.com/governance/governance-documents/default.aspx,BHI Human Rights Statement 2022 04 14,url,https://s25.q4cdn.com/383369491/files/doc_downloads/1/BHI-Human-Rights-Statement-2022-04-14.pdf
https://ir.bookingholdings.com/governance/governance-documents/default.aspx,Insider Trading Policy October 2024 a8e6bb,url,https://s25.q4cdn.com/383369491/files/doc_downloads/1/Insider-Trading-Policy-October-2024-a8e6bb.pdf
https://ir.bookingholdings.com/governance/governance-documents/default.aspx,IRS Forms 8937,link_text,https://s25.q4cdn.com/383369491/files/doc_downloads/1/IRS-Forms-8937-3-d125a7.pdf
https://ir.bookingholdings.com/governance/governance-documents/default.aspx,Political Contributions policy July 2021,url,https://s25.q4cdn.com/383369491/files/doc_downloads/1/Political-Contributions-policy-July-2021.pdf
https://ir.bookingholdings.com/governance/governance-documents/default.aspx,Responsibilities of the Chair of the Board October 2025 ba18d2,url,https://s25.q4cdn.com/383369491/files/doc_downloads/1/Responsibilities-of-the-Chair-of-the-Board-October-2025-ba18d2.pdf
https://ir.bookingholdings.com/governance/governance-documents/default.aspx,Responsibilities of the Lead Independent Director,link_text,https://s25.q4cdn.com/383369491/files/doc_downloads/1/Responsibilities-of-the-Lead-Independent-Director-October-2025-4c4e86.pdf
https://ir.bookingholdings.com/governance/governance-documents/default.aspx,Booking Holdings Stockholder Communications October 2025 27d540,url,https://s25.q4cdn.com/383369491/files/doc_downloads/1/Booking-Holdings-Stockholder-Communications-October-2025-27d540.pdf
https://ir.bookingholdings.com/governance/governance-documents/default.aspx,Talent and Compensation Committee Charter,link_text,https://s25.q4cdn.com/383369491/files/doc_downloads/1/Talent-and-Compensation-Committee-Charter-October-2025-docx-f8ffbd.pdf
https://ir.bookingholdings.com/governance/governance-documents/default.aspx,Tax Strategy - Global,link_text,https://s25.q4cdn.com/383369491/files/doc_downloads/1/booking-holdings_tax_strategy_final__copy_.pdf
https://ir.bookingholdings.com/governance/governance-documents/default.aspx,20251120 BHI UK Tax Strategy 2025 FINAL dc3a75,url,https://s25.q4cdn.com/383369491/files/doc_downloads/1/20251120_BHI_UK-Tax-Strategy-2025_FINAL-dc3a75.pdf
https://ir.bookingholdings.com/governance/governance-documents/default.aspx,S172 UK Subsidiaries Governance Documents 9bb4d0,url,https://s25.q4cdn.com/383369491/files/doc_downloads/1/S172-UK-Subsidiaries-Governance-Documents-9bb4d0.pdf
https://ir.bookingholdings.com/governance/governance-documents/default.aspx,Certificate of Incorporation,link_text,https://s25.q4cdn.com/383369491/files/doc_downloads/2026/08/Booking-Holdings-Inc-DE-Domestic-Amendments-2-1.pdf
https://ir.bookingholdings.com/governance/governance-documents/default.aspx,10b5 1 Plan chart for Corporate Governance Website June 10 2026 docx de396e,url,https://s25.q4cdn.com/383369491/files/doc_downloads/1/10b5-1-Plan-chart-for-Corporate-Governance-Website-June-10-2026-docx-de396e.pdf
https://ir.bookingholdings.com/governance/governance-documents/default.aspx,SEC Filings,html_context,https://ir.bookingholdings.com/financials/sec-filings/default.aspx
https://ir.bookingholdings.com/governance/governance-documents/default.aspx,Investor FAQs,html_context,https://ir.bookingholdings.com/resources/investor-faqs/default.aspx
https://ir.bookingholdings.com/governance/governance-documents/default.aspx,Information Request Form,html_context,https://ir.bookingholdings.com/resources/information-request-form/default.aspx
https://ir.bookingholdings.com/governance/governance-documents/default.aspx,Unsubscribe,link_text,https://ir.bookingholdings.com/resources/investor-email-alerts/default.aspx#unsubscribe
https://ir.bookingholdings.com/governance/governance-documents/default.aspx,privacy notice,url,https://www.bookingholdings.com/privacy-notice/
https://ir.bookingholdings.com/governance/governance-documents/default.aspx,Site Map,html_context,https://ir.bookingholdings.com/site-map/default.aspx
https://ir.bookingholdings.com/governance/governance-documents/default.aspx,bookingholdings,url,https://www.linkedin.com/company/bookingholdings
https://ir.bookingholdings.com/governance/governance-documents/default.aspx,BookingHoldings,url,https://twitter.com/BookingHoldings
https://ir.bookingholdings.com/governance/governance-documents/default.aspx,Powered By Q4 Inc. 5.189.1.6,html_context,https://www.q4inc.com/platform/q4-platform/default.aspx
https://www.broadcom.com/company/corporate-responsibility,Support Documents and Downloads,browser_or_html_text,https://www.broadcom.com/support/download-search
https://www.intuitive.com/en-us/about-us/company/cir,My Intuitive,link_text,https://my.intuitive.com/
https://www.intuitive.com/en-us/about-us/company/cir,Intuitive Events,aria_label,https://events.intuitive.com
https://www.intuitive.com/en-us/about-us/company/cir,Contact Us,link_text,https://www.intuitive.com/en-us/about-us/contact
https://www.intuitive.com/en-us/about-us/company/cir,United States,link_text,https://www.intuitive.com/en-us/about-us/company/legal/regions
https://www.intuitive.com/en-us/about-us/company/cir,Intuitive Home,aria_label,https://www.intuitive.com/en-us
https://www.intuitive.com/en-us/about-us/company/cir,Intuitive Home,aria_label,https://www.intuitive.com/en-us
https://www.intuitive.com/en-us/about-us/company/cir,Search intuitive,html_context,https://www.intuitive.com/en-us/about-us/company/cir
https://www.intuitive.com/en-us/about-us/company/cir,Regions,aria_label,https://www.intuitive.com/en-us/about-us/company/legal/regions
https://www.intuitive.com/en-us/about-us/company/cir,United States/English (US),link_text,https://www.intuitive.com/en-us/about-us/company/legal/regions
https://www.intuitive.com/en-us/about-us/company/cir,Contact Us,link_text,https://www.intuitive.com/en-us/about-us/contact
https://www.intuitive.com/en-us/about-us/company/cir,My Intuitive,link_text,https://my.intuitive.com
https://www.intuitive.com/en-us/about-us/company/cir,Contact Us,link_text,https://www.intuitive.com/en-us/about-us/contact
https://www.intuitive.com/en-us/about-us/company/cir,Intuitive Events,aria_label,https://events.intuitive.com
https://www.intuitive.com/en-us/about-us/company/cir,Da Vinci,link_text,https://www.intuitive.com/en-us/products-and-services/da-vinci
https://www.intuitive.com/en-us/about-us/company/cir,Unknown Title,unknown,https://www.intuitive.com/en-us/products-and-services/ion
https://www.intuitive.com/en-us/about-us/company/cir,My Intuitive,link_text,https://www.intuitive.com/en-us/digital-solutions/my-intuitive
https://www.intuitive.com/en-us/about-us/company/cir,SimNow,link_text,https://www.intuitive.com/en-us/digital-solutions/simnow
https://www.intuitive.com/en-us/about-us/company/cir,3D Models,link_text,https://www.intuitive.com/en-us/digital-solutions/3d-models
https://www.intuitive.com/en-us/about-us/company/cir,Surgeons,link_text,https://www.intuitive.com/en-us/healthcare-professionals/surgeons
https://www.intuitive.com/en-us/about-us/company/cir,OR Staff,link_text,https://www.intuitive.com/en-us/healthcare-professionals/or-staff
https://www.intuitive.com/en-us/about-us/company/cir,Hospital Executives,link_text,https://www.intuitive.com/en-us/healthcare-professionals/hospital-executives
https://www.intuitive.com/en-us/about-us/company/cir,Referring Physicians,link_text,https://www.intuitive.com/en-us/healthcare-professionals/referring-physicians
https://www.intuitive.com/en-us/about-us/company/cir,Academics,link_text,https://www.intuitive.com/en-us/healthcare-professionals/academics
https://www.intuitive.com/en-us/about-us/company/cir,Ecosystem,link_text,https://www.intuitive.com/en-us/healthcare-professionals/ecosystem
https://www.intuitive.com/en-us/about-us/company/cir,Find a Physician,link_text,https://www.intuitive.com/en-us/physician-locator
https://www.intuitive.com/en-us/about-us/company/cir,Bariatric,link_text,https://www.intuitive.com/en-us/patients/procedures/bariatric-surgery
https://www.intuitive.com/en-us/about-us/company/cir,Cardiac,link_text,https://www.intuitive.com/en-us/patients/procedures/cardiac
https://www.intuitive.com/en-us/about-us/company/cir,Colorectal,link_text,https://www.intuitive.com/en-us/patients/procedures/colorectal
https://www.intuitive.com/en-us/about-us/company/cir,General Surgery,link_text,https://www.intuitive.com/en-us/patients/procedures/general-surgery
https://www.intuitive.com/en-us/about-us/company/cir,Gynecology,link_text,https://www.intuitive.com/en-us/patients/procedures/gynecology
https://www.intuitive.com/en-us/about-us/company/cir,Head & Neck,link_text,https://www.intuitive.com/en-us/patients/procedures/head-and-neck
https://www.intuitive.com/en-us/about-us/company/cir,Thoracic,link_text,https://www.intuitive.com/en-us/patients/procedures/thoracic
https://www.intuitive.com/en-us/about-us/company/cir,Urology,link_text,https://www.intuitive.com/en-us/patients/procedures/urology
https://www.intuitive.com/en-us/about-us/company/cir,All Procedures,link_text,https://www.intuitive.com/en-us/patients/procedures
https://www.intuitive.com/en-us/about-us/company/cir,Company,link_text,https://www.intuitive.com/en-us/about-us/company
https://www.intuitive.com/en-us/about-us/company/cir,Careers,link_text,https://careers.intuitive.com/us/en
https://www.intuitive.com/en-us/about-us/company/cir,Newsroom,link_text,https://www.intuitive.com/en-us/about-us/newsroom
https://www.intuitive.com/en-us/about-us/company/cir,Investors,link_text,https://isrg.intuitive.com/
https://www.intuitive.com/en-us/about-us/company/cir,Futures,link_text,https://www.intuitive.com/en-us/about-us/company/future-vision
https://www.intuitive.com/en-us/about-us/company/cir,Contact Us,link_text,https://www.intuitive.com/en-us/about-us/contact
https://www.intuitive.com/en-us/about-us/company/cir,Da Vinci,link_text,https://www.intuitive.com/en-us/products-and-services/da-vinci
https://www.intuitive.com/en-us/about-us/company/cir,Software,link_text,https://www.intuitive.com/en-us/products-and-services/da-vinci/software
https://www.intuitive.com/en-us/about-us/company/cir,Instruments,link_text,https://www.intuitive.com/en-us/products-and-services/da-vinci/instruments
https://www.intuitive.com/en-us/about-us/company/cir,Stapling,link_text,https://www.intuitive.com/en-us/products-and-services/da-vinci/stapling
https://www.intuitive.com/en-us/about-us/company/cir,Energy,link_text,https://www.intuitive.com/en-us/products-and-services/da-vinci/energy
https://www.intuitive.com/en-us/about-us/company/cir,Vision,link_text,https://www.intuitive.com/en-us/products-and-services/da-vinci/vision
https://www.intuitive.com/en-us/about-us/company/cir,Learning,link_text,https://www.intuitive.com/en-us/products-and-services/da-vinci/learning
https://www.intuitive.com/en-us/about-us/company/cir,Services,link_text,https://www.intuitive.com/en-us/products-and-services/da-vinci/services
https://www.intuitive.com/en-us/about-us/company/cir,Unknown Title,unknown,https://www.intuitive.com/en-us/products-and-services/ion
https://www.intuitive.com/en-us/about-us/company/cir,Why Robotic Bronchoscopy,link_text,https://www.intuitive.com/en-us/products-and-services/ion/why-robotic-bronchoscopy
https://www.intuitive.com/en-us/about-us/company/cir,How Ion Works,link_text,https://www.intuitive.com/en-us/products-and-services/ion/how-ion-works
https://www.intuitive.com/en-us/about-us/company/cir,Research & Outcomes,link_text,https://www.intuitive.com/en-us/products-and-services/ion/research-outcomes
https://www.intuitive.com/en-us/about-us/company/cir,Advanced Imaging,link_text,https://www.intuitive.com/en-us/products-and-services/ion/advanced-imaging
https://www.intuitive.com/en-us/about-us/company/cir,My Intuitive,link_text,https://www.intuitive.com/en-us/digital-solutions/my-intuitive
https://www.intuitive.com/en-us/about-us/company/cir,My Intuitive,link_text,https://www.intuitive.com/en-us/digital-solutions/my-intuitive/my-intuitive
https://www.intuitive.com/en-us/about-us/company/cir,My Intuitive+,link_text,https://www.intuitive.com/en-us/digital-solutions/my-intuitive/my-intuitive-plus
https://www.intuitive.com/en-us/about-us/company/cir,SimNow,link_text,https://www.intuitive.com/en-us/digital-solutions/simnow
https://www.intuitive.com/en-us/about-us/company/cir,3D Models,link_text,https://www.intuitive.com/en-us/digital-solutions/3d-models
https://www.intuitive.com/en-us/about-us/company/cir,Surgeons,link_text,https://www.intuitive.com/en-us/healthcare-professionals/surgeons
https://www.intuitive.com/en-us/about-us/company/cir,Cardiac,link_text,https://www.intuitive.com/en-us/healthcare-professionals/surgeons/cardiac
https://www.intuitive.com/en-us/about-us/company/cir,Colorectal,link_text,https://www.intuitive.com/en-us/healthcare-professionals/surgeons/colorectal
https://www.intuitive.com/en-us/about-us/company/cir,General,link_text,https://www.intuitive.com/en-us/healthcare-professionals/surgeons/general
https://www.intuitive.com/en-us/about-us/company/cir,Gynecology,link_text,https://www.intuitive.com/en-us/healthcare-professionals/surgeons/gynecology
https://www.intuitive.com/en-us/about-us/company/cir,Head & Neck,link_text,https://www.intuitive.com/en-us/healthcare-professionals/surgeons/head-and-neck
https://www.intuitive.com/en-us/about-us/company/cir,Thoracic,link_text,https://www.intuitive.com/en-us/healthcare-professionals/surgeons/thoracic
https://www.intuitive.com/en-us/about-us/company/cir,Urology,link_text,https://www.intuitive.com/en-us/healthcare-professionals/surgeons/urology
https://www.intuitive.com/en-us/about-us/company/cir,Unknown Title,unknown,https://www.intuitive.com/en-us/healthcare-professionals/surgeons/widvs
https://www.intuitive.com/en-us/about-us/company/cir,OR Staff,link_text,https://www.intuitive.com/en-us/healthcare-professionals/or-staff
https://www.intuitive.com/en-us/about-us/company/cir,Perioperative Education,link_text,https://www.intuitive.com/en-us/healthcare-professionals/or-staff/perioperative-education
https://www.intuitive.com/en-us/about-us/company/cir,Perioperative Resources,link_text,https://www.intuitive.com/en-us/healthcare-professionals/or-staff/perioperative-resources
https://www.intuitive.com/en-us/about-us/company/cir,Hospital Executives,link_text,https://www.intuitive.com/en-us/healthcare-professionals/hospital-executives
https://www.intuitive.com/en-us/about-us/company/cir,Financial Value,link_text,https://www.intuitive.com/en-us/healthcare-professionals/hospital-executives/financial-value
https://www.intuitive.com/en-us/about-us/company/cir,Growth Strategies,link_text,https://www.intuitive.com/en-us/healthcare-professionals/hospital-executives/growth-strategies
https://www.intuitive.com/en-us/about-us/company/cir,Program Optimization,link_text,https://www.intuitive.com/en-us/healthcare-professionals/hospital-executives/program-optimization
https://www.intuitive.com/en-us/about-us/company/cir,Executive Education,link_text,https://www.intuitive.com/en-us/healthcare-professionals/hospital-executives/executive-education
https://www.intuitive.com/en-us/about-us/company/cir,Executive Events,link_text,https://www.intuitive.com/en-us/healthcare-professionals/hospital-executives/executive-education/executive-events
https://www.intuitive.com/en-us/about-us/company/cir,Referring Physicians,link_text,https://www.intuitive.com/en-us/healthcare-professionals/referring-physicians
https://www.intuitive.com/en-us/about-us/company/cir,Academics,link_text,https://www.intuitive.com/en-us/healthcare-professionals/academics
https://www.intuitive.com/en-us/about-us/company/cir,Early Practice Surgeons,link_text,https://www.intuitive.com/en-us/healthcare-professionals/academics/early-practice-surgeons
https://www.intuitive.com/en-us/about-us/company/cir,Executives and Chairs,link_text,https://www.intuitive.com/en-us/healthcare-professionals/academics/executives-chairs
https://www.intuitive.com/en-us/about-us/company/cir,Lead Educators,link_text,https://www.intuitive.com/en-us/healthcare-professionals/academics/lead-educators
https://www.intuitive.com/en-us/about-us/company/cir,Residents and Fellows,link_text,https://www.intuitive.com/en-us/healthcare-professionals/academics/residents-fellows
https://www.intuitive.com/en-us/about-us/company/cir,Ecosystem,link_text,https://www.intuitive.com/en-us/healthcare-professionals/ecosystem
https://www.intuitive.com/en-us/about-us/company/cir,Advanced Technology,link_text,https://www.intuitive.com/en-us/healthcare-professionals/ecosystem/advanced-technology
https://www.intuitive.com/en-us/about-us/company/cir,Professional Education,link_text,https://www.intuitive.com/en-us/healthcare-professionals/ecosystem/professional-education
https://www.intuitive.com/en-us/about-us/company/cir,Program Optimization,link_text,https://www.intuitive.com/en-us/healthcare-professionals/ecosystem/program-optimization
https://www.intuitive.com/en-us/about-us/company/cir,Procurement Specs,link_text,https://www.intuitive.com/en-us/healthcare-professionals/ecosystem/intuitive-ecosystem-procurement
https://www.intuitive.com/en-us/about-us/company/cir,Find a Physician,link_text,https://www.intuitive.com/en-us/physician-locator
https://www.intuitive.com/en-us/about-us/company/cir,Search for a Physician or Hospital,link_text,https://www.intuitive.com/en-us/physician-locator
https://www.intuitive.com/en-us/about-us/company/cir,Bariatric,link_text,https://www.intuitive.com/en-us/patients/procedures/bariatric-surgery
https://www.intuitive.com/en-us/about-us/company/cir,Why Bariatric Surgery?,link_text,https://www.intuitive.com/en-us/patients/procedures/bariatric-surgery/why-bariatric-surgery
https://www.intuitive.com/en-us/about-us/company/cir,Gastric Bypass,link_text,https://www.intuitive.com/en-us/patients/procedures/bariatric-surgery/gastric-bypass
https://www.intuitive.com/en-us/about-us/company/cir,Sleeve Gastrectomy,link_text,https://www.intuitive.com/en-us/patients/procedures/bariatric-surgery/sleeve-gastrectomy
https://www.intuitive.com/en-us/about-us/company/cir,BPD-DS,link_text,https://www.intuitive.com/en-us/patients/procedures/bariatric-surgery/bpd-ds
https://www.intuitive.com/en-us/about-us/company/cir,SADI-S,link_text,https://www.intuitive.com/en-us/patients/procedures/bariatric-surgery/sadi-s
https://www.intuitive.com/en-us/about-us/company/cir,Find a Physician,link_text,https://www.intuitive.com/en-us/provider-locator
https://www.intuitive.com/en-us/about-us/company/cir,Cardiac,link_text,https://www.intuitive.com/en-us/patients/procedures/cardiac
https://www.intuitive.com/en-us/about-us/company/cir,What to Expect from your Surgery,link_text,https://www.intuitive.com/en-us/patients/da-vinci-robotic-surgery/what-to-expect
https://www.intuitive.com/en-us/about-us/company/cir,About da Vinci Surgery,link_text,https://www.intuitive.com/en-us/patients/da-vinci-robotic-surgery
https://www.intuitive.com/en-us/about-us/company/cir,Find a Physician,link_text,https://www.intuitive.com/en-us/provider-locator
https://www.intuitive.com/en-us/about-us/company/cir,Colorectal,link_text,https://www.intuitive.com/en-us/patients/procedures/colorectal
https://www.intuitive.com/en-us/about-us/company/cir,Colon Resection,link_text,https://www.intuitive.com/en-us/patients/procedures/colorectal/colon-resection
https://www.intuitive.com/en-us/about-us/company/cir,Rectal Resection,link_text,https://www.intuitive.com/en-us/patients/procedures/colorectal/rectal-resection
https://www.intuitive.com/en-us/about-us/company/cir,What to Expect,link_text,https://www.intuitive.com/en-us/patients/da-vinci-robotic-surgery/what-to-expect
https://www.intuitive.com/en-us/about-us/company/cir,About da Vinci Surgery,link_text,https://www.intuitive.com/en-us/patients/da-vinci-robotic-surgery
https://www.intuitive.com/en-us/about-us/company/cir,Find a Physician,link_text,https://www.intuitive.com/en-us/provider-locator
https://www.intuitive.com/en-us/about-us/company/cir,General Surgery,link_text,https://www.intuitive.com/en-us/patients/procedures/general-surgery
https://www.intuitive.com/en-us/about-us/company/cir,Gallbladder,link_text,https://www.intuitive.com/en-us/patients/procedures/general-surgery/gallbladder-surgery
https://www.intuitive.com/en-us/about-us/company/cir,Hernia,link_text,https://www.intuitive.com/en-us/patients/procedures/general-surgery/hernia-surgery
https://www.intuitive.com/en-us/about-us/company/cir,What to Expect,link_text,https://www.intuitive.com/en-us/patients/da-vinci-robotic-surgery/what-to-expect
https://www.intuitive.com/en-us/about-us/company/cir,About da Vinci Surgery,link_text,https://www.intuitive.com/en-us/patients/da-vinci-robotic-surgery
https://www.intuitive.com/en-us/about-us/company/cir,Find a Physician,link_text,https://www.intuitive.com/en-us/provider-locator
https://www.intuitive.com/en-us/about-us/company/cir,Gynecology,link_text,https://www.intuitive.com/en-us/patients/procedures/gynecology
https://www.intuitive.com/en-us/about-us/company/cir,Hysterectomy,link_text,https://www.intuitive.com/en-us/patients/procedures/gynecology/hysterectomy
https://www.intuitive.com/en-us/about-us/company/cir,Pelvic Organ Prolapse,link_text,https://www.intuitive.com/en-us/patients/procedures/gynecology/pelvic-organ-prolapse
https://www.intuitive.com/en-us/about-us/company/cir,Myomectomy,link_text,https://www.intuitive.com/en-us/patients/procedures/gynecology/myomectomy
https://www.intuitive.com/en-us/about-us/company/cir,Endometriosis Resection,link_text,https://www.intuitive.com/en-us/patients/procedures/gynecology/endometriosis-resection
https://www.intuitive.com/en-us/about-us/company/cir,Find a Physician,link_text,https://www.intuitive.com/en-us/provider-locator
https://www.intuitive.com/en-us/about-us/company/cir,Head & Neck,link_text,https://www.intuitive.com/en-us/patients/procedures/head-and-neck
https://www.intuitive.com/en-us/about-us/company/cir,What to Expect from your Surgery,link_text,https://www.intuitive.com/en-us/patients/da-vinci-robotic-surgery/what-to-expect
https://www.intuitive.com/en-us/about-us/company/cir,About da Vinci Surgery,link_text,https://www.intuitive.com/en-us/patients/da-vinci-robotic-surgery
https://www.intuitive.com/en-us/about-us/company/cir,Find a Physician,link_text,https://www.intuitive.com/en-us/provider-locator
https://www.intuitive.com/en-us/about-us/company/cir,Thoracic,link_text,https://www.intuitive.com/en-us/patients/procedures/thoracic
https://www.intuitive.com/en-us/about-us/company/cir,Lung Biopsy,link_text,https://www.intuitive.com/en-us/patients/procedures/thoracic/lung-nodules/lung-biopsy
https://www.intuitive.com/en-us/about-us/company/cir,Lung Surgery,link_text,https://www.intuitive.com/en-us/patients/procedures/thoracic/lung-surgery
https://www.intuitive.com/en-us/about-us/company/cir,About Ion Bronchoscopy,link_text,https://www.intuitive.com/en-us/patients/ion-robotic-bronchoscopy
https://www.intuitive.com/en-us/about-us/company/cir,About da Vinci Surgery,link_text,https://www.intuitive.com/en-us/patients/da-vinci-robotic-surgery
https://www.intuitive.com/en-us/about-us/company/cir,Find a Physician,link_text,https://www.intuitive.com/en-us/provider-locator
https://www.intuitive.com/en-us/about-us/company/cir,Urology,link_text,https://www.intuitive.com/en-us/patients/procedures/urology
https://www.intuitive.com/en-us/about-us/company/cir,Kidney Blockage,link_text,https://www.intuitive.com/en-us/patients/procedures/urology/kidney-blockage
https://www.intuitive.com/en-us/about-us/company/cir,Kidney Surgery,link_text,https://www.intuitive.com/en-us/patients/procedures/urology/kidney-surgery
https://www.intuitive.com/en-us/about-us/company/cir,Prostate Surgery,link_text,https://www.intuitive.com/en-us/patients/procedures/urology/prostatectomy
https://www.intuitive.com/en-us/about-us/company/cir,What to Expect,link_text,https://www.intuitive.com/en-us/patients/da-vinci-robotic-surgery/what-to-expect
https://www.intuitive.com/en-us/about-us/company/cir,About da Vinci,link_text,https://www.intuitive.com/en-us/patients/da-vinci-robotic-surgery
https://www.intuitive.com/en-us/about-us/company/cir,Find a Physician,link_text,https://www.intuitive.com/en-us/provider-locator
https://www.intuitive.com/en-us/about-us/company/cir,Da Vinci Robotic-Assisted Surgery,link_text,https://www.intuitive.com/en-us/patients/da-vinci-robotic-surgery
https://www.intuitive.com/en-us/about-us/company/cir,What to Expect,link_text,https://www.intuitive.com/en-us/patients/da-vinci-robotic-surgery/what-to-expect
https://www.intuitive.com/en-us/about-us/company/cir,About the Systems,link_text,https://www.intuitive.com/en-us/patients/da-vinci-robotic-surgery/about-the-systems
https://www.intuitive.com/en-us/about-us/company/cir,Ion Robotic Bronchoscopy,link_text,https://www.intuitive.com/en-us/patients/ion-robotic-bronchoscopy
https://www.intuitive.com/en-us/about-us/company/cir,What to Expect,link_text,https://www.intuitive.com/en-us/patients/ion-robotic-bronchoscopy/what-to-expect
https://www.intuitive.com/en-us/about-us/company/cir,About the System,link_text,https://www.intuitive.com/en-us/patients/ion-robotic-bronchoscopy/about-the-system
https://www.intuitive.com/en-us/about-us/company/cir,All Procedures,link_text,https://www.intuitive.com/en-us/patients/procedures
https://www.intuitive.com/en-us/about-us/company/cir,Bariatric,link_text,https://www.intuitive.com/en-us/patients/procedures/bariatric-surgery
https://www.intuitive.com/en-us/about-us/company/cir,Cardiac,link_text,https://www.intuitive.com/en-us/patients/procedures/cardiac
https://www.intuitive.com/en-us/about-us/company/cir,Colorectal,link_text,https://www.intuitive.com/en-us/patients/procedures/colorectal
https://www.intuitive.com/en-us/about-us/company/cir,General,link_text,https://www.intuitive.com/en-us/patients/procedures/general-surgery
https://www.intuitive.com/en-us/about-us/company/cir,Gynecology,link_text,https://www.intuitive.com/en-us/patients/procedures/gynecology
https://www.intuitive.com/en-us/about-us/company/cir,Head & Neck,link_text,https://www.intuitive.com/en-us/patients/procedures/head-and-neck
https://www.intuitive.com/en-us/about-us/company/cir,Thoracic,link_text,https://www.intuitive.com/en-us/patients/procedures/thoracic
https://www.intuitive.com/en-us/about-us/company/cir,Urology,link_text,https://www.intuitive.com/en-us/patients/procedures/urology
https://www.intuitive.com/en-us/about-us/company/cir,Company,link_text,https://www.intuitive.com/en-us/about-us/company
https://www.intuitive.com/en-us/about-us/company/cir,Leadership,link_text,https://www.intuitive.com/en-us/about-us/company/leadership
https://www.intuitive.com/en-us/about-us/company/cir,inclusion diversity,url,https://www.intuitive.com/en-us/about-us/company/inclusion-diversity
https://www.intuitive.com/en-us/about-us/company/cir,Corporate Impact,link_text,https://www.intuitive.com/en-us/about-us/company/cir
https://www.intuitive.com/en-us/about-us/company/cir,Research & Outcomes,link_text,https://www.intuitive.com/en-us/about-us/company/research-outcomes
https://www.intuitive.com/en-us/about-us/company/cir,Financing,link_text,https://www.intuitive.com/en-us/about-us/company/financing
https://www.intuitive.com/en-us/about-us/company/cir,Unknown Title,unknown,https://www.intuitive.com/en-us/about-us/company/legal
https://www.intuitive.com/en-us/about-us/company/cir,Suppliers,link_text,https://www.intuitive.com/en-us/about-us/company/suppliers
https://www.intuitive.com/en-us/about-us/company/cir,Careers,link_text,https://careers.intuitive.com/us/en
https://www.intuitive.com/en-us/about-us/company/cir,Newsroom,link_text,https://www.intuitive.com/en-us/about-us/newsroom
https://www.intuitive.com/en-us/about-us/company/cir,Press Releases,link_text,https://isrg.intuitive.com/press-releases
https://www.intuitive.com/en-us/about-us/company/cir,Press Resources,link_text,https://www.intuitive.com/en-us/about-us/newsroom/press-resources
https://www.intuitive.com/en-us/about-us/company/cir,Investors,link_text,https://isrg.intuitive.com/
https://www.intuitive.com/en-us/about-us/company/cir,Futures,link_text,https://www.intuitive.com/en-us/about-us/company/future-vision
https://www.intuitive.com/en-us/about-us/company/cir,Ventures,link_text,https://ventures.intuitive.com
https://www.intuitive.com/en-us/about-us/company/cir,Intuitive Foundation,link_text,https://www.intuitive-foundation.org/
https://www.intuitive.com/en-us/about-us/company/cir,User Manuals,link_text,https://manuals.intuitivesurgical.com/market
https://www.intuitive.com/en-us/about-us/company/cir,Contact Us,link_text,https://www.intuitive.com/en-us/about-us/contact
https://www.intuitive.com/en-us/about-us/company/cir,Da Vinci Support,link_text,https://www.intuitive.com/en-us/about-us/contact/da-vinci-support
https://www.intuitive.com/en-us/about-us/company/cir,Ion Support,link_text,https://www.intuitive.com/en-us/about-us/contact/ion-support
https://www.intuitive.com/en-us/about-us/company/cir,Digital Support,link_text,https://www.intuitive.com/en-us/about-us/contact/digital-support
https://www.intuitive.com/en-us/about-us/company/cir,Distributors,link_text,https://www.intuitive.com/en-us/about-us/contact/distributors
https://www.intuitive.com/en-us/about-us/company/cir,User Manuals,link_text,https://manuals.intuitivesurgical.com/market
https://www.intuitive.com/en-us/about-us/company/cir,Offices,link_text,https://www.intuitive.com/en-us/about-us/contact/office-locations
https://www.intuitive.com/en-us/about-us/company/cir,Compliance Hotline,link_text,https://secure.ethicspoint.com/domain/media/en/gui/87432/index.html
https://www.intuitive.com/en-us/about-us/company/cir,2025 Intuitive Corporate Impact Report,link_text,https://www.intuitive.com/en-us/-/media/ISI/Intuitive/Pdf/2025-Intuitive-Corporate-Impact-Report.pdf
https://www.intuitive.com/en-us/about-us/company/cir,ceo letter,url,https://www.intuitive.com/en-us/about-us/company/cir/ceo-letter
https://www.intuitive.com/en-us/about-us/company/cir,Research and outcomes,link_text,https://www.intuitive.com/en-us/about-us/company/research-outcomes
https://www.intuitive.com/en-us/about-us/company/cir,Unknown Title,unknown,https://www.intuitive.com/en-us/about-us/company/cir#reports-open
https://www.intuitive.com/en-us/about-us/company/cir,2024 Intuitive ESG Report,link_text,https://www.intuitive.com/en-us/-/media/ISI/Intuitive/Pdf/2024-Intuitive-ESG-Report-Revised.pdf
https://www.intuitive.com/en-us/about-us/company/cir,2023 Intuitive ESG Report,link_text,https://www.intuitive.com/en-us/-/media/ISI/Intuitive/Pdf/2023-Intuitive-ESG-Report.pdf
https://www.intuitive.com/en-us/about-us/company/cir,2022 Intuitive ESG Report,link_text,https://www.intuitive.com/en-us/-/media/ISI/Intuitive/Pdf/2022-intuitive-esg-report.pdf
https://www.intuitive.com/en-us/about-us/company/cir,2021 Intuitive Sustainability Report,link_text,https://www.intuitive.com/en-us/-/media/ISI/Intuitive/Pdf/2021-intuitive-sustainability-report.pdf
https://www.intuitive.com/en-us/about-us/company/cir,2020 Intuitive Sustainability Report,link_text,https://www.intuitive.com/en-us/-/media/ISI/Intuitive/Pdf/2020-intuitive-sustainability-report.pdf
https://www.intuitive.com/en-us/about-us/company/cir,2019 Intuitive Sustainability Report,link_text,https://www.intuitive.com/en-us/-/media/ISI/Intuitive/Pdf/2019-intuitive-sustainability-report.pdf
https://www.intuitive.com/en-us/about-us/company/cir,2019 intuitive sustainability report,url,https://www.intuitive.com/en-us/-/media/ISI/Intuitive/Pdf/2019-intuitive-sustainability-report.pdf
https://www.intuitive.com/en-us/about-us/company/cir,Unknown Title,unknown,https://www.intuitive.com/en-us/about-us/company/cir#reports-top
https://www.intuitive.com/en-us/about-us/company/cir,Intuitive Surgical Inc CDP Corporate Questionnaire 2025,url,https://www.intuitive.com/en-us/-/media/ISI/Intuitive/Pdf/Intuitive-Surgical-Inc-CDP-Corporate-Questionnaire-2025.pdf
https://www.intuitive.com/en-us/about-us/company/cir,Intuitive TCFD Disclosure,url,https://www.intuitive.com/en-us/-/media/ISI/Intuitive/Pdf/Intuitive-TCFD-Disclosure.pdf
https://www.intuitive.com/en-us/about-us/company/cir,Intuitive ISO14001 Certification,url,https://www.intuitive.com/en-us/-/media/ISI/Intuitive/Pdf/Intuitive-ISO14001-Certification.pdf
https://www.intuitive.com/en-us/about-us/company/cir,Intuitive Position on Human Rights,url,https://www.intuitive.com/en-us/-/media/ISI/Intuitive/Pdf/Intuitive---Position-on-Human-Rights.pdf
https://www.intuitive.com/en-us/about-us/company/cir,Unknown Title,unknown,https://www.intuitive.com/en-us
https://www.intuitive.com/en-us/about-us/company/cir,Company,link_text,https://www.intuitive.com/en-us/about-us/company
https://www.intuitive.com/en-us/about-us/company/cir,Corporate Impact,link_text,https://www.intuitive.com/en-us/about-us/company/cir
https://www.intuitive.com/en-us/about-us/company/cir,Cancel,link_text,https://www.intuitive.com/en-us/about-us/company/cir
https://www.intuitive.com/en-us/about-us/company/cir,Continue,link_text,https://www.intuitive.com/en-us/about-us/company/cir
https://www.intuitive.com/en-us/about-us/company/cir,Intuitive Home,aria_label,https://www.intuitive.com/en-us
https://www.intuitive.com/en-us/about-us/company/cir,Da Vinci,link_text,https://www.intuitive.com/en-us/products-and-services/da-vinci
https://www.intuitive.com/en-us/about-us/company/cir,Unknown Title,unknown,https://www.intuitive.com/en-us/products-and-services/ion
https://www.intuitive.com/en-us/about-us/company/cir,My Intuitive,link_text,https://www.intuitive.com/en-us/digital-solutions/my-intuitive
https://www.intuitive.com/en-us/about-us/company/cir,SimNow,link_text,https://www.intuitive.com/en-us/digital-solutions/simnow
https://www.intuitive.com/en-us/about-us/company/cir,3D Models,link_text,https://www.intuitive.com/en-us/digital-solutions/3d-models
https://www.intuitive.com/en-us/about-us/company/cir,Surgeons,link_text,https://www.intuitive.com/en-us/healthcare-professionals/surgeons
https://www.intuitive.com/en-us/about-us/company/cir,OR Staff,link_text,https://www.intuitive.com/en-us/healthcare-professionals/or-staff
https://www.intuitive.com/en-us/about-us/company/cir,Hospital Executives,link_text,https://www.intuitive.com/en-us/healthcare-professionals/hospital-executives
https://www.intuitive.com/en-us/about-us/company/cir,Referring Physicians,link_text,https://www.intuitive.com/en-us/healthcare-professionals/referring-physicians
https://www.intuitive.com/en-us/about-us/company/cir,Academics,link_text,https://www.intuitive.com/en-us/healthcare-professionals/academics
https://www.intuitive.com/en-us/about-us/company/cir,Ecosystem,link_text,https://www.intuitive.com/en-us/healthcare-professionals/ecosystem
https://www.intuitive.com/en-us/about-us/company/cir,Find a Physician,link_text,https://www.intuitive.com/en-us/physician-locator
https://www.intuitive.com/en-us/about-us/company/cir,Bariatric,link_text,https://www.intuitive.com/en-us/patients/procedures/bariatric-surgery
https://www.intuitive.com/en-us/about-us/company/cir,Cardiac,link_text,https://www.intuitive.com/en-us/patients/procedures/cardiac
https://www.intuitive.com/en-us/about-us/company/cir,Colorectal,link_text,https://www.intuitive.com/en-us/patients/procedures/colorectal
https://www.intuitive.com/en-us/about-us/company/cir,General Surgery,link_text,https://www.intuitive.com/en-us/patients/procedures/general-surgery
https://www.intuitive.com/en-us/about-us/company/cir,Gynecology,link_text,https://www.intuitive.com/en-us/patients/procedures/gynecology
https://www.intuitive.com/en-us/about-us/company/cir,Head & Neck,link_text,https://www.intuitive.com/en-us/patients/procedures/head-and-neck
https://www.intuitive.com/en-us/about-us/company/cir,Thoracic,link_text,https://www.intuitive.com/en-us/patients/procedures/thoracic
https://www.intuitive.com/en-us/about-us/company/cir,Urology,link_text,https://www.intuitive.com/en-us/patients/procedures/urology
https://www.intuitive.com/en-us/about-us/company/cir,All Procedures,link_text,https://www.intuitive.com/en-us/patients/procedures
https://www.intuitive.com/en-us/about-us/company/cir,Company,link_text,https://www.intuitive.com/en-us/about-us/company
https://www.intuitive.com/en-us/about-us/company/cir,Careers,link_text,https://careers.intuitive.com/us/en
https://www.intuitive.com/en-us/about-us/company/cir,Newsroom,link_text,https://www.intuitive.com/en-us/about-us/newsroom
https://www.intuitive.com/en-us/about-us/company/cir,Investors,link_text,https://isrg.intuitive.com/
https://www.intuitive.com/en-us/about-us/company/cir,Ventures,link_text,https://ventures.intuitive.com
https://www.intuitive.com/en-us/about-us/company/cir,Intuitive Foundation,link_text,https://www.intuitive-foundation.org/
https://www.intuitive.com/en-us/about-us/company/cir,User Manuals,link_text,https://manuals.intuitivesurgical.com/market
https://www.intuitive.com/en-us/about-us/company/cir,Contact Us,link_text,https://www.intuitive.com/en-us/about-us/contact
https://www.intuitive.com/en-us/about-us/company/cir,Compliance Hotline,link_text,https://secure.ethicspoint.com/domain/media/en/gui/87432/index.html
https://www.intuitive.com/en-us/about-us/company/cir,LinkedIn,link_text,https://www.linkedin.com/company/intuitive-surgical/
https://www.intuitive.com/en-us/about-us/company/cir,Instagram,link_text,https://www.instagram.com/intuitivesurgical/
https://www.intuitive.com/en-us/about-us/company/cir,Twitter,link_text,https://x.com/IntuitiveSurg
https://www.intuitive.com/en-us/about-us/company/cir,Facebook,link_text,https://www.facebook.com/IntuitiveSurg
https://www.intuitive.com/en-us/about-us/company/cir,YouTube,link_text,https://www.youtube.com/@Intuitive
https://www.intuitive.com/en-us/about-us/company/cir,Cookie Settings,aria_label,https://www.intuitive.com/en-us/about-us/company/cir#cookiesettings
https://www.intuitive.com/en-us/about-us/company/cir,Privacy Policy,link_text,https://www.intuitive.com/en-us/about-us/company/legal/privacy-policy
https://www.intuitive.com/en-us/about-us/company/cir,Terms of Use,link_text,https://www.intuitive.com/en-us/about-us/company/legal/terms-of-use
https://www.intuitive.com/en-us/about-us/company/cir,Sitemap,link_text,https://www.intuitive.com/en-us/sitemap
https://www.intuitive.com/en-us/about-us/company/cir,Regions,aria_label,https://www.intuitive.com/en-us/about-us/company/legal/regions
https://www.intuitive.com/en-us/about-us/company/cir,www.intuitive.com/trademarks,link_text,https://www.intuitive.com/en-us/about-us/company/legal/trademarks
https://www.intuitive.com/en-us/about-us/company/legal/governance,My Intuitive,link_text,https://my.intuitive.com/
https://www.intuitive.com/en-us/about-us/company/legal/governance,Intuitive Events,aria_label,https://events.intuitive.com
https://www.intuitive.com/en-us/about-us/company/legal/governance,Contact Us,link_text,https://www.intuitive.com/en-us/about-us/contact
https://www.intuitive.com/en-us/about-us/company/legal/governance,United States,link_text,https://www.intuitive.com/en-us/about-us/company/legal/regions
https://www.intuitive.com/en-us/about-us/company/legal/governance,Intuitive Home,aria_label,https://www.intuitive.com/en-us
https://www.intuitive.com/en-us/about-us/company/legal/governance,Intuitive Home,aria_label,https://www.intuitive.com/en-us
https://www.intuitive.com/en-us/about-us/company/legal/governance,governance,url,https://www.intuitive.com/en-us/about-us/company/legal/governance
https://www.intuitive.com/en-us/about-us/company/legal/governance,Regions,aria_label,https://www.intuitive.com/en-us/about-us/company/legal/regions
https://www.intuitive.com/en-us/about-us/company/legal/governance,United States/English (US),link_text,https://www.intuitive.com/en-us/about-us/company/legal/regions
https://www.intuitive.com/en-us/about-us/company/legal/governance,Contact Us,link_text,https://www.intuitive.com/en-us/about-us/contact
https://www.intuitive.com/en-us/about-us/company/legal/governance,My Intuitive,link_text,https://my.intuitive.com
https://www.intuitive.com/en-us/about-us/company/legal/governance,Contact Us,link_text,https://www.intuitive.com/en-us/about-us/contact
https://www.intuitive.com/en-us/about-us/company/legal/governance,Intuitive Events,aria_label,https://events.intuitive.com
https://www.intuitive.com/en-us/about-us/company/legal/governance,Da Vinci,link_text,https://www.intuitive.com/en-us/products-and-services/da-vinci
https://www.intuitive.com/en-us/about-us/company/legal/governance,Unknown Title,unknown,https://www.intuitive.com/en-us/products-and-services/ion
https://www.intuitive.com/en-us/about-us/company/legal/governance,My Intuitive,link_text,https://www.intuitive.com/en-us/digital-solutions/my-intuitive
https://www.intuitive.com/en-us/about-us/company/legal/governance,SimNow,link_text,https://www.intuitive.com/en-us/digital-solutions/simnow
https://www.intuitive.com/en-us/about-us/company/legal/governance,3D Models,link_text,https://www.intuitive.com/en-us/digital-solutions/3d-models
https://www.intuitive.com/en-us/about-us/company/legal/governance,Surgeons,link_text,https://www.intuitive.com/en-us/healthcare-professionals/surgeons
https://www.intuitive.com/en-us/about-us/company/legal/governance,OR Staff,link_text,https://www.intuitive.com/en-us/healthcare-professionals/or-staff
https://www.intuitive.com/en-us/about-us/company/legal/governance,Hospital Executives,link_text,https://www.intuitive.com/en-us/healthcare-professionals/hospital-executives
https://www.intuitive.com/en-us/about-us/company/legal/governance,Referring Physicians,link_text,https://www.intuitive.com/en-us/healthcare-professionals/referring-physicians
https://www.intuitive.com/en-us/about-us/company/legal/governance,Academics,link_text,https://www.intuitive.com/en-us/healthcare-professionals/academics
https://www.intuitive.com/en-us/about-us/company/legal/governance,Ecosystem,link_text,https://www.intuitive.com/en-us/healthcare-professionals/ecosystem
https://www.intuitive.com/en-us/about-us/company/legal/governance,Find a Physician,link_text,https://www.intuitive.com/en-us/physician-locator
https://www.intuitive.com/en-us/about-us/company/legal/governance,Bariatric,link_text,https://www.intuitive.com/en-us/patients/procedures/bariatric-surgery
https://www.intuitive.com/en-us/about-us/company/legal/governance,Cardiac,link_text,https://www.intuitive.com/en-us/patients/procedures/cardiac
https://www.intuitive.com/en-us/about-us/company/legal/governance,Colorectal,link_text,https://www.intuitive.com/en-us/patients/procedures/colorectal
https://www.intuitive.com/en-us/about-us/company/legal/governance,General Surgery,link_text,https://www.intuitive.com/en-us/patients/procedures/general-surgery
https://www.intuitive.com/en-us/about-us/company/legal/governance,Gynecology,link_text,https://www.intuitive.com/en-us/patients/procedures/gynecology
https://www.intuitive.com/en-us/about-us/company/legal/governance,Head & Neck,link_text,https://www.intuitive.com/en-us/patients/procedures/head-and-neck
https://www.intuitive.com/en-us/about-us/company/legal/governance,Thoracic,link_text,https://www.intuitive.com/en-us/patients/procedures/thoracic
https://www.intuitive.com/en-us/about-us/company/legal/governance,Urology,link_text,https://www.intuitive.com/en-us/patients/procedures/urology
https://www.intuitive.com/en-us/about-us/company/legal/governance,All Procedures,link_text,https://www.intuitive.com/en-us/patients/procedures
https://www.intuitive.com/en-us/about-us/company/legal/governance,Company,link_text,https://www.intuitive.com/en-us/about-us/company
https://www.intuitive.com/en-us/about-us/company/legal/governance,Careers,link_text,https://careers.intuitive.com/us/en
https://www.intuitive.com/en-us/about-us/company/legal/governance,Newsroom,link_text,https://www.intuitive.com/en-us/about-us/newsroom
https://www.intuitive.com/en-us/about-us/company/legal/governance,Investors,link_text,https://isrg.intuitive.com/
https://www.intuitive.com/en-us/about-us/company/legal/governance,Futures,link_text,https://www.intuitive.com/en-us/about-us/company/future-vision
https://www.intuitive.com/en-us/about-us/company/legal/governance,Contact Us,link_text,https://www.intuitive.com/en-us/about-us/contact
https://www.intuitive.com/en-us/about-us/company/legal/governance,Da Vinci,link_text,https://www.intuitive.com/en-us/products-and-services/da-vinci
https://www.intuitive.com/en-us/about-us/company/legal/governance,Software,link_text,https://www.intuitive.com/en-us/products-and-services/da-vinci/software
https://www.intuitive.com/en-us/about-us/company/legal/governance,Instruments,link_text,https://www.intuitive.com/en-us/products-and-services/da-vinci/instruments
https://www.intuitive.com/en-us/about-us/company/legal/governance,Stapling,link_text,https://www.intuitive.com/en-us/products-and-services/da-vinci/stapling
https://www.intuitive.com/en-us/about-us/company/legal/governance,Energy,link_text,https://www.intuitive.com/en-us/products-and-services/da-vinci/energy
https://www.intuitive.com/en-us/about-us/company/legal/governance,Vision,link_text,https://www.intuitive.com/en-us/products-and-services/da-vinci/vision
https://www.intuitive.com/en-us/about-us/company/legal/governance,Learning,link_text,https://www.intuitive.com/en-us/products-and-services/da-vinci/learning
https://www.intuitive.com/en-us/about-us/company/legal/governance,Services,link_text,https://www.intuitive.com/en-us/products-and-services/da-vinci/services
https://www.intuitive.com/en-us/about-us/company/legal/governance,Unknown Title,unknown,https://www.intuitive.com/en-us/products-and-services/ion
https://www.intuitive.com/en-us/about-us/company/legal/governance,Why Robotic Bronchoscopy,link_text,https://www.intuitive.com/en-us/products-and-services/ion/why-robotic-bronchoscopy
https://www.intuitive.com/en-us/about-us/company/legal/governance,How Ion Works,link_text,https://www.intuitive.com/en-us/products-and-services/ion/how-ion-works
https://www.intuitive.com/en-us/about-us/company/legal/governance,Research & Outcomes,link_text,https://www.intuitive.com/en-us/products-and-services/ion/research-outcomes
https://www.intuitive.com/en-us/about-us/company/legal/governance,Advanced Imaging,link_text,https://www.intuitive.com/en-us/products-and-services/ion/advanced-imaging
https://www.intuitive.com/en-us/about-us/company/legal/governance,My Intuitive,link_text,https://www.intuitive.com/en-us/digital-solutions/my-intuitive
https://www.intuitive.com/en-us/about-us/company/legal/governance,My Intuitive,link_text,https://www.intuitive.com/en-us/digital-solutions/my-intuitive/my-intuitive
https://www.intuitive.com/en-us/about-us/company/legal/governance,My Intuitive+,link_text,https://www.intuitive.com/en-us/digital-solutions/my-intuitive/my-intuitive-plus
https://www.intuitive.com/en-us/about-us/company/legal/governance,SimNow,link_text,https://www.intuitive.com/en-us/digital-solutions/simnow
https://www.intuitive.com/en-us/about-us/company/legal/governance,3D Models,link_text,https://www.intuitive.com/en-us/digital-solutions/3d-models
https://www.intuitive.com/en-us/about-us/company/legal/governance,Surgeons,link_text,https://www.intuitive.com/en-us/healthcare-professionals/surgeons
https://www.intuitive.com/en-us/about-us/company/legal/governance,Cardiac,link_text,https://www.intuitive.com/en-us/healthcare-professionals/surgeons/cardiac
https://www.intuitive.com/en-us/about-us/company/legal/governance,Colorectal,link_text,https://www.intuitive.com/en-us/healthcare-professionals/surgeons/colorectal
https://www.intuitive.com/en-us/about-us/company/legal/governance,General,link_text,https://www.intuitive.com/en-us/healthcare-professionals/surgeons/general
https://www.intuitive.com/en-us/about-us/company/legal/governance,Gynecology,link_text,https://www.intuitive.com/en-us/healthcare-professionals/surgeons/gynecology
https://www.intuitive.com/en-us/about-us/company/legal/governance,Head & Neck,link_text,https://www.intuitive.com/en-us/healthcare-professionals/surgeons/head-and-neck
https://www.intuitive.com/en-us/about-us/company/legal/governance,Thoracic,link_text,https://www.intuitive.com/en-us/healthcare-professionals/surgeons/thoracic
https://www.intuitive.com/en-us/about-us/company/legal/governance,Urology,link_text,https://www.intuitive.com/en-us/healthcare-professionals/surgeons/urology
https://www.intuitive.com/en-us/about-us/company/legal/governance,Unknown Title,unknown,https://www.intuitive.com/en-us/healthcare-professionals/surgeons/widvs
https://www.intuitive.com/en-us/about-us/company/legal/governance,OR Staff,link_text,https://www.intuitive.com/en-us/healthcare-professionals/or-staff
https://www.intuitive.com/en-us/about-us/company/legal/governance,Perioperative Education,link_text,https://www.intuitive.com/en-us/healthcare-professionals/or-staff/perioperative-education
https://www.intuitive.com/en-us/about-us/company/legal/governance,Perioperative Resources,link_text,https://www.intuitive.com/en-us/healthcare-professionals/or-staff/perioperative-resources
https://www.intuitive.com/en-us/about-us/company/legal/governance,Hospital Executives,link_text,https://www.intuitive.com/en-us/healthcare-professionals/hospital-executives
https://www.intuitive.com/en-us/about-us/company/legal/governance,Financial Value,link_text,https://www.intuitive.com/en-us/healthcare-professionals/hospital-executives/financial-value
https://www.intuitive.com/en-us/about-us/company/legal/governance,Growth Strategies,link_text,https://www.intuitive.com/en-us/healthcare-professionals/hospital-executives/growth-strategies
https://www.intuitive.com/en-us/about-us/company/legal/governance,Program Optimization,link_text,https://www.intuitive.com/en-us/healthcare-professionals/hospital-executives/program-optimization
https://www.intuitive.com/en-us/about-us/company/legal/governance,Executive Education,link_text,https://www.intuitive.com/en-us/healthcare-professionals/hospital-executives/executive-education
https://www.intuitive.com/en-us/about-us/company/legal/governance,Executive Events,link_text,https://www.intuitive.com/en-us/healthcare-professionals/hospital-executives/executive-education/executive-events
https://www.intuitive.com/en-us/about-us/company/legal/governance,Referring Physicians,link_text,https://www.intuitive.com/en-us/healthcare-professionals/referring-physicians
https://www.intuitive.com/en-us/about-us/company/legal/governance,Academics,link_text,https://www.intuitive.com/en-us/healthcare-professionals/academics
https://www.intuitive.com/en-us/about-us/company/legal/governance,Early Practice Surgeons,link_text,https://www.intuitive.com/en-us/healthcare-professionals/academics/early-practice-surgeons
https://www.intuitive.com/en-us/about-us/company/legal/governance,Executives and Chairs,link_text,https://www.intuitive.com/en-us/healthcare-professionals/academics/executives-chairs
https://www.intuitive.com/en-us/about-us/company/legal/governance,Lead Educators,link_text,https://www.intuitive.com/en-us/healthcare-professionals/academics/lead-educators
https://www.intuitive.com/en-us/about-us/company/legal/governance,Residents and Fellows,link_text,https://www.intuitive.com/en-us/healthcare-professionals/academics/residents-fellows
https://www.intuitive.com/en-us/about-us/company/legal/governance,Ecosystem,link_text,https://www.intuitive.com/en-us/healthcare-professionals/ecosystem
https://www.intuitive.com/en-us/about-us/company/legal/governance,Advanced Technology,link_text,https://www.intuitive.com/en-us/healthcare-professionals/ecosystem/advanced-technology
https://www.intuitive.com/en-us/about-us/company/legal/governance,Professional Education,link_text,https://www.intuitive.com/en-us/healthcare-professionals/ecosystem/professional-education
https://www.intuitive.com/en-us/about-us/company/legal/governance,Program Optimization,link_text,https://www.intuitive.com/en-us/healthcare-professionals/ecosystem/program-optimization
https://www.intuitive.com/en-us/about-us/company/legal/governance,Procurement Specs,link_text,https://www.intuitive.com/en-us/healthcare-professionals/ecosystem/intuitive-ecosystem-procurement
https://www.intuitive.com/en-us/about-us/company/legal/governance,Find a Physician,link_text,https://www.intuitive.com/en-us/physician-locator
https://www.intuitive.com/en-us/about-us/company/legal/governance,Search for a Physician or Hospital,link_text,https://www.intuitive.com/en-us/physician-locator
https://www.intuitive.com/en-us/about-us/company/legal/governance,Bariatric,link_text,https://www.intuitive.com/en-us/patients/procedures/bariatric-surgery
https://www.intuitive.com/en-us/about-us/company/legal/governance,Why Bariatric Surgery?,link_text,https://www.intuitive.com/en-us/patients/procedures/bariatric-surgery/why-bariatric-surgery
https://www.intuitive.com/en-us/about-us/company/legal/governance,Gastric Bypass,link_text,https://www.intuitive.com/en-us/patients/procedures/bariatric-surgery/gastric-bypass
https://www.intuitive.com/en-us/about-us/company/legal/governance,Sleeve Gastrectomy,link_text,https://www.intuitive.com/en-us/patients/procedures/bariatric-surgery/sleeve-gastrectomy
https://www.intuitive.com/en-us/about-us/company/legal/governance,BPD-DS,link_text,https://www.intuitive.com/en-us/patients/procedures/bariatric-surgery/bpd-ds
https://www.intuitive.com/en-us/about-us/company/legal/governance,SADI-S,link_text,https://www.intuitive.com/en-us/patients/procedures/bariatric-surgery/sadi-s
https://www.intuitive.com/en-us/about-us/company/legal/governance,Find a Physician,link_text,https://www.intuitive.com/en-us/provider-locator
https://www.intuitive.com/en-us/about-us/company/legal/governance,Cardiac,link_text,https://www.intuitive.com/en-us/patients/procedures/cardiac
https://www.intuitive.com/en-us/about-us/company/legal/governance,What to Expect from your Surgery,link_text,https://www.intuitive.com/en-us/patients/da-vinci-robotic-surgery/what-to-expect
https://www.intuitive.com/en-us/about-us/company/legal/governance,About da Vinci Surgery,link_text,https://www.intuitive.com/en-us/patients/da-vinci-robotic-surgery
https://www.intuitive.com/en-us/about-us/company/legal/governance,Find a Physician,link_text,https://www.intuitive.com/en-us/provider-locator
https://www.intuitive.com/en-us/about-us/company/legal/governance,Colorectal,link_text,https://www.intuitive.com/en-us/patients/procedures/colorectal
https://www.intuitive.com/en-us/about-us/company/legal/governance,Colon Resection,link_text,https://www.intuitive.com/en-us/patients/procedures/colorectal/colon-resection
https://www.intuitive.com/en-us/about-us/company/legal/governance,Rectal Resection,link_text,https://www.intuitive.com/en-us/patients/procedures/colorectal/rectal-resection
https://www.intuitive.com/en-us/about-us/company/legal/governance,What to Expect,link_text,https://www.intuitive.com/en-us/patients/da-vinci-robotic-surgery/what-to-expect
https://www.intuitive.com/en-us/about-us/company/legal/governance,About da Vinci Surgery,link_text,https://www.intuitive.com/en-us/patients/da-vinci-robotic-surgery
https://www.intuitive.com/en-us/about-us/company/legal/governance,Find a Physician,link_text,https://www.intuitive.com/en-us/provider-locator
https://www.intuitive.com/en-us/about-us/company/legal/governance,General Surgery,link_text,https://www.intuitive.com/en-us/patients/procedures/general-surgery
https://www.intuitive.com/en-us/about-us/company/legal/governance,Gallbladder,link_text,https://www.intuitive.com/en-us/patients/procedures/general-surgery/gallbladder-surgery
https://www.intuitive.com/en-us/about-us/company/legal/governance,Hernia,link_text,https://www.intuitive.com/en-us/patients/procedures/general-surgery/hernia-surgery
https://www.intuitive.com/en-us/about-us/company/legal/governance,What to Expect,link_text,https://www.intuitive.com/en-us/patients/da-vinci-robotic-surgery/what-to-expect
https://www.intuitive.com/en-us/about-us/company/legal/governance,About da Vinci Surgery,link_text,https://www.intuitive.com/en-us/patients/da-vinci-robotic-surgery
https://www.intuitive.com/en-us/about-us/company/legal/governance,Find a Physician,link_text,https://www.intuitive.com/en-us/provider-locator
https://www.intuitive.com/en-us/about-us/company/legal/governance,Gynecology,link_text,https://www.intuitive.com/en-us/patients/procedures/gynecology
https://www.intuitive.com/en-us/about-us/company/legal/governance,Hysterectomy,link_text,https://www.intuitive.com/en-us/patients/procedures/gynecology/hysterectomy
https://www.intuitive.com/en-us/about-us/company/legal/governance,Pelvic Organ Prolapse,link_text,https://www.intuitive.com/en-us/patients/procedures/gynecology/pelvic-organ-prolapse
https://www.intuitive.com/en-us/about-us/company/legal/governance,Myomectomy,link_text,https://www.intuitive.com/en-us/patients/procedures/gynecology/myomectomy
https://www.intuitive.com/en-us/about-us/company/legal/governance,Endometriosis Resection,link_text,https://www.intuitive.com/en-us/patients/procedures/gynecology/endometriosis-resection
https://www.intuitive.com/en-us/about-us/company/legal/governance,Find a Physician,link_text,https://www.intuitive.com/en-us/provider-locator
https://www.intuitive.com/en-us/about-us/company/legal/governance,Head & Neck,link_text,https://www.intuitive.com/en-us/patients/procedures/head-and-neck
https://www.intuitive.com/en-us/about-us/company/legal/governance,What to Expect from your Surgery,link_text,https://www.intuitive.com/en-us/patients/da-vinci-robotic-surgery/what-to-expect
https://www.intuitive.com/en-us/about-us/company/legal/governance,About da Vinci Surgery,link_text,https://www.intuitive.com/en-us/patients/da-vinci-robotic-surgery
https://www.intuitive.com/en-us/about-us/company/legal/governance,Find a Physician,link_text,https://www.intuitive.com/en-us/provider-locator
https://www.intuitive.com/en-us/about-us/company/legal/governance,Thoracic,link_text,https://www.intuitive.com/en-us/patients/procedures/thoracic
https://www.intuitive.com/en-us/about-us/company/legal/governance,Lung Biopsy,link_text,https://www.intuitive.com/en-us/patients/procedures/thoracic/lung-nodules/lung-biopsy
https://www.intuitive.com/en-us/about-us/company/legal/governance,Lung Surgery,link_text,https://www.intuitive.com/en-us/patients/procedures/thoracic/lung-surgery
https://www.intuitive.com/en-us/about-us/company/legal/governance,About Ion Bronchoscopy,link_text,https://www.intuitive.com/en-us/patients/ion-robotic-bronchoscopy
https://www.intuitive.com/en-us/about-us/company/legal/governance,About da Vinci Surgery,link_text,https://www.intuitive.com/en-us/patients/da-vinci-robotic-surgery
https://www.intuitive.com/en-us/about-us/company/legal/governance,Find a Physician,link_text,https://www.intuitive.com/en-us/provider-locator
https://www.intuitive.com/en-us/about-us/company/legal/governance,Urology,link_text,https://www.intuitive.com/en-us/patients/procedures/urology
https://www.intuitive.com/en-us/about-us/company/legal/governance,Kidney Blockage,link_text,https://www.intuitive.com/en-us/patients/procedures/urology/kidney-blockage
https://www.intuitive.com/en-us/about-us/company/legal/governance,Kidney Surgery,link_text,https://www.intuitive.com/en-us/patients/procedures/urology/kidney-surgery
https://www.intuitive.com/en-us/about-us/company/legal/governance,Prostate Surgery,link_text,https://www.intuitive.com/en-us/patients/procedures/urology/prostatectomy
https://www.intuitive.com/en-us/about-us/company/legal/governance,What to Expect,link_text,https://www.intuitive.com/en-us/patients/da-vinci-robotic-surgery/what-to-expect
https://www.intuitive.com/en-us/about-us/company/legal/governance,About da Vinci,link_text,https://www.intuitive.com/en-us/patients/da-vinci-robotic-surgery
https://www.intuitive.com/en-us/about-us/company/legal/governance,Find a Physician,link_text,https://www.intuitive.com/en-us/provider-locator
https://www.intuitive.com/en-us/about-us/company/legal/governance,Da Vinci Robotic-Assisted Surgery,link_text,https://www.intuitive.com/en-us/patients/da-vinci-robotic-surgery
https://www.intuitive.com/en-us/about-us/company/legal/governance,What to Expect,link_text,https://www.intuitive.com/en-us/patients/da-vinci-robotic-surgery/what-to-expect
https://www.intuitive.com/en-us/about-us/company/legal/governance,About the Systems,link_text,https://www.intuitive.com/en-us/patients/da-vinci-robotic-surgery/about-the-systems
https://www.intuitive.com/en-us/about-us/company/legal/governance,Ion Robotic Bronchoscopy,link_text,https://www.intuitive.com/en-us/patients/ion-robotic-bronchoscopy
https://www.intuitive.com/en-us/about-us/company/legal/governance,What to Expect,link_text,https://www.intuitive.com/en-us/patients/ion-robotic-bronchoscopy/what-to-expect
https://www.intuitive.com/en-us/about-us/company/legal/governance,About the System,link_text,https://www.intuitive.com/en-us/patients/ion-robotic-bronchoscopy/about-the-system
https://www.intuitive.com/en-us/about-us/company/legal/governance,All Procedures,link_text,https://www.intuitive.com/en-us/patients/procedures
https://www.intuitive.com/en-us/about-us/company/legal/governance,Bariatric,link_text,https://www.intuitive.com/en-us/patients/procedures/bariatric-surgery
https://www.intuitive.com/en-us/about-us/company/legal/governance,Cardiac,link_text,https://www.intuitive.com/en-us/patients/procedures/cardiac
https://www.intuitive.com/en-us/about-us/company/legal/governance,Colorectal,link_text,https://www.intuitive.com/en-us/patients/procedures/colorectal
https://www.intuitive.com/en-us/about-us/company/legal/governance,General,link_text,https://www.intuitive.com/en-us/patients/procedures/general-surgery
https://www.intuitive.com/en-us/about-us/company/legal/governance,Gynecology,link_text,https://www.intuitive.com/en-us/patients/procedures/gynecology
https://www.intuitive.com/en-us/about-us/company/legal/governance,Head & Neck,link_text,https://www.intuitive.com/en-us/patients/procedures/head-and-neck
https://www.intuitive.com/en-us/about-us/company/legal/governance,Thoracic,link_text,https://www.intuitive.com/en-us/patients/procedures/thoracic
https://www.intuitive.com/en-us/about-us/company/legal/governance,Urology,link_text,https://www.intuitive.com/en-us/patients/procedures/urology
https://www.intuitive.com/en-us/about-us/company/legal/governance,Company,link_text,https://www.intuitive.com/en-us/about-us/company
https://www.intuitive.com/en-us/about-us/company/legal/governance,Leadership,link_text,https://www.intuitive.com/en-us/about-us/company/leadership
https://www.intuitive.com/en-us/about-us/company/legal/governance,inclusion diversity,url,https://www.intuitive.com/en-us/about-us/company/inclusion-diversity
https://www.intuitive.com/en-us/about-us/company/legal/governance,Corporate Impact,link_text,https://www.intuitive.com/en-us/about-us/company/cir
https://www.intuitive.com/en-us/about-us/company/legal/governance,Research & Outcomes,link_text,https://www.intuitive.com/en-us/about-us/company/research-outcomes
https://www.intuitive.com/en-us/about-us/company/legal/governance,Financing,link_text,https://www.intuitive.com/en-us/about-us/company/financing
https://www.intuitive.com/en-us/about-us/company/legal/governance,Unknown Title,unknown,https://www.intuitive.com/en-us/about-us/company/legal
https://www.intuitive.com/en-us/about-us/company/legal/governance,Suppliers,link_text,https://www.intuitive.com/en-us/about-us/company/suppliers
https://www.intuitive.com/en-us/about-us/company/legal/governance,Careers,link_text,https://careers.intuitive.com/us/en
https://www.intuitive.com/en-us/about-us/company/legal/governance,Newsroom,link_text,https://www.intuitive.com/en-us/about-us/newsroom
https://www.intuitive.com/en-us/about-us/company/legal/governance,Press Releases,link_text,https://isrg.intuitive.com/press-releases
https://www.intuitive.com/en-us/about-us/company/legal/governance,Press Resources,link_text,https://www.intuitive.com/en-us/about-us/newsroom/press-resources
https://www.intuitive.com/en-us/about-us/company/legal/governance,Investors,link_text,https://isrg.intuitive.com/
https://www.intuitive.com/en-us/about-us/company/legal/governance,Futures,link_text,https://www.intuitive.com/en-us/about-us/company/future-vision
https://www.intuitive.com/en-us/about-us/company/legal/governance,Ventures,link_text,https://ventures.intuitive.com
https://www.intuitive.com/en-us/about-us/company/legal/governance,Intuitive Foundation,link_text,https://www.intuitive-foundation.org/
https://www.intuitive.com/en-us/about-us/company/legal/governance,User Manuals,link_text,https://manuals.intuitivesurgical.com/market
https://www.intuitive.com/en-us/about-us/company/legal/governance,Contact Us,link_text,https://www.intuitive.com/en-us/about-us/contact
https://www.intuitive.com/en-us/about-us/company/legal/governance,Da Vinci Support,link_text,https://www.intuitive.com/en-us/about-us/contact/da-vinci-support
https://www.intuitive.com/en-us/about-us/company/legal/governance,Ion Support,link_text,https://www.intuitive.com/en-us/about-us/contact/ion-support
https://www.intuitive.com/en-us/about-us/company/legal/governance,Digital Support,link_text,https://www.intuitive.com/en-us/about-us/contact/digital-support
https://www.intuitive.com/en-us/about-us/company/legal/governance,Distributors,link_text,https://www.intuitive.com/en-us/about-us/contact/distributors
https://www.intuitive.com/en-us/about-us/company/legal/governance,User Manuals,link_text,https://manuals.intuitivesurgical.com/market
https://www.intuitive.com/en-us/about-us/company/legal/governance,Offices,link_text,https://www.intuitive.com/en-us/about-us/contact/office-locations
https://www.intuitive.com/en-us/about-us/company/legal/governance,Compliance Hotline,link_text,https://secure.ethicspoint.com/domain/media/en/gui/87432/index.html
https://www.intuitive.com/en-us/about-us/company/legal/governance,Amended and Restated Bylaws,link_text,https://www.intuitive.com/en-us/-/media/ISI/Intuitive/Pdf/ARBylaws.pdf
https://www.intuitive.com/en-us/about-us/company/legal/governance,Audit Committee Charter,link_text,https://www.intuitive.com/en-us/-/media/ISI/Intuitive/Pdf/isi-audit-committee-charter-1005197.pdf
https://www.intuitive.com/en-us/about-us/company/legal/governance,Compensation Committee Charter,link_text,https://www.intuitive.com/en-us/-/media/ISI/Intuitive/Pdf/isi-compensation-committee-charter-1005199.pdf
https://www.intuitive.com/en-us/about-us/company/legal/governance,Corporate Governance Guidelines,link_text,https://www.intuitive.com/en-us/-/media/ISI/Intuitive/Pdf/intuitive-corporate-governance-guidelines-1064646.pdf
https://www.intuitive.com/en-us/about-us/company/legal/governance,Governance and Nominating Committee Charter,link_text,https://www.intuitive.com/en-us/-/media/ISI/Intuitive/Pdf/isi-governance-nominating-committee-charter-1005196.pdf
https://www.intuitive.com/en-us/about-us/company/legal/governance,Battery Minerals Supply Chain Due-Diligence Policy,link_text,https://www.intuitive.com/en-us/-/media/ISI/Intuitive/Pdf/Intuitive-Battery-Minerals-Supply-Chain-Due-Diligence-Policy.pdf
https://www.intuitive.com/en-us/about-us/company/legal/governance,Code of Business Conduct and Ethics Policy,link_text,https://www.intuitive.com/en-us/about-us/company/legal/governance/ethical-conduct
https://www.intuitive.com/en-us/about-us/company/legal/governance,Conflict Minerals Policy Statement,link_text,https://www.intuitive.com/en-us/-/media/ISI/Intuitive/Pdf/intuitive-conflict-minerals-policy-statement-1005831.pdf
https://www.intuitive.com/en-us/about-us/company/legal/governance,intuitive pay equity statement 1058021,url,https://www.intuitive.com/en-us/-/media/ISI/Intuitive/Pdf/intuitive-pay-equity-statement-1058021.pdf
https://www.intuitive.com/en-us/about-us/company/legal/governance,Environment Health and Safety Policy,link_text,https://www.intuitive.com/en-us/-/media/ISI/Intuitive/Pdf/Environment-Health-and-Safety.pdf
https://www.intuitive.com/en-us/about-us/company/legal/governance,Environmental Policy,link_text,https://www.intuitive.com/en-us/-/media/ISI/Intuitive/Pdf/intuitive-environmental-policy-1057197.pdf
https://www.intuitive.com/en-us/about-us/company/legal/governance,Ethical Marketing Practices,link_text,https://www.intuitive.com/en-us/-/media/ISI/Intuitive/Pdf/intuitive-ethical-marketing-disclosure-1085280.pdf
https://www.intuitive.com/en-us/about-us/company/legal/governance,Global Anti-Corruption Policy,link_text,https://www.intuitive.com/en-us/-/media/ISI/Intuitive/Pdf/global-anti-corruption-policy.pdf
https://www.intuitive.com/en-us/about-us/company/legal/governance,Global Trade Compliance Policy,link_text,https://www.intuitive.com/en-us/-/media/ISI/Intuitive/Pdf/Global-Trade-Compliance-Policy.pdf
https://www.intuitive.com/en-us/about-us/company/legal/governance,Global Tax Policy Statement,link_text,https://www.intuitive.com/en-us/-/media/ISI/Intuitive/Pdf/intuitive-global-tax-policy-statement-1055753.pdf
https://www.intuitive.com/en-us/about-us/company/legal/governance,Intuitive Social Media Community Guidelines,link_text,https://www.intuitive.com/en-us/-/media/ISI/Intuitive/Pdf/Social-Media-Guidelines.pdf
https://www.intuitive.com/en-us/about-us/company/legal/governance,Policies on Lobbying and Political Spending,link_text,https://www.intuitive.com/en-us/about-us/company/legal/governance/lobbying-political-spending
https://www.intuitive.com/en-us/about-us/company/legal/governance,Position on Human Rights,link_text,https://www.intuitive.com/en-us/-/media/ISI/Intuitive/Pdf/Intuitive---Position-on-Human-Rights.pdf
https://www.intuitive.com/en-us/about-us/company/legal/governance,Privacy Notices and Policies,link_text,https://www.intuitive.com/en-us/about-us/company/legal/privacy
https://www.intuitive.com/en-us/about-us/company/legal/governance,Statement on the Prevention of Modern Slavery and Human Trafficking,link_text,https://www.intuitive.com/en-us/-/media/ISI/Intuitive/Pdf/Intuitive-Surgical----Modern-Slavery-Statement-2026.pdf
https://www.intuitive.com/en-us/about-us/company/legal/governance,Sunshine Act and Our Commitment to Transparency,link_text,https://www.intuitive.com/en-us/-/media/ISI/Intuitive/Pdf/sunshine-act-commitment-to-transparency-statement-1009308.pdf
https://www.intuitive.com/en-us/about-us/company/legal/governance,Supplier Code of Conduct,link_text,https://www.intuitive.com/en-us/-/media/ISI/Intuitive/Pdf/supplier-code-of-conduct-1087837.pdf
https://www.intuitive.com/en-us/about-us/company/legal/governance,QMS Compliance Certification – MDSAP Certificate,link_text,https://www.intuitive.com/en-us/-/media/ISI/Intuitive/Pdf/Intuitive-MDSAP-1065082.pdf
https://www.intuitive.com/en-us/about-us/company/legal/governance,QMS Compliance Certification – ISO Certificate,link_text,https://www.intuitive.com/en-us/-/media/ISI/Intuitive/Pdf/Intuitive-ISO-Certificate-1042693.pdf
https://www.intuitive.com/en-us/about-us/company/legal/governance,Environmental Management System Certification - ISO Certificate,link_text,https://www.intuitive.com/en-us/-/media/ISI/Intuitive/Pdf/Intuitive-ISO14001-Certification.pdf
https://www.intuitive.com/en-us/about-us/company/legal/governance,Information Security Management System Certification - ISO Certificate,link_text,https://www.intuitive.com/en-us/-/media/ISI/Intuitive/Pdf/Intuitive-Surgical---ISO-27001-Certificate---Initial-Certification---2022.pdf
https://www.intuitive.com/en-us/about-us/company/legal/governance,or through the toll-free number 1-844-539-2216 in the U.S.,html_context,https://secure.ethicspoint.com/domain/media/en/gui/87432/index.html
https://www.intuitive.com/en-us/about-us/company/legal/governance,Make a report,link_text,https://secure.ethicspoint.com/domain/media/en/gui/87432/index.html
https://www.intuitive.com/en-us/about-us/company/legal/governance,The board and our committees Meet the Intuitive board of directors,link_text,https://www.intuitive.com/en-us/about-us/company/legal/governance/board-committees
https://www.intuitive.com/en-us/about-us/company/legal/governance,Ethical business conduct Committed to ethics and transparency,link_text,https://www.intuitive.com/en-us/about-us/company/legal/governance/ethical-conduct
https://www.intuitive.com/en-us/about-us/company/legal/governance,"Environmental, social, and governance Our approach to sustainable, responsible business",link_text,https://www.intuitive.com/en-us/about-us/company/cir
https://www.intuitive.com/en-us/about-us/company/legal/governance,void(0),url,javascript:void(0)
https://www.intuitive.com/en-us/about-us/company/legal/governance,"For important safety information, please refer to",html_context,https://www.intuitive.com/en-us/about-us/company/legal/safety-information
https://www.intuitive.com/en-us/about-us/company/legal/governance,Unknown Title,unknown,https://www.intuitive.com/en-us
https://www.intuitive.com/en-us/about-us/company/legal/governance,Company,link_text,https://www.intuitive.com/en-us/about-us/company
https://www.intuitive.com/en-us/about-us/company/legal/governance,Unknown Title,unknown,https://www.intuitive.com/en-us/about-us/company/legal
https://www.intuitive.com/en-us/about-us/company/legal/governance,governance,url,https://www.intuitive.com/en-us/about-us/company/legal/governance
https://www.intuitive.com/en-us/about-us/company/legal/governance,Cancel,link_text,https://www.intuitive.com/en-us/about-us/company/legal/governance
https://www.intuitive.com/en-us/about-us/company/legal/governance,Continue,link_text,https://www.intuitive.com/en-us/about-us/company/legal/governance
https://www.intuitive.com/en-us/about-us/company/legal/governance,Intuitive Home,aria_label,https://www.intuitive.com/en-us
https://www.intuitive.com/en-us/about-us/company/legal/governance,Da Vinci,link_text,https://www.intuitive.com/en-us/products-and-services/da-vinci
https://www.intuitive.com/en-us/about-us/company/legal/governance,Unknown Title,unknown,https://www.intuitive.com/en-us/products-and-services/ion
https://www.intuitive.com/en-us/about-us/company/legal/governance,My Intuitive,link_text,https://www.intuitive.com/en-us/digital-solutions/my-intuitive
https://www.intuitive.com/en-us/about-us/company/legal/governance,SimNow,link_text,https://www.intuitive.com/en-us/digital-solutions/simnow
https://www.intuitive.com/en-us/about-us/company/legal/governance,3D Models,link_text,https://www.intuitive.com/en-us/digital-solutions/3d-models
https://www.intuitive.com/en-us/about-us/company/legal/governance,Surgeons,link_text,https://www.intuitive.com/en-us/healthcare-professionals/surgeons
https://www.intuitive.com/en-us/about-us/company/legal/governance,OR Staff,link_text,https://www.intuitive.com/en-us/healthcare-professionals/or-staff
https://www.intuitive.com/en-us/about-us/company/legal/governance,Hospital Executives,link_text,https://www.intuitive.com/en-us/healthcare-professionals/hospital-executives
https://www.intuitive.com/en-us/about-us/company/legal/governance,Referring Physicians,link_text,https://www.intuitive.com/en-us/healthcare-professionals/referring-physicians
https://www.intuitive.com/en-us/about-us/company/legal/governance,Academics,link_text,https://www.intuitive.com/en-us/healthcare-professionals/academics
https://www.intuitive.com/en-us/about-us/company/legal/governance,Ecosystem,link_text,https://www.intuitive.com/en-us/healthcare-professionals/ecosystem
https://www.intuitive.com/en-us/about-us/company/legal/governance,Find a Physician,link_text,https://www.intuitive.com/en-us/physician-locator
https://www.intuitive.com/en-us/about-us/company/legal/governance,Bariatric,link_text,https://www.intuitive.com/en-us/patients/procedures/bariatric-surgery
https://www.intuitive.com/en-us/about-us/company/legal/governance,Cardiac,link_text,https://www.intuitive.com/en-us/patients/procedures/cardiac
https://www.intuitive.com/en-us/about-us/company/legal/governance,Colorectal,link_text,https://www.intuitive.com/en-us/patients/procedures/colorectal
https://www.intuitive.com/en-us/about-us/company/legal/governance,General Surgery,link_text,https://www.intuitive.com/en-us/patients/procedures/general-surgery
https://www.intuitive.com/en-us/about-us/company/legal/governance,Gynecology,link_text,https://www.intuitive.com/en-us/patients/procedures/gynecology
https://www.intuitive.com/en-us/about-us/company/legal/governance,Head & Neck,link_text,https://www.intuitive.com/en-us/patients/procedures/head-and-neck
https://www.intuitive.com/en-us/about-us/company/legal/governance,Thoracic,link_text,https://www.intuitive.com/en-us/patients/procedures/thoracic
https://www.intuitive.com/en-us/about-us/company/legal/governance,Urology,link_text,https://www.intuitive.com/en-us/patients/procedures/urology
https://www.intuitive.com/en-us/about-us/company/legal/governance,All Procedures,link_text,https://www.intuitive.com/en-us/patients/procedures
https://www.intuitive.com/en-us/about-us/company/legal/governance,Company,link_text,https://www.intuitive.com/en-us/about-us/company
https://www.intuitive.com/en-us/about-us/company/legal/governance,Careers,link_text,https://careers.intuitive.com/us/en
https://www.intuitive.com/en-us/about-us/company/legal/governance,Newsroom,link_text,https://www.intuitive.com/en-us/about-us/newsroom
https://www.intuitive.com/en-us/about-us/company/legal/governance,Investors,link_text,https://isrg.intuitive.com/
https://www.intuitive.com/en-us/about-us/company/legal/governance,Ventures,link_text,https://ventures.intuitive.com
https://www.intuitive.com/en-us/about-us/company/legal/governance,Intuitive Foundation,link_text,https://www.intuitive-foundation.org/
https://www.intuitive.com/en-us/about-us/company/legal/governance,User Manuals,link_text,https://manuals.intuitivesurgical.com/market
https://www.intuitive.com/en-us/about-us/company/legal/governance,Contact Us,link_text,https://www.intuitive.com/en-us/about-us/contact
https://www.intuitive.com/en-us/about-us/company/legal/governance,Compliance Hotline,link_text,https://secure.ethicspoint.com/domain/media/en/gui/87432/index.html
https://www.intuitive.com/en-us/about-us/company/legal/governance,LinkedIn,link_text,https://www.linkedin.com/company/intuitive-surgical/
https://www.intuitive.com/en-us/about-us/company/legal/governance,Instagram,link_text,https://www.instagram.com/intuitivesurgical/
https://www.intuitive.com/en-us/about-us/company/legal/governance,Twitter,link_text,https://x.com/IntuitiveSurg
https://www.intuitive.com/en-us/about-us/company/legal/governance,Facebook,link_text,https://www.facebook.com/IntuitiveSurg
https://www.intuitive.com/en-us/about-us/company/legal/governance,YouTube,link_text,https://www.youtube.com/@Intuitive
https://www.intuitive.com/en-us/about-us/company/legal/governance,Cookie Settings,aria_label,https://www.intuitive.com/en-us/about-us/company/legal/governance#cookiesettings
https://www.intuitive.com/en-us/about-us/company/legal/governance,Privacy Policy,link_text,https://www.intuitive.com/en-us/about-us/company/legal/privacy-policy
https://www.intuitive.com/en-us/about-us/company/legal/governance,Terms of Use,link_text,https://www.intuitive.com/en-us/about-us/company/legal/terms-of-use
https://www.intuitive.com/en-us/about-us/company/legal/governance,Sitemap,link_text,https://www.intuitive.com/en-us/sitemap
https://www.intuitive.com/en-us/about-us/company/legal/governance,Regions,aria_label,https://www.intuitive.com/en-us/about-us/company/legal/regions
https://www.intuitive.com/en-us/about-us/company/legal/governance,www.intuitive.com/trademarks,link_text,https://www.intuitive.com/en-us/about-us/company/legal/trademarks
https://www.td.com/ca/en/about-td/for-investors/environmental-social-governance-publications,"Environmental, Social and Governance (ESG)",html_context,https://www.td.com/ca/en/about-td/for-investors/environmental-social-governance-publications#main
https://www.td.com/ca/en/about-td/for-investors/environmental-social-governance-publications,Personal,link_text,https://www.td.com/ca/en/personal-banking
https://www.td.com/ca/en/about-td/for-investors/environmental-social-governance-publications,Small Business,link_text,https://www.td.com/ca/en/business-banking/small-business
https://www.td.com/ca/en/about-td/for-investors/environmental-social-governance-publications,Commercial,link_text,https://www.td.com/ca/en/commercial-banking
https://www.td.com/ca/en/about-td/for-investors/environmental-social-governance-publications,Investing,link_text,https://www.td.com/ca/en/investing
https://www.td.com/ca/en/about-td/for-investors/environmental-social-governance-publications,TD Asset Management,link_text,https://www.td.com/ca/en/asset-management
https://www.td.com/ca/en/about-td/for-investors/environmental-social-governance-publications,About TD Selected,link_text,https://www.td.com/ca/en/about-td
https://www.td.com/ca/en/about-td/for-investors/environmental-social-governance-publications,about td,url,https://www.td.com/ca/en/about-td
https://www.td.com/ca/en/about-td/for-investors/environmental-social-governance-publications,United States,link_text,https://www.td.com/us/en/about-us
https://www.td.com/ca/en/about-td/for-investors/environmental-social-governance-publications,environmental social governance publications,url,https://www.td.com/ca/en/about-td/for-investors/environmental-social-governance-publications
https://www.td.com/ca/en/about-td/for-investors/environmental-social-governance-publications,publications enjeux environnementaux sociaux gouvernance,url,https://www.td.com/ca/fr/a-propos-de-la-td/aux-investisseurs/publications-enjeux-environnementaux-sociaux-gouvernance
https://www.td.com/ca/en/about-td/for-investors/environmental-social-governance-publications,Who We Are,link_text,https://www.td.com/ca/en/about-td/who-we-are
https://www.td.com/ca/en/about-td/for-investors/environmental-social-governance-publications,"Environmental, Social and Governance (ESG)",html_context,https://www.td.com/ca/en/about-td/for-investors/environmental-social-governance-publications
https://www.td.com/ca/en/about-td/for-investors/environmental-social-governance-publications,environmental social governance reporting,url,https://www.td.com/ca/en/about-td/for-investors/environmental-social-governance-reporting
https://www.td.com/ca/en/about-td/for-investors/environmental-social-governance-publications,TD Ready Commitment,link_text,https://www.td.com/ca/en/about-td/community-giving/how-td-supports-communities
https://www.td.com/ca/en/about-td/for-investors/environmental-social-governance-publications,TD Sponsorships,link_text,https://www.td.com/ca/en/about-td/sponsorship/td-music
https://www.td.com/ca/en/about-td/for-investors/environmental-social-governance-publications,See all Diversity and Inclusion,link_text,https://www.td.com/ca/en/about-td/diversity-and-inclusion
https://www.td.com/ca/en/about-td/for-investors/environmental-social-governance-publications,Indigenous communities,link_text,https://www.td.com/ca/en/about-td/diversity-and-inclusion/indigenous-peoples
https://www.td.com/ca/en/about-td/for-investors/environmental-social-governance-publications,2SLGTBQ+,link_text,https://www.td.com/ca/en/about-td/diversity-and-inclusion/2slgbtq-community-commitment
https://www.td.com/ca/en/about-td/for-investors/environmental-social-governance-publications,People with disabilities,link_text,https://www.td.com/ca/en/about-td/diversity-and-inclusion/people-with-disabilities-community-commitment
https://www.td.com/ca/en/about-td/for-investors/environmental-social-governance-publications,Black experience,link_text,https://www.td.com/ca/en/about-td/diversity-and-inclusion/black-communities-in-canada
https://www.td.com/ca/en/about-td/for-investors/environmental-social-governance-publications,Celebrating women,link_text,https://www.td.com/ca/en/about-td/diversity-and-inclusion/women-community-commitment
https://www.td.com/ca/en/about-td/for-investors/environmental-social-governance-publications,Who we are,link_text,https://www.td.com/ca/en/about-td/who-we-are
https://www.td.com/ca/en/about-td/for-investors/environmental-social-governance-publications,Our people,link_text,https://www.td.com/ca/en/about-td/who-we-are/our-people
https://www.td.com/ca/en/about-td/for-investors/environmental-social-governance-publications,Corporate profile,link_text,https://www.td.com/ca/en/about-td/corporate-profile
https://www.td.com/ca/en/about-td/for-investors/environmental-social-governance-publications,Corporate citizenship,link_text,https://www.td.com/ca/en/about-td/community-giving/how-td-supports-communities
https://www.td.com/ca/en/about-td/for-investors/environmental-social-governance-publications,"Environmental, Social and Governance (ESG)",link_text,https://www.td.com/ca/en/about-td/for-investors/environmental-social-governance-reporting
https://www.td.com/ca/en/about-td/for-investors/environmental-social-governance-publications,Unknown Title,unknown,https://www.td.com/ca/en/about-td/for-investors/investor-relations
https://www.td.com/ca/en/about-td/for-investors/environmental-social-governance-publications,Awards,link_text,https://www.td.com/ca/en/about-td/for-investors/awards
https://www.td.com/ca/en/about-td/for-investors/environmental-social-governance-publications,News and Economics,link_text,https://www.td.com/ca/en/about-td/news-and-economics
https://www.td.com/ca/en/about-td/for-investors/environmental-social-governance-publications,For Investors,link_text,https://www.td.com/ca/en/about-td/for-investors
https://www.td.com/ca/en/about-td/for-investors/environmental-social-governance-publications,Customer Care,link_text,https://www.td.com/ca/en/about-td/customer-care
https://www.td.com/ca/en/about-td/for-investors/environmental-social-governance-publications,about td,url,https://www.td.com/ca/en/about-td
https://www.td.com/ca/en/about-td/for-investors/environmental-social-governance-publications,Personal,link_text,https://www.td.com/ca/en/personal-banking
https://www.td.com/ca/en/about-td/for-investors/environmental-social-governance-publications,Small Business,link_text,https://www.td.com/ca/en/business-banking/small-business
https://www.td.com/ca/en/about-td/for-investors/environmental-social-governance-publications,Commercial,link_text,https://www.td.com/ca/en/commercial-banking
https://www.td.com/ca/en/about-td/for-investors/environmental-social-governance-publications,Investing,link_text,https://www.td.com/ca/en/investing
https://www.td.com/ca/en/about-td/for-investors/environmental-social-governance-publications,TD Asset Management,link_text,https://www.td.com/ca/en/asset-management
https://www.td.com/ca/en/about-td/for-investors/environmental-social-governance-publications,About TD Selected,link_text,https://www.td.com/ca/en/about-td
https://www.td.com/ca/en/about-td/for-investors/environmental-social-governance-publications,Who We Are,link_text,https://www.td.com/ca/en/about-td/who-we-are
https://www.td.com/ca/en/about-td/for-investors/environmental-social-governance-publications,"Environmental, Social and Governance (ESG)",html_context,https://www.td.com/ca/en/about-td/for-investors/environmental-social-governance-publications
https://www.td.com/ca/en/about-td/for-investors/environmental-social-governance-publications,environmental social governance reporting,url,https://www.td.com/ca/en/about-td/for-investors/environmental-social-governance-reporting
https://www.td.com/ca/en/about-td/for-investors/environmental-social-governance-publications,TD Ready Commitment,link_text,https://www.td.com/ca/en/about-td/community-giving/how-td-supports-communities
https://www.td.com/ca/en/about-td/for-investors/environmental-social-governance-publications,TD Sponsorships,link_text,https://www.td.com/ca/en/about-td/sponsorship/td-music
https://www.td.com/ca/en/about-td/for-investors/environmental-social-governance-publications,See all Diversity and Inclusion,link_text,https://www.td.com/ca/en/about-td/diversity-and-inclusion
https://www.td.com/ca/en/about-td/for-investors/environmental-social-governance-publications,Indigenous communities,link_text,https://www.td.com/ca/en/about-td/diversity-and-inclusion/indigenous-peoples
https://www.td.com/ca/en/about-td/for-investors/environmental-social-governance-publications,2SLGTBQ+,link_text,https://www.td.com/ca/en/about-td/diversity-and-inclusion/2slgbtq-community-commitment
https://www.td.com/ca/en/about-td/for-investors/environmental-social-governance-publications,People with disabilities,link_text,https://www.td.com/ca/en/about-td/diversity-and-inclusion/people-with-disabilities-community-commitment
https://www.td.com/ca/en/about-td/for-investors/environmental-social-governance-publications,Black experience,link_text,https://www.td.com/ca/en/about-td/diversity-and-inclusion/black-communities-in-canada
https://www.td.com/ca/en/about-td/for-investors/environmental-social-governance-publications,Celebrating women,link_text,https://www.td.com/ca/en/about-td/diversity-and-inclusion/women-community-commitment
https://www.td.com/ca/en/about-td/for-investors/environmental-social-governance-publications,Who we are,link_text,https://www.td.com/ca/en/about-td/who-we-are
https://www.td.com/ca/en/about-td/for-investors/environmental-social-governance-publications,Our people,link_text,https://www.td.com/ca/en/about-td/who-we-are/our-people
https://www.td.com/ca/en/about-td/for-investors/environmental-social-governance-publications,Corporate profile,link_text,https://www.td.com/ca/en/about-td/corporate-profile
https://www.td.com/ca/en/about-td/for-investors/environmental-social-governance-publications,Corporate citizenship,link_text,https://www.td.com/ca/en/about-td/community-giving/how-td-supports-communities
https://www.td.com/ca/en/about-td/for-investors/environmental-social-governance-publications,"Environmental, Social and Governance (ESG)",link_text,https://www.td.com/ca/en/about-td/for-investors/environmental-social-governance-reporting
https://www.td.com/ca/en/about-td/for-investors/environmental-social-governance-publications,Unknown Title,unknown,https://www.td.com/ca/en/about-td/for-investors/investor-relations
https://www.td.com/ca/en/about-td/for-investors/environmental-social-governance-publications,Awards,link_text,https://www.td.com/ca/en/about-td/for-investors/awards
https://www.td.com/ca/en/about-td/for-investors/environmental-social-governance-publications,News and Economics,link_text,https://www.td.com/ca/en/about-td/news-and-economics
https://www.td.com/ca/en/about-td/for-investors/environmental-social-governance-publications,For Investors,link_text,https://www.td.com/ca/en/about-td/for-investors
https://www.td.com/ca/en/about-td/for-investors/environmental-social-governance-publications,Customer Care,link_text,https://www.td.com/ca/en/about-td/customer-care
https://www.td.com/ca/en/about-td/for-investors/environmental-social-governance-publications,United States,link_text,https://www.td.com/us/en/about-us
https://www.td.com/ca/en/about-td/for-investors/environmental-social-governance-publications,environmental social governance publications,url,https://www.td.com/ca/en/about-td/for-investors/environmental-social-governance-publications
https://www.td.com/ca/en/about-td/for-investors/environmental-social-governance-publications,publications enjeux environnementaux sociaux gouvernance,url,https://www.td.com/ca/fr/a-propos-de-la-td/aux-investisseurs/publications-enjeux-environnementaux-sociaux-gouvernance
https://www.td.com/ca/en/about-td/for-investors/environmental-social-governance-publications,2025 Sustainability Report (pdf),link_text,https://www.td.com/content/dam/tdcom/canada/about-td/pdf/esg/2025-sustainability-report-en.pdf
https://www.td.com/ca/en/about-td/for-investors/environmental-social-governance-publications,2025 Public Accountability Statement (pdf),link_text,https://www.td.com/content/dam/tdcom/canada/about-td/pdf/esg/2025-public-accountability-statement-en.pdf
https://www.td.com/ca/en/about-td/for-investors/environmental-social-governance-publications,TD and Indigenous Communities in Canada - 2025 Update (pdf),link_text,https://www.td.com/content/dam/tdcom/canada/about-td/pdf/esg/td-indigenous-communities-in-canada-2025-update-en.pdf
https://www.td.com/ca/en/about-td/for-investors/environmental-social-governance-publications,2025 Corporate Citizenship Impact Report (pdf),link_text,https://www.td.com/content/dam/tdcom/canada/about-td/pdf/esg/2025-corporate-citizenship-impact-report-en.pdf
https://www.td.com/ca/en/about-td/for-investors/environmental-social-governance-publications,TD Sustainable & Decarbonization Finance Target Methodology (pdf),link_text,https://www.td.com/content/dam/tdcom/canada/about-td/pdf/esg/2024-sustainable-decarbonization-finance-target-methodology-en.pdf
https://www.td.com/ca/en/about-td/for-investors/environmental-social-governance-publications,TD’s Climate Action Plan: 2023 Progress Update (pdf),link_text,https://www.td.com/content/dam/tdcom/canada/about-td/pdf/esg/td-climate-action-plan-2023-progress-update-en.pdf
https://www.td.com/ca/en/about-td/for-investors/environmental-social-governance-publications,ESG Video Archive,link_text,https://www.td.com/ca/en/about-td/for-investors/environmental-social-governance-reporting/video-archive
https://www.td.com/ca/en/about-td/for-investors/environmental-social-governance-publications,Marching Today for a Better Tomorrow: TD LGBTQ2+ Report,link_text,https://www.td.com/document/PDF/ESG/2019-LGBTQ2-Report.pdf
https://www.td.com/ca/en/about-td/for-investors/environmental-social-governance-publications,Explained: Financed emissions and the next step on TD's path to net zero,link_text,https://stories.td.com/ca/en/article/td-path-to-net-zero-explained
https://www.td.com/ca/en/about-td/for-investors/environmental-social-governance-publications,TD's Ambitious Climate Action Plan,link_text,https://stories.td.com/ca/en/article/td-climate-action-plan
https://www.td.com/ca/en/about-td/for-investors/environmental-social-governance-publications,Decarbonization: A Simple Framework for a Complex Problem (pdf),link_text,https://economics.td.com/domains/economics.td.com/documents/reports/ff/Decarbonization_A_Simple_Framework_For_A_Complex_Problem.pdf
https://www.td.com/ca/en/about-td/for-investors/environmental-social-governance-publications,Don’t Let History Repeat: Canada’s Energy Sector Transition and the Potential Impact on Workers (pdf),link_text,https://economics.td.com/domains/economics.td.com/documents/reports/ff/A_Just_Transition_for_Energy_Workers.pdf
https://www.td.com/ca/en/about-td/for-investors/environmental-social-governance-publications,The potential of hydrogen is transforming the renewable energy sector,link_text,https://www.tdsecurities.com/ca/en/the-potential-of-hydrogen
https://www.td.com/ca/en/about-td/for-investors/environmental-social-governance-publications,Lithium: A Circular Economy Perspective for ESG Investment and Stewardship (pdf),link_text,https://www.td.com/content/dam/tdcom/canada/about-td/pdf/esg/lithium-a-circular-economy-perspective-en.pdf
https://www.td.com/ca/en/about-td/for-investors/environmental-social-governance-publications,A Primer on Carbon Pricing and Carbon Border Adjustments (pdf),link_text,https://economics.td.com/domains/economics.td.com/documents/reports/ff/carbon_border_adjustments.pdf
https://www.td.com/ca/en/about-td/for-investors/environmental-social-governance-publications,The Road to 2050: Risks and opportunities in sustainability-linked products,link_text,https://www.tdsecurities.com/ca/en/esg-sustainability-linked-debt
https://www.td.com/ca/en/about-td/for-investors/environmental-social-governance-publications,The Road to 2050: Developing voluntary carbon markets,link_text,https://www.tdsecurities.com/ca/en/developing-voluntary-carbon-markets
https://www.td.com/ca/en/about-td/for-investors/environmental-social-governance-publications,Women and STEM: Bridging the Divide (pdf),link_text,https://economics.td.com/domains/economics.td.com/documents/reports/bc/wistem/Women-and-STEM.pdf
https://www.td.com/ca/en/about-td/for-investors/environmental-social-governance-publications,Aboriginal Business Increasingly Embracing Innovation (pdf),link_text,https://www.td.com/document/PDF/economics/special/AboriginalBusiness2017.pdf
https://www.td.com/ca/en/about-td/for-investors/environmental-social-governance-publications,The business of a low-carbon future (pdf),link_text,https://www.td.com/document/PDF/corporateresponsibility/FINAL_TD-Bloomberg_Toronto-Conference-Paper.1.15.18.pdf
https://www.td.com/ca/en/about-td/for-investors/environmental-social-governance-publications,Sustainability Reports See how our ESG disclosures have evolved and learn more about our commitments.,html_context,https://www.td.com/ca/en/about-td/for-investors/environmental-social-governance-reporting
https://www.td.com/ca/en/about-td/for-investors/environmental-social-governance-publications,Supplementary Sustainability Resources,link_text,https://www.td.com/ca/en/about-td/for-investors/policies-and-references
https://www.td.com/ca/en/about-td/for-investors/environmental-social-governance-publications,Investor Relations Find reporting and disclosures on TD's strategy and financial performance.,html_context,https://www.td.com/ca/en/about-td/for-investors/investor-relations
https://www.td.com/ca/en/about-td/for-investors/environmental-social-governance-publications,environmental social governance publications,url,https://www.td.com/ca/en/about-td/for-investors/environmental-social-governance-publications#main
https://www.td.com/ca/en/about-td/for-investors/environmental-social-governance-publications,Find Us,link_text,https://www.td.com/ca/en/personal-banking/branch-locator
https://www.td.com/ca/en/about-td/for-investors/environmental-social-governance-publications,help centre,url,https://www.td.com/ca/en/personal-banking/help-centre
https://www.td.com/ca/en/about-td/for-investors/environmental-social-governance-publications,environmental social governance publications,url,https://www.td.com/ca/en/about-td/for-investors/environmental-social-governance-publications#main
https://www.td.com/ca/en/about-td/for-investors/environmental-social-governance-publications,Call us,link_text,https://www.td.com/ca/en/personal-banking/contact-us
https://www.td.com/ca/en/about-td/for-investors/environmental-social-governance-publications,Book an appointment,link_text,https://www.td.com/ca/en/personal-banking/book-appointment#/appointment-type
https://www.td.com/ca/en/about-td/for-investors/environmental-social-governance-publications,Give feedback,link_text,https://www.td.com/ca/en/personal-banking/contact-us/feedback-form
https://www.td.com/ca/en/about-td/for-investors/environmental-social-governance-publications,News and economics,link_text,https://www.td.com/ca/en/about-td/news-and-economics
https://www.td.com/ca/en/about-td/for-investors/environmental-social-governance-publications,For investors,link_text,https://www.td.com/ca/en/about-td/for-investors
https://www.td.com/ca/en/about-td/for-investors/environmental-social-governance-publications,Customer care,link_text,https://www.td.com/ca/en/about-td/customer-care
https://www.td.com/ca/en/about-td/for-investors/environmental-social-governance-publications,Careers,link_text,https://careers.td.com/
https://www.td.com/ca/en/about-td/for-investors/environmental-social-governance-publications,environmental social governance reporting,url,https://www.td.com/ca/en/about-td/for-investors/environmental-social-governance-reporting
https://www.td.com/ca/en/about-td/for-investors/environmental-social-governance-publications,TD Ready Commitment,link_text,https://www.td.com/ca/en/about-td/ready-commitment
https://www.td.com/ca/en/about-td/for-investors/environmental-social-governance-publications,TD Sponsorships,link_text,https://www.td.com/ca/en/about-td/sponsorship/td-music
https://www.td.com/ca/en/about-td/for-investors/environmental-social-governance-publications,Indigenous communities,link_text,https://www.td.com/ca/en/about-td/diversity-and-inclusion/indigenous-peoples
https://www.td.com/ca/en/about-td/for-investors/environmental-social-governance-publications,2SLGTBQ+,link_text,https://www.td.com/ca/en/about-td/diversity-and-inclusion/2slgbtq-community-commitment
https://www.td.com/ca/en/about-td/for-investors/environmental-social-governance-publications,People with disabilities,link_text,https://www.td.com/ca/en/about-td/diversity-and-inclusion/people-with-disabilities-community-commitment
https://www.td.com/ca/en/about-td/for-investors/environmental-social-governance-publications,Black experience,link_text,https://www.td.com/ca/en/about-td/diversity-and-inclusion/black-communities-in-canada
https://www.td.com/ca/en/about-td/for-investors/environmental-social-governance-publications,Celebrating women,link_text,https://www.td.com/ca/en/about-td/diversity-and-inclusion/women-community-commitment
https://www.td.com/ca/en/about-td/for-investors/environmental-social-governance-publications,Who we are,link_text,https://www.td.com/ca/en/about-td/who-we-are
https://www.td.com/ca/en/about-td/for-investors/environmental-social-governance-publications,Our people,link_text,https://www.td.com/ca/en/about-td/who-we-are/our-people
https://www.td.com/ca/en/about-td/for-investors/environmental-social-governance-publications,Corporate profile,link_text,https://www.td.com/ca/en/about-td/corporate-profile
https://www.td.com/ca/en/about-td/for-investors/environmental-social-governance-publications,Corporate citizenship,link_text,https://www.td.com/ca/en/about-td/ready-commitment
https://www.td.com/ca/en/about-td/for-investors/environmental-social-governance-publications,"Environmental, Social and Governance (ESG)",link_text,https://www.td.com/ca/en/about-td/for-investors/environmental-social-governance-reporting
https://www.td.com/ca/en/about-td/for-investors/environmental-social-governance-publications,Unknown Title,unknown,https://www.td.com/ca/en/about-td/for-investors/investor-relations
https://www.td.com/ca/en/about-td/for-investors/environmental-social-governance-publications,Awards,link_text,https://www.td.com/ca/en/about-td/for-investors/awards
https://www.td.com/ca/en/about-td/for-investors/environmental-social-governance-publications,Privacy and Security,link_text,https://www.td.com/ca/en/about-td/privacy-and-security
https://www.td.com/ca/en/about-td/for-investors/environmental-social-governance-publications,legal notices and disclaimers,url,https://www.td.com/ca/en/about-td/customer-care/legal-notices-and-disclaimers
https://www.td.com/ca/en/about-td/for-investors/environmental-social-governance-publications,Accessibility,link_text,https://www.td.com/ca/en/about-td/accessibility
https://www.td.com/ca/en/about-td/for-investors/environmental-social-governance-publications,CDIC Member,link_text,https://www.td.com/ca/en/personal-banking/products/bank-accounts/cdic
https://www.td.com/ca/en/about-td/for-investors/environmental-social-governance-publications,Careers,link_text,https://careers.td.com/
https://www.td.com/ca/en/about-td/for-investors/environmental-social-governance-publications,environmental social governance publications,url,https://www.td.com/ca/en/about-td/for-investors/environmental-social-governance-publications#cmp-modal~sitemap-dialog
https://www.td.com/ca/en/about-td/for-investors/environmental-social-governance-publications,Twitter,aria_label,https://twitter.com/td_canada
https://www.td.com/ca/en/about-td/for-investors/environmental-social-governance-publications,Facebook,aria_label,https://www.facebook.com/TDCanada/
https://www.td.com/ca/en/about-td/for-investors/environmental-social-governance-publications,Instagram,aria_label,https://www.instagram.com/TD_Canada/
https://www.td.com/ca/en/about-td/for-investors/environmental-social-governance-publications,Youtube,aria_label,https://www.youtube.com/user/TDCanada/TDCanadaTrust
https://www.td.com/ca/en/about-td/for-investors/environmental-social-governance-publications,Linkedin,aria_label,https://www.linkedin.com/company/td/
https://www.td.com/ca/en/about-td/for-investors/environmental-social-governance-publications,Personal Home,link_text,https://www.td.com/ca/en/personal-banking
https://www.td.com/ca/en/about-td/for-investors/environmental-social-governance-publications,My Accounts,link_text,https://www.td.com/ca/en/personal-banking/my-accounts
https://www.td.com/ca/en/about-td/for-investors/environmental-social-governance-publications,How To,link_text,https://www.td.com/ca/en/personal-banking/how-to/digital-banking
https://www.td.com/ca/en/about-td/for-investors/environmental-social-governance-publications,Today's Rates,link_text,https://www.td.com/ca/en/personal-banking/products/todays-rates-and-prime
https://www.td.com/ca/en/about-td/for-investors/environmental-social-governance-publications,Accounts (Personal),link_text,https://www.td.com/ca/en/personal-banking/products/bank-accounts
https://www.td.com/ca/en/about-td/for-investors/environmental-social-governance-publications,Chequing Accounts,link_text,https://www.td.com/ca/en/personal-banking/products/bank-accounts/chequing-accounts
https://www.td.com/ca/en/about-td/for-investors/environmental-social-governance-publications,Savings Accounts,link_text,https://www.td.com/ca/en/personal-banking/products/bank-accounts/savings-accounts
https://www.td.com/ca/en/about-td/for-investors/environmental-social-governance-publications,Student Account,link_text,https://www.td.com/ca/en/personal-banking/products/bank-accounts/chequing-accounts/student-chequing-account
https://www.td.com/ca/en/about-td/for-investors/environmental-social-governance-publications,Credit Cards,link_text,https://www.td.com/ca/en/personal-banking/products/credit-cards
https://www.td.com/ca/en/about-td/for-investors/environmental-social-governance-publications,Aeroplan points,link_text,https://www.td.com/ca/en/personal-banking/products/credit-cards/aeroplan
https://www.td.com/ca/en/about-td/for-investors/environmental-social-governance-publications,Travel Rewards,link_text,https://www.td.com/ca/en/personal-banking/products/credit-cards/travel-rewards
https://www.td.com/ca/en/about-td/for-investors/environmental-social-governance-publications,Cash Back,link_text,https://www.td.com/ca/en/personal-banking/products/credit-cards/cash-back
https://www.td.com/ca/en/about-td/for-investors/environmental-social-governance-publications,No Annual Fee,link_text,https://www.td.com/ca/en/personal-banking/products/credit-cards/no-annual-fee
https://www.td.com/ca/en/about-td/for-investors/environmental-social-governance-publications,Low Rate,link_text,https://www.td.com/ca/en/personal-banking/products/credit-cards/low-rate
https://www.td.com/ca/en/about-td/for-investors/environmental-social-governance-publications,U.S. Dollar,link_text,https://www.td.com/ca/en/personal-banking/products/credit-cards/us-dollar/us-dollar-visa-card
https://www.td.com/ca/en/about-td/for-investors/environmental-social-governance-publications,Mortgages,link_text,https://www.td.com/ca/en/personal-banking/products/mortgages
https://www.td.com/ca/en/about-td/for-investors/environmental-social-governance-publications,Loans and lines of credit,link_text,https://www.td.com/ca/en/personal-banking/products/loans-and-lines-of-credit
https://www.td.com/ca/en/about-td/for-investors/environmental-social-governance-publications,Personal Investing,link_text,https://www.td.com/ca/en/personal-banking/personal-investing
https://www.td.com/ca/en/about-td/for-investors/environmental-social-governance-publications,GIC & Term Deposits,link_text,https://www.td.com/ca/en/personal-banking/personal-investing/products/gic
https://www.td.com/ca/en/about-td/for-investors/environmental-social-governance-publications,Mutual Funds,link_text,https://www.td.com/ca/en/personal-banking/personal-investing/products/mutual-funds
https://www.td.com/ca/en/about-td/for-investors/environmental-social-governance-publications,TFSA - Tax-Free Savings Account,link_text,https://www.td.com/ca/en/personal-banking/personal-investing/products/investment-plans/tfsa
https://www.td.com/ca/en/about-td/for-investors/environmental-social-governance-publications,RSP - Retirement Savings Plan,link_text,https://www.td.com/ca/en/personal-banking/personal-investing/products/registered-plans/rrsp
https://www.td.com/ca/en/about-td/for-investors/environmental-social-governance-publications,RIF - Retirement Income Options,link_text,https://www.td.com/ca/en/personal-banking/personal-investing/products/registered-plans/rif
https://www.td.com/ca/en/about-td/for-investors/environmental-social-governance-publications,RESP - Education Savings Plan,link_text,https://www.td.com/ca/en/personal-banking/personal-investing/products/registered-plans/resp
https://www.td.com/ca/en/about-td/for-investors/environmental-social-governance-publications,RDSP - Disability Savings Plan,link_text,https://www.td.com/ca/en/personal-banking/products/personal-investing/registered-plans/rdsp
https://www.td.com/ca/en/about-td/for-investors/environmental-social-governance-publications,Precious Metals,link_text,https://www.td.com/ca/en/personal-banking/products/personal-investing/precious-metals-gold-silver-platinum
https://www.td.com/ca/en/about-td/for-investors/environmental-social-governance-publications,Insurance,link_text,https://www.td.com/ca/en/personal-banking/products/insurance
https://www.td.com/ca/en/about-td/for-investors/environmental-social-governance-publications,Travel Medical Insurance,link_text,https://www.td.com/ca/en/personal-banking/products/insurance/travel-medical-insurance
https://www.td.com/ca/en/about-td/for-investors/environmental-social-governance-publications,All Products,link_text,https://www.td.com/ca/en/personal-banking
https://www.td.com/ca/en/about-td/for-investors/environmental-social-governance-publications,Students,link_text,https://www.td.com/ca/en/personal-banking/solutions/student-banking
https://www.td.com/ca/en/about-td/for-investors/environmental-social-governance-publications,New To Canada,link_text,https://www.td.com/ca/en/personal-banking/solutions/new-to-canada
https://www.td.com/ca/en/about-td/for-investors/environmental-social-governance-publications,Banking Advice for Seniors (60+),link_text,https://www.td.com/ca/en/personal-banking/solutions/seniors-banking
https://www.td.com/ca/en/about-td/for-investors/environmental-social-governance-publications,Cross Border Banking,link_text,https://www.td.com/ca/en/personal-banking/solutions/cross-border-banking
https://www.td.com/ca/en/about-td/for-investors/environmental-social-governance-publications,Foreign Exchange Services,link_text,https://www.td.com/ca/en/personal-banking/solutions/exchange/currency-converter
https://www.td.com/ca/en/about-td/for-investors/environmental-social-governance-publications,Ways to Pay,link_text,https://www.td.com/ca/en/personal-banking/ways-to-bank/ways-to-pay/visa-debit-card
https://www.td.com/ca/en/about-td/for-investors/environmental-social-governance-publications,Ways to Bank,link_text,https://www.td.com/ca/en/personal-banking/solutions/ways-to-bank/td-mobile-app
https://www.td.com/ca/en/about-td/for-investors/environmental-social-governance-publications,Green Banking,link_text,https://www.td.com/ca/en/personal-banking/solutions/green-banking
https://www.td.com/ca/en/about-td/for-investors/environmental-social-governance-publications,TD Advice,link_text,https://www.td.com/ca/en/personal-banking/advice
https://www.td.com/ca/en/about-td/for-investors/environmental-social-governance-publications,Small Business Home,link_text,https://www.td.com/ca/en/business-banking/small-business
https://www.td.com/ca/en/about-td/for-investors/environmental-social-governance-publications,Accounts (Business),link_text,https://www.td.com/ca/en/business-banking/small-business/bank-accounts
https://www.td.com/ca/en/about-td/for-investors/environmental-social-governance-publications,Chequing Account,link_text,https://www.td.com/ca/en/business-banking/small-business/bank-accounts
https://www.td.com/ca/en/about-td/for-investors/environmental-social-governance-publications,Savings Account,link_text,https://www.td.com/ca/en/business-banking/small-business/bank-accounts/business-savings-account
https://www.td.com/ca/en/about-td/for-investors/environmental-social-governance-publications,U.S. Dollar Account,link_text,https://www.td.com/ca/en/business-banking/small-business/bank-accounts/usd-business-basic-account
https://www.td.com/ca/en/about-td/for-investors/environmental-social-governance-publications,AgriInvest Account,link_text,https://www.td.com/ca/en/business-banking/small-business/bank-accounts/agriinvest-account
https://www.td.com/ca/en/about-td/for-investors/environmental-social-governance-publications,Cheque Services,link_text,https://www.td.com/ca/en/business-banking/solutions/small-business/cheque-services
https://www.td.com/ca/en/about-td/for-investors/environmental-social-governance-publications,Credit,link_text,https://www.td.com/ca/en/business-banking/small-business/credit/borrowing
https://www.td.com/ca/en/about-td/for-investors/environmental-social-governance-publications,Overdraft Protection,link_text,https://www.td.com/ca/en/business-banking/small-business/credit/borrowing/business-overdraft-protection
https://www.td.com/ca/en/about-td/for-investors/environmental-social-governance-publications,Line of Credit,link_text,https://www.td.com/ca/en/business-banking/small-business/credit/line-of-credit
https://www.td.com/ca/en/about-td/for-investors/environmental-social-governance-publications,Business Credit Cards,link_text,https://www.td.com/ca/en/business-banking/small-business/credit-cards
https://www.td.com/ca/en/about-td/for-investors/environmental-social-governance-publications,business loan,url,https://www.td.com/ca/en/business-banking/small-business/credit/business-loan
https://www.td.com/ca/en/about-td/for-investors/environmental-social-governance-publications,Business Mortgage,link_text,https://www.td.com/ca/en/business-banking/small-business/credit/business-mortgage
https://www.td.com/ca/en/about-td/for-investors/environmental-social-governance-publications,Canada Small Business Financial Loan,link_text,https://www.td.com/ca/en/business-banking/small-business/credit/canada-small-business-financing-loan
https://www.td.com/ca/en/about-td/for-investors/environmental-social-governance-publications,Agriculture Credit Solutions,link_text,https://www.td.com/ca/en/business-banking/small-business/credit/agricultural-solutions
https://www.td.com/ca/en/about-td/for-investors/environmental-social-governance-publications,TD Auto Finance Small Business Vehicle Lending,link_text,https://www.td.com/ca/en/business-banking/small-business/credit/auto-finance-small-business-vehicle-lending
https://www.td.com/ca/en/about-td/for-investors/environmental-social-governance-publications,Invest for your Business,link_text,https://www.td.com/ca/en/business-banking/small-business/investment
https://www.td.com/ca/en/about-td/for-investors/environmental-social-governance-publications,Advice for your Profession or Industry,link_text,https://www.td.com/ca/en/business-banking/solutions/small-business/small-business-banking-advice/industry-expertise
https://www.td.com/ca/en/about-td/for-investors/environmental-social-governance-publications,TD Merchant Solutions,link_text,https://www.td.com/ca/en/business-banking/small-business/payment-options/processing-solutions
https://www.td.com/ca/en/about-td/for-investors/environmental-social-governance-publications,Foreign Currency Services,link_text,https://www.td.com/ca/en/business-banking/solutions/small-business/currency-exchange
https://www.td.com/ca/en/about-td/for-investors/environmental-social-governance-publications,Employer Services,link_text,https://www.td.com/ca/en/business-banking/how-to/small-business/tools-and-resources
https://www.td.com/ca/en/about-td/for-investors/environmental-social-governance-publications,Investing Home,link_text,https://www.td.com/ca/en/investing
https://www.td.com/ca/en/about-td/for-investors/environmental-social-governance-publications,Direct Investing,link_text,https://www.td.com/ca/en/investing/direct-investing
https://www.td.com/ca/en/about-td/for-investors/environmental-social-governance-publications,Accounts,link_text,https://www.td.com/ca/en/investing/direct-investing/accounts
https://www.td.com/ca/en/about-td/for-investors/environmental-social-governance-publications,Commissions and Fees,link_text,https://www.td.com/ca/en/investing/direct-investing/pricing
https://www.td.com/ca/en/about-td/for-investors/environmental-social-governance-publications,Trading Platforms,link_text,https://www.td.com/ca/en/investing/direct-investing/trading
https://www.td.com/ca/en/about-td/for-investors/environmental-social-governance-publications,Investment Types,link_text,https://www.td.com/ca/en/investing/direct-investing/investment-types
https://www.td.com/ca/en/about-td/for-investors/environmental-social-governance-publications,Investor Education,link_text,https://www.td.com/ca/en/investing/direct-investing/education
https://www.td.com/ca/en/about-td/for-investors/environmental-social-governance-publications,TD Wealth,link_text,https://www.td.com/ca/en/investing/wealth
https://www.td.com/ca/en/about-td/for-investors/environmental-social-governance-publications,Financial Planning,link_text,https://www.td.com/ca/en/investing/wealth/financial-planning
https://www.td.com/ca/en/about-td/for-investors/environmental-social-governance-publications,Private Wealth Management,link_text,https://www.td.com/ca/en/investing/wealth/private-wealth-management
https://www.td.com/ca/en/about-td/for-investors/environmental-social-governance-publications,Markets and Research,link_text,https://www.td.com/ca/en/investing/markets-research
https://www.td.com/ca/en/about-td/for-investors/environmental-social-governance-publications,About TD,link_text,https://www.td.com/ca/en/about-td
https://www.td.com/ca/en/about-td/for-investors/environmental-social-governance-publications,Unknown Title,unknown,https://www.td.com/ca/en/about-td/for-investors/investor-relations
https://www.td.com/ca/en/about-td/for-investors/environmental-social-governance-publications,Economics,link_text,https://economics.td.com/Canada
https://www.td.com/ca/en/about-td/for-investors/environmental-social-governance-publications,environmental social governance reporting,url,https://www.td.com/ca/en/about-td/for-investors/environmental-social-governance-reporting
https://www.td.com/ca/en/about-td/for-investors/environmental-social-governance-publications,Diversity,link_text,https://www.td.com/ca/en/about-td/diversity-and-inclusion
https://www.td.com/ca/en/about-td/for-investors/environmental-social-governance-publications,Supplier Information,link_text,https://www.td.com/ca/en/about-td/supplier-information
https://www.td.com/ca/en/about-td/for-investors/environmental-social-governance-publications,TD Newsroom,link_text,https://stories.td.com/ca/en/
https://www.td.com/ca/en/about-td/for-investors/environmental-social-governance-publications,Careers,link_text,https://careers.td.com/
https://www.td.com/ca/en/about-td/for-investors/environmental-social-governance-publications,TD Commercial Banking,link_text,https://www.td.com/ca/en/commercial-banking
https://www.td.com/ca/en/about-td/for-investors/environmental-social-governance-publications,TD Asset Management,link_text,https://www.td.com/ca/en/asset-management
https://www.td.com/ca/en/about-td/for-investors/environmental-social-governance-publications,TD Securities,link_text,https://www.tdsecurities.com/ca/en
https://www.td.com/ca/en/about-td/for-investors/environmental-social-governance-publications,TD Auto Finance,link_text,https://www.td.com/ca/en/commercial-banking/business-expertise/automotive-dealer-financing-solutions
https://www.td.com/ca/en/about-td/for-investors/environmental-social-governance-publications,TD Bank Personal Banking,link_text,https://www.td.com/us/en/personal-banking
https://www.td.com/ca/en/about-td/for-investors/environmental-social-governance-publications,TD Bank Small Business Banking,link_text,https://www.td.com/us/en/small-business
https://www.td.com/ca/en/about-td/for-investors/environmental-social-governance-publications,TD Bank Commercial Banking,link_text,https://www.td.com/us/en/commercial-banking
https://www.td.com/ca/en/about-td/for-investors/environmental-social-governance-publications,TD Auto Finance,link_text,https://www.td.com/us/en/commercial-banking/industry/auto-finance
https://www.td.com/ca/en/about-td/for-investors/environmental-social-governance-publications,TD Wealth Private Client Group,link_text,https://www.td.com/us/en/investing/retirement-wealth-planning
https://www.td.com/ca/en/about-td/for-investors/environmental-social-governance-publications,TD Bank Personal Financial Services,link_text,https://www.td.com/us/en/investing
https://www.td.com/ca/en/about-td/for-investors/policies-and-references,"Environmental, Social and Governance (ESG)",html_context,https://www.td.com/ca/en/about-td/for-investors/policies-and-references#main
https://www.td.com/ca/en/about-td/for-investors/policies-and-references,Personal,link_text,https://www.td.com/ca/en/personal-banking
https://www.td.com/ca/en/about-td/for-investors/policies-and-references,Small Business,link_text,https://www.td.com/ca/en/business-banking/small-business
https://www.td.com/ca/en/about-td/for-investors/policies-and-references,Commercial,link_text,https://www.td.com/ca/en/commercial-banking
https://www.td.com/ca/en/about-td/for-investors/policies-and-references,Investing,link_text,https://www.td.com/ca/en/investing
https://www.td.com/ca/en/about-td/for-investors/policies-and-references,TD Asset Management,link_text,https://www.td.com/ca/en/asset-management
https://www.td.com/ca/en/about-td/for-investors/policies-and-references,About TD Selected,link_text,https://www.td.com/ca/en/about-td
https://www.td.com/ca/en/about-td/for-investors/policies-and-references,about td,url,https://www.td.com/ca/en/about-td
https://www.td.com/ca/en/about-td/for-investors/policies-and-references,United States,link_text,https://www.td.com/us/en/about-us
https://www.td.com/ca/en/about-td/for-investors/policies-and-references,English Selected,link_text,https://www.td.com/ca/en/about-td/for-investors/policies-and-references
https://www.td.com/ca/en/about-td/for-investors/policies-and-references,politiques et documents de reference enjeux environnementaux sociaux gouvernance,url,https://www.td.com/ca/fr/a-propos-de-la-td/aux-investisseurs/politiques-et-documents-de-reference-enjeux-environnementaux-sociaux-gouvernance
https://www.td.com/ca/en/about-td/for-investors/policies-and-references,Who We Are,link_text,https://www.td.com/ca/en/about-td/who-we-are
https://www.td.com/ca/en/about-td/for-investors/policies-and-references,"Environmental, Social and Governance (ESG)",html_context,https://www.td.com/ca/en/about-td/for-investors/policies-and-references
https://www.td.com/ca/en/about-td/for-investors/policies-and-references,environmental social governance reporting,url,https://www.td.com/ca/en/about-td/for-investors/environmental-social-governance-reporting
https://www.td.com/ca/en/about-td/for-investors/policies-and-references,TD Ready Commitment,link_text,https://www.td.com/ca/en/about-td/community-giving/how-td-supports-communities
https://www.td.com/ca/en/about-td/for-investors/policies-and-references,TD Sponsorships,link_text,https://www.td.com/ca/en/about-td/sponsorship/td-music
https://www.td.com/ca/en/about-td/for-investors/policies-and-references,See all Diversity and Inclusion,link_text,https://www.td.com/ca/en/about-td/diversity-and-inclusion
https://www.td.com/ca/en/about-td/for-investors/policies-and-references,Indigenous communities,link_text,https://www.td.com/ca/en/about-td/diversity-and-inclusion/indigenous-peoples
https://www.td.com/ca/en/about-td/for-investors/policies-and-references,2SLGTBQ+,link_text,https://www.td.com/ca/en/about-td/diversity-and-inclusion/2slgbtq-community-commitment
https://www.td.com/ca/en/about-td/for-investors/policies-and-references,People with disabilities,link_text,https://www.td.com/ca/en/about-td/diversity-and-inclusion/people-with-disabilities-community-commitment
https://www.td.com/ca/en/about-td/for-investors/policies-and-references,Black experience,link_text,https://www.td.com/ca/en/about-td/diversity-and-inclusion/black-communities-in-canada
https://www.td.com/ca/en/about-td/for-investors/policies-and-references,Celebrating women,link_text,https://www.td.com/ca/en/about-td/diversity-and-inclusion/women-community-commitment
https://www.td.com/ca/en/about-td/for-investors/policies-and-references,Who we are,link_text,https://www.td.com/ca/en/about-td/who-we-are
https://www.td.com/ca/en/about-td/for-investors/policies-and-references,Our people,link_text,https://www.td.com/ca/en/about-td/who-we-are/our-people
https://www.td.com/ca/en/about-td/for-investors/policies-and-references,Corporate profile,link_text,https://www.td.com/ca/en/about-td/corporate-profile
https://www.td.com/ca/en/about-td/for-investors/policies-and-references,Corporate citizenship,link_text,https://www.td.com/ca/en/about-td/community-giving/how-td-supports-communities
https://www.td.com/ca/en/about-td/for-investors/policies-and-references,"Environmental, Social and Governance (ESG)",link_text,https://www.td.com/ca/en/about-td/for-investors/environmental-social-governance-reporting
https://www.td.com/ca/en/about-td/for-investors/policies-and-references,Unknown Title,unknown,https://www.td.com/ca/en/about-td/for-investors/investor-relations
https://www.td.com/ca/en/about-td/for-investors/policies-and-references,Awards,link_text,https://www.td.com/ca/en/about-td/for-investors/awards
https://www.td.com/ca/en/about-td/for-investors/policies-and-references,News and Economics,link_text,https://www.td.com/ca/en/about-td/news-and-economics
https://www.td.com/ca/en/about-td/for-investors/policies-and-references,For Investors,link_text,https://www.td.com/ca/en/about-td/for-investors
https://www.td.com/ca/en/about-td/for-investors/policies-and-references,Customer Care,link_text,https://www.td.com/ca/en/about-td/customer-care
https://www.td.com/ca/en/about-td/for-investors/policies-and-references,about td,url,https://www.td.com/ca/en/about-td
https://www.td.com/ca/en/about-td/for-investors/policies-and-references,Personal,link_text,https://www.td.com/ca/en/personal-banking
https://www.td.com/ca/en/about-td/for-investors/policies-and-references,Small Business,link_text,https://www.td.com/ca/en/business-banking/small-business
https://www.td.com/ca/en/about-td/for-investors/policies-and-references,Commercial,link_text,https://www.td.com/ca/en/commercial-banking
https://www.td.com/ca/en/about-td/for-investors/policies-and-references,Investing,link_text,https://www.td.com/ca/en/investing
https://www.td.com/ca/en/about-td/for-investors/policies-and-references,TD Asset Management,link_text,https://www.td.com/ca/en/asset-management
https://www.td.com/ca/en/about-td/for-investors/policies-and-references,About TD Selected,link_text,https://www.td.com/ca/en/about-td
https://www.td.com/ca/en/about-td/for-investors/policies-and-references,Who We Are,link_text,https://www.td.com/ca/en/about-td/who-we-are
https://www.td.com/ca/en/about-td/for-investors/policies-and-references,"Environmental, Social and Governance (ESG)",html_context,https://www.td.com/ca/en/about-td/for-investors/policies-and-references
https://www.td.com/ca/en/about-td/for-investors/policies-and-references,environmental social governance reporting,url,https://www.td.com/ca/en/about-td/for-investors/environmental-social-governance-reporting
https://www.td.com/ca/en/about-td/for-investors/policies-and-references,TD Ready Commitment,link_text,https://www.td.com/ca/en/about-td/community-giving/how-td-supports-communities
https://www.td.com/ca/en/about-td/for-investors/policies-and-references,TD Sponsorships,link_text,https://www.td.com/ca/en/about-td/sponsorship/td-music
https://www.td.com/ca/en/about-td/for-investors/policies-and-references,See all Diversity and Inclusion,link_text,https://www.td.com/ca/en/about-td/diversity-and-inclusion
https://www.td.com/ca/en/about-td/for-investors/policies-and-references,Indigenous communities,link_text,https://www.td.com/ca/en/about-td/diversity-and-inclusion/indigenous-peoples
https://www.td.com/ca/en/about-td/for-investors/policies-and-references,2SLGTBQ+,link_text,https://www.td.com/ca/en/about-td/diversity-and-inclusion/2slgbtq-community-commitment
https://www.td.com/ca/en/about-td/for-investors/policies-and-references,People with disabilities,link_text,https://www.td.com/ca/en/about-td/diversity-and-inclusion/people-with-disabilities-community-commitment
https://www.td.com/ca/en/about-td/for-investors/policies-and-references,Black experience,link_text,https://www.td.com/ca/en/about-td/diversity-and-inclusion/black-communities-in-canada
https://www.td.com/ca/en/about-td/for-investors/policies-and-references,Celebrating women,link_text,https://www.td.com/ca/en/about-td/diversity-and-inclusion/women-community-commitment
https://www.td.com/ca/en/about-td/for-investors/policies-and-references,Who we are,link_text,https://www.td.com/ca/en/about-td/who-we-are
https://www.td.com/ca/en/about-td/for-investors/policies-and-references,Our people,link_text,https://www.td.com/ca/en/about-td/who-we-are/our-people
https://www.td.com/ca/en/about-td/for-investors/policies-and-references,Corporate profile,link_text,https://www.td.com/ca/en/about-td/corporate-profile
https://www.td.com/ca/en/about-td/for-investors/policies-and-references,Corporate citizenship,link_text,https://www.td.com/ca/en/about-td/community-giving/how-td-supports-communities
https://www.td.com/ca/en/about-td/for-investors/policies-and-references,"Environmental, Social and Governance (ESG)",link_text,https://www.td.com/ca/en/about-td/for-investors/environmental-social-governance-reporting
https://www.td.com/ca/en/about-td/for-investors/policies-and-references,Unknown Title,unknown,https://www.td.com/ca/en/about-td/for-investors/investor-relations
https://www.td.com/ca/en/about-td/for-investors/policies-and-references,Awards,link_text,https://www.td.com/ca/en/about-td/for-investors/awards
https://www.td.com/ca/en/about-td/for-investors/policies-and-references,News and Economics,link_text,https://www.td.com/ca/en/about-td/news-and-economics
https://www.td.com/ca/en/about-td/for-investors/policies-and-references,For Investors,link_text,https://www.td.com/ca/en/about-td/for-investors
https://www.td.com/ca/en/about-td/for-investors/policies-and-references,Customer Care,link_text,https://www.td.com/ca/en/about-td/customer-care
https://www.td.com/ca/en/about-td/for-investors/policies-and-references,United States,link_text,https://www.td.com/us/en/about-us
https://www.td.com/ca/en/about-td/for-investors/policies-and-references,English Selected,link_text,https://www.td.com/ca/en/about-td/for-investors/policies-and-references
https://www.td.com/ca/en/about-td/for-investors/policies-and-references,politiques et documents de reference enjeux environnementaux sociaux gouvernance,url,https://www.td.com/ca/fr/a-propos-de-la-td/aux-investisseurs/politiques-et-documents-de-reference-enjeux-environnementaux-sociaux-gouvernance
https://www.td.com/ca/en/about-td/for-investors/policies-and-references,2025 Assurance Report for Sustainability Metrics (pdf),link_text,https://www.td.com/content/dam/tdcom/canada/about-td/pdf/esg/2025-assurance-report-for-sustainability-metrics-en.pdf
https://www.td.com/ca/en/about-td/for-investors/policies-and-references,2025 Principles for Sustainable Insurance – Annual Disclosure (pdf),link_text,https://www.td.com/content/dam/tdcom/canada/about-td/pdf/esg/2025-principles-for-sustainable-insurance-annual-disclosure-en.pdf
https://www.td.com/ca/en/about-td/for-investors/policies-and-references,2025 Sustainability Performance Data Pack & Indices (excel),link_text,https://www.td.com/content/dam/tdcom/canada/about-td/pdf/esg/2025-td-sustainability-performance-data-pack-and-indices-en.xlsx
https://www.td.com/ca/en/about-td/for-investors/policies-and-references,2025 TD Modern Slavery and Human Trafficking Report (pdf),link_text,https://www.td.com/content/dam/tdcom/canada/about-td/pdf/esg/2025-td-modern-slavery-and-human-trafficking-report-en.pdf
https://www.td.com/ca/en/about-td/for-investors/policies-and-references,2025 TD Sustainable Financing Report (pdf),link_text,https://www.td.com/content/dam/tdcom/canada/about-td/pdf/esg/2025-td-sustainable-financing-report-en.pdf
https://www.td.com/ca/en/about-td/for-investors/policies-and-references,2025 Assurance Report as Referenced in TD Sustainable Financing Report (pdf),link_text,https://www.td.com/content/dam/tdcom/canada/about-td/pdf/esg/2025-assurance-report-as-referenced-in-td-sustainable-financing-report-en.pdf
https://www.td.com/ca/en/about-td/for-investors/policies-and-references,BC Pay Transparency Report (pdf),link_text,https://www.td.com/content/dam/tdcom/canada/about-td/pdf/esg/2025-bc-pay-transparency-report-en.pdf
https://www.td.com/ca/en/about-td/for-investors/policies-and-references,Code of Conduct and Ethics,link_text,https://www.td.com/ca/en/about-td/corporate-profile/other-governance-policies
https://www.td.com/ca/en/about-td/for-investors/policies-and-references,FY2025 Sustainability Update (pdf),link_text,https://www.td.com/content/dam/tdcom/canada/about-td/pdf/esg/fy2025-sustainability-update-en.pdf
https://www.td.com/ca/en/about-td/for-investors/policies-and-references,LBG Verification Statement (pdf),link_text,https://www.td.com/content/dam/tdcom/canada/about-td/pdf/esg/2025-lbg-verification-statement-en.pdf
https://www.td.com/ca/en/about-td/for-investors/policies-and-references,Public Policy and Political Contributions (pdf),link_text,https://www.td.com/content/dam/tdcom/canada/about-td/pdf/esg/2025-public-policy-and-political-contributions-en.pdf
https://www.td.com/ca/en/about-td/for-investors/policies-and-references,"Role of HRC, Approach to Executive Compensation, and TD Culture Standard (pdf)",link_text,https://www.td.com/content/dam/tdcom/canada/about-td/pdf/esg/role-of-hrc-approach-to-executive-compensation-and-td-culture-standard-en.pdf
https://www.td.com/ca/en/about-td/for-investors/policies-and-references,Summary of Benefit Programs (pdf),link_text,https://www.td.com/content/dam/tdcom/canada/about-td/pdf/esg/2025-summary-of-benefit-programs-en.pdf
https://www.td.com/ca/en/about-td/for-investors/policies-and-references,Summary of North American Health and Safety Policy (pdf),link_text,https://www.td.com/content/dam/tdcom/canada/about-td/pdf/esg/2025-summary-of-north-american-health-and-safety-policy-en.pdf
https://www.td.com/ca/en/about-td/for-investors/policies-and-references,Summary of Respectful Workplace Policy (pdf),link_text,https://www.td.com/content/dam/tdcom/canada/about-td/pdf/esg/2025-summary-of-respectful-workplace-policy-en.pdf
https://www.td.com/ca/en/about-td/for-investors/policies-and-references,Sustainability Reporting Details (pdf),link_text,https://www.td.com/content/dam/tdcom/canada/about-td/pdf/esg/2025-sustainability-reporting-details-en.pdf
https://www.td.com/ca/en/about-td/for-investors/policies-and-references,TD Accessibility Plan (pdf),link_text,https://www.td.com/content/dam/wealth/document/pdf/wealth/TD_Accessibility_Plan-Web.pdf
https://www.td.com/ca/en/about-td/for-investors/policies-and-references,TD Bank Group Statement on Anti-Corruption (pdf),link_text,https://www.td.com/content/dam/tdcom/canada/about-td/pdf/esg/2025-td-bank-group-statement-on-anti-corruption-en.pdf
https://www.td.com/ca/en/about-td/for-investors/policies-and-references,"TD Bank Group Statement on Anti-Money Laundering, Anti-Terrorist Financing and Sanctions (pdf)",link_text,https://www.td.com/content/dam/tdcom/canada/about-td/pdf/esg/2025-td-bank-group-statement-on-aml-atf-and-sanctions-en.pdf
https://www.td.com/ca/en/about-td/for-investors/policies-and-references,TD's Approach to Fair Pay (pdf),link_text,https://www.td.com/content/dam/tdcom/canada/about-td/pdf/esg/2025-td-approach-to-fair-pay-en.pdf
https://www.td.com/ca/en/about-td/for-investors/policies-and-references,TD's Approach to Job Transitions (pdf),link_text,https://www.td.com/content/dam/tdcom/canada/about-td/pdf/esg/2025-td-approach-to-job-transitions-en.pdf
https://www.td.com/ca/en/about-td/for-investors/policies-and-references,TD's Approach to Mental Health in the Workplace (pdf),link_text,https://www.td.com/content/dam/tdcom/canada/about-td/pdf/esg/2025-td-approach-to-mental-health-in-the-workplace-en.pdf
https://www.td.com/ca/en/about-td/for-investors/policies-and-references,TD Sustainable & Decarbonization Finance Target Methodology (pdf),link_text,https://www.td.com/content/dam/tdcom/canada/about-td/pdf/esg/2024-sustainable-decarbonization-finance-target-methodology-en.pdf
https://www.td.com/ca/en/about-td/for-investors/policies-and-references,TD Sustainable Financing Framework (2024) (pdf),link_text,https://www.td.com/content/dam/tdcom/canada/about-td/pdf/esg/2024-td-sustainable-financing-framework-en.pdf
https://www.td.com/ca/en/about-td/for-investors/policies-and-references,Second Party Opinion - TD Sustainable Financing Framework (2024) (pdf),link_text,https://www.td.com/content/dam/tdcom/canada/about-td/pdf/esg/2024-second-party-opinion-td-sff-en.pdf
https://www.td.com/ca/en/about-td/for-investors/policies-and-references,"This page contains archived information. For access to current documents and information, click",html_context,https://www.td.com/ca/en/about-td/for-investors/policies-and-references
https://www.td.com/ca/en/about-td/for-investors/policies-and-references,policies and references,url,https://www.td.com/ca/en/about-td/for-investors/policies-and-references/
https://www.td.com/ca/en/about-td/for-investors/policies-and-references,policies and references 2024,url,https://www.td.com/ca/en/about-td/for-investors/policies-and-references/policies-and-references-2024
https://www.td.com/ca/en/about-td/for-investors/policies-and-references,policies and references 2023,url,https://www.td.com/ca/en/about-td/for-investors/policies-and-references/policies-and-references-2023
https://www.td.com/ca/en/about-td/for-investors/policies-and-references,policies and references 2022,url,https://www.td.com/ca/en/about-td/for-investors/policies-and-references/policies-and-references-2022
https://www.td.com/ca/en/about-td/for-investors/policies-and-references,policies and references 2021,url,https://www.td.com/ca/en/about-td/for-investors/policies-and-references/policies-and-references-2021
https://www.td.com/ca/en/about-td/for-investors/policies-and-references,policies and references 2020,url,https://www.td.com/ca/en/about-td/for-investors/policies-and-references/policies-and-references-2020
https://www.td.com/ca/en/about-td/for-investors/policies-and-references,policies and references 2019,url,https://www.td.com/ca/en/about-td/for-investors/policies-and-references/policies-and-references-2019
https://www.td.com/ca/en/about-td/for-investors/policies-and-references,policies and references 2018,url,https://www.td.com/ca/en/about-td/for-investors/policies-and-references/policies-and-references-2018
https://www.td.com/ca/en/about-td/for-investors/policies-and-references,policies and references 2017,url,https://www.td.com/ca/en/about-td/for-investors/policies-and-references/policies-and-references-2017
https://www.td.com/ca/en/about-td/for-investors/policies-and-references,policies and references 2016,url,https://www.td.com/ca/en/about-td/for-investors/policies-and-references/policies-and-references-2016
https://www.td.com/ca/en/about-td/for-investors/policies-and-references,Sustainability Reports See how our ESG disclosures have evolved and learn more about our commitments.,html_context,https://www.td.com/ca/en/about-td/for-investors/environmental-social-governance-reporting
https://www.td.com/ca/en/about-td/for-investors/policies-and-references,Investor Relations Find reporting and disclosures on TD's strategy and financial performance.,html_context,https://www.td.com/ca/en/about-td/for-investors/investor-relations
https://www.td.com/ca/en/about-td/for-investors/policies-and-references,Sustainability Publications,link_text,https://www.td.com/ca/en/about-td/for-investors/environmental-social-governance-publications
https://www.td.com/ca/en/about-td/for-investors/policies-and-references,Back to top,link_text,https://www.td.com/ca/en/about-td/for-investors/policies-and-references#main
https://www.td.com/ca/en/about-td/for-investors/policies-and-references,Find Us,link_text,https://www.td.com/ca/en/personal-banking/branch-locator
https://www.td.com/ca/en/about-td/for-investors/policies-and-references,help centre,url,https://www.td.com/ca/en/personal-banking/help-centre
https://www.td.com/ca/en/about-td/for-investors/policies-and-references,Back to top,link_text,https://www.td.com/ca/en/about-td/for-investors/policies-and-references#main
https://www.td.com/ca/en/about-td/for-investors/policies-and-references,Call us,link_text,https://www.td.com/ca/en/personal-banking/contact-us
https://www.td.com/ca/en/about-td/for-investors/policies-and-references,Book an appointment,link_text,https://www.td.com/ca/en/personal-banking/book-appointment#/appointment-type
https://www.td.com/ca/en/about-td/for-investors/policies-and-references,Give feedback,link_text,https://www.td.com/ca/en/personal-banking/contact-us/feedback-form
https://www.td.com/ca/en/about-td/for-investors/policies-and-references,News and economics,link_text,https://www.td.com/ca/en/about-td/news-and-economics
https://www.td.com/ca/en/about-td/for-investors/policies-and-references,For investors,link_text,https://www.td.com/ca/en/about-td/for-investors
https://www.td.com/ca/en/about-td/for-investors/policies-and-references,Customer care,link_text,https://www.td.com/ca/en/about-td/customer-care
https://www.td.com/ca/en/about-td/for-investors/policies-and-references,Careers,link_text,https://careers.td.com/
https://www.td.com/ca/en/about-td/for-investors/policies-and-references,environmental social governance reporting,url,https://www.td.com/ca/en/about-td/for-investors/environmental-social-governance-reporting
https://www.td.com/ca/en/about-td/for-investors/policies-and-references,TD Ready Commitment,link_text,https://www.td.com/ca/en/about-td/ready-commitment
https://www.td.com/ca/en/about-td/for-investors/policies-and-references,TD Sponsorships,link_text,https://www.td.com/ca/en/about-td/sponsorship/td-music
https://www.td.com/ca/en/about-td/for-investors/policies-and-references,Indigenous communities,link_text,https://www.td.com/ca/en/about-td/diversity-and-inclusion/indigenous-peoples
https://www.td.com/ca/en/about-td/for-investors/policies-and-references,2SLGTBQ+,link_text,https://www.td.com/ca/en/about-td/diversity-and-inclusion/2slgbtq-community-commitment
https://www.td.com/ca/en/about-td/for-investors/policies-and-references,People with disabilities,link_text,https://www.td.com/ca/en/about-td/diversity-and-inclusion/people-with-disabilities-community-commitment
https://www.td.com/ca/en/about-td/for-investors/policies-and-references,Black experience,link_text,https://www.td.com/ca/en/about-td/diversity-and-inclusion/black-communities-in-canada
https://www.td.com/ca/en/about-td/for-investors/policies-and-references,Celebrating women,link_text,https://www.td.com/ca/en/about-td/diversity-and-inclusion/women-community-commitment
https://www.td.com/ca/en/about-td/for-investors/policies-and-references,Who we are,link_text,https://www.td.com/ca/en/about-td/who-we-are
https://www.td.com/ca/en/about-td/for-investors/policies-and-references,Our people,link_text,https://www.td.com/ca/en/about-td/who-we-are/our-people
https://www.td.com/ca/en/about-td/for-investors/policies-and-references,Corporate profile,link_text,https://www.td.com/ca/en/about-td/corporate-profile
https://www.td.com/ca/en/about-td/for-investors/policies-and-references,Corporate citizenship,link_text,https://www.td.com/ca/en/about-td/ready-commitment
https://www.td.com/ca/en/about-td/for-investors/policies-and-references,"Environmental, Social and Governance (ESG)",link_text,https://www.td.com/ca/en/about-td/for-investors/environmental-social-governance-reporting
https://www.td.com/ca/en/about-td/for-investors/policies-and-references,Unknown Title,unknown,https://www.td.com/ca/en/about-td/for-investors/investor-relations
https://www.td.com/ca/en/about-td/for-investors/policies-and-references,Awards,link_text,https://www.td.com/ca/en/about-td/for-investors/awards
https://www.td.com/ca/en/about-td/for-investors/policies-and-references,Privacy and Security,link_text,https://www.td.com/ca/en/about-td/privacy-and-security
https://www.td.com/ca/en/about-td/for-investors/policies-and-references,legal notices and disclaimers,url,https://www.td.com/ca/en/about-td/customer-care/legal-notices-and-disclaimers
https://www.td.com/ca/en/about-td/for-investors/policies-and-references,Accessibility,link_text,https://www.td.com/ca/en/about-td/accessibility
https://www.td.com/ca/en/about-td/for-investors/policies-and-references,CDIC Member,link_text,https://www.td.com/ca/en/personal-banking/products/bank-accounts/cdic
https://www.td.com/ca/en/about-td/for-investors/policies-and-references,Careers,link_text,https://careers.td.com/
https://www.td.com/ca/en/about-td/for-investors/policies-and-references,Site Index,link_text,https://www.td.com/ca/en/about-td/for-investors/policies-and-references#cmp-modal~sitemap-dialog
https://www.td.com/ca/en/about-td/for-investors/policies-and-references,Twitter,aria_label,https://twitter.com/td_canada
https://www.td.com/ca/en/about-td/for-investors/policies-and-references,Facebook,aria_label,https://www.facebook.com/TDCanada/
https://www.td.com/ca/en/about-td/for-investors/policies-and-references,Instagram,aria_label,https://www.instagram.com/TD_Canada/
https://www.td.com/ca/en/about-td/for-investors/policies-and-references,Youtube,aria_label,https://www.youtube.com/user/TDCanada/TDCanadaTrust
https://www.td.com/ca/en/about-td/for-investors/policies-and-references,Linkedin,aria_label,https://www.linkedin.com/company/td/
https://www.td.com/ca/en/about-td/for-investors/policies-and-references,Personal Home,link_text,https://www.td.com/ca/en/personal-banking
https://www.td.com/ca/en/about-td/for-investors/policies-and-references,My Accounts,link_text,https://www.td.com/ca/en/personal-banking/my-accounts
https://www.td.com/ca/en/about-td/for-investors/policies-and-references,How To,link_text,https://www.td.com/ca/en/personal-banking/how-to/digital-banking
https://www.td.com/ca/en/about-td/for-investors/policies-and-references,Today's Rates,link_text,https://www.td.com/ca/en/personal-banking/products/todays-rates-and-prime
https://www.td.com/ca/en/about-td/for-investors/policies-and-references,Accounts (Personal),link_text,https://www.td.com/ca/en/personal-banking/products/bank-accounts
https://www.td.com/ca/en/about-td/for-investors/policies-and-references,Chequing Accounts,link_text,https://www.td.com/ca/en/personal-banking/products/bank-accounts/chequing-accounts
https://www.td.com/ca/en/about-td/for-investors/policies-and-references,Savings Accounts,link_text,https://www.td.com/ca/en/personal-banking/products/bank-accounts/savings-accounts
https://www.td.com/ca/en/about-td/for-investors/policies-and-references,Student Account,link_text,https://www.td.com/ca/en/personal-banking/products/bank-accounts/chequing-accounts/student-chequing-account
https://www.td.com/ca/en/about-td/for-investors/policies-and-references,Credit Cards,link_text,https://www.td.com/ca/en/personal-banking/products/credit-cards
https://www.td.com/ca/en/about-td/for-investors/policies-and-references,Aeroplan points,link_text,https://www.td.com/ca/en/personal-banking/products/credit-cards/aeroplan
https://www.td.com/ca/en/about-td/for-investors/policies-and-references,Travel Rewards,link_text,https://www.td.com/ca/en/personal-banking/products/credit-cards/travel-rewards
https://www.td.com/ca/en/about-td/for-investors/policies-and-references,Cash Back,link_text,https://www.td.com/ca/en/personal-banking/products/credit-cards/cash-back
https://www.td.com/ca/en/about-td/for-investors/policies-and-references,No Annual Fee,link_text,https://www.td.com/ca/en/personal-banking/products/credit-cards/no-annual-fee
https://www.td.com/ca/en/about-td/for-investors/policies-and-references,Low Rate,link_text,https://www.td.com/ca/en/personal-banking/products/credit-cards/low-rate
https://www.td.com/ca/en/about-td/for-investors/policies-and-references,U.S. Dollar,link_text,https://www.td.com/ca/en/personal-banking/products/credit-cards/us-dollar/us-dollar-visa-card
https://www.td.com/ca/en/about-td/for-investors/policies-and-references,Mortgages,link_text,https://www.td.com/ca/en/personal-banking/products/mortgages
https://www.td.com/ca/en/about-td/for-investors/policies-and-references,Loans and lines of credit,link_text,https://www.td.com/ca/en/personal-banking/products/loans-and-lines-of-credit
https://www.td.com/ca/en/about-td/for-investors/policies-and-references,Personal Investing,link_text,https://www.td.com/ca/en/personal-banking/personal-investing
https://www.td.com/ca/en/about-td/for-investors/policies-and-references,GIC & Term Deposits,link_text,https://www.td.com/ca/en/personal-banking/personal-investing/products/gic
https://www.td.com/ca/en/about-td/for-investors/policies-and-references,Mutual Funds,link_text,https://www.td.com/ca/en/personal-banking/personal-investing/products/mutual-funds
https://www.td.com/ca/en/about-td/for-investors/policies-and-references,TFSA - Tax-Free Savings Account,link_text,https://www.td.com/ca/en/personal-banking/personal-investing/products/investment-plans/tfsa
https://www.td.com/ca/en/about-td/for-investors/policies-and-references,RSP - Retirement Savings Plan,link_text,https://www.td.com/ca/en/personal-banking/personal-investing/products/registered-plans/rrsp
https://www.td.com/ca/en/about-td/for-investors/policies-and-references,RIF - Retirement Income Options,link_text,https://www.td.com/ca/en/personal-banking/personal-investing/products/registered-plans/rif
https://www.td.com/ca/en/about-td/for-investors/policies-and-references,RESP - Education Savings Plan,link_text,https://www.td.com/ca/en/personal-banking/personal-investing/products/registered-plans/resp
https://www.td.com/ca/en/about-td/for-investors/policies-and-references,RDSP - Disability Savings Plan,link_text,https://www.td.com/ca/en/personal-banking/products/personal-investing/registered-plans/rdsp
https://www.td.com/ca/en/about-td/for-investors/policies-and-references,Precious Metals,link_text,https://www.td.com/ca/en/personal-banking/products/personal-investing/precious-metals-gold-silver-platinum
https://www.td.com/ca/en/about-td/for-investors/policies-and-references,Insurance,link_text,https://www.td.com/ca/en/personal-banking/products/insurance
https://www.td.com/ca/en/about-td/for-investors/policies-and-references,Travel Medical Insurance,link_text,https://www.td.com/ca/en/personal-banking/products/insurance/travel-medical-insurance
https://www.td.com/ca/en/about-td/for-investors/policies-and-references,All Products,link_text,https://www.td.com/ca/en/personal-banking
https://www.td.com/ca/en/about-td/for-investors/policies-and-references,Students,link_text,https://www.td.com/ca/en/personal-banking/solutions/student-banking
https://www.td.com/ca/en/about-td/for-investors/policies-and-references,New To Canada,link_text,https://www.td.com/ca/en/personal-banking/solutions/new-to-canada
https://www.td.com/ca/en/about-td/for-investors/policies-and-references,Banking Advice for Seniors (60+),link_text,https://www.td.com/ca/en/personal-banking/solutions/seniors-banking
https://www.td.com/ca/en/about-td/for-investors/policies-and-references,Cross Border Banking,link_text,https://www.td.com/ca/en/personal-banking/solutions/cross-border-banking
https://www.td.com/ca/en/about-td/for-investors/policies-and-references,Foreign Exchange Services,link_text,https://www.td.com/ca/en/personal-banking/solutions/exchange/currency-converter
https://www.td.com/ca/en/about-td/for-investors/policies-and-references,Ways to Pay,link_text,https://www.td.com/ca/en/personal-banking/ways-to-bank/ways-to-pay/visa-debit-card
https://www.td.com/ca/en/about-td/for-investors/policies-and-references,Ways to Bank,link_text,https://www.td.com/ca/en/personal-banking/solutions/ways-to-bank/td-mobile-app
https://www.td.com/ca/en/about-td/for-investors/policies-and-references,Green Banking,link_text,https://www.td.com/ca/en/personal-banking/solutions/green-banking
https://www.td.com/ca/en/about-td/for-investors/policies-and-references,TD Advice,link_text,https://www.td.com/ca/en/personal-banking/advice
https://www.td.com/ca/en/about-td/for-investors/policies-and-references,Small Business Home,link_text,https://www.td.com/ca/en/business-banking/small-business
https://www.td.com/ca/en/about-td/for-investors/policies-and-references,Accounts (Business),link_text,https://www.td.com/ca/en/business-banking/small-business/bank-accounts
https://www.td.com/ca/en/about-td/for-investors/policies-and-references,Chequing Account,link_text,https://www.td.com/ca/en/business-banking/small-business/bank-accounts
https://www.td.com/ca/en/about-td/for-investors/policies-and-references,Savings Account,link_text,https://www.td.com/ca/en/business-banking/small-business/bank-accounts/business-savings-account
https://www.td.com/ca/en/about-td/for-investors/policies-and-references,U.S. Dollar Account,link_text,https://www.td.com/ca/en/business-banking/small-business/bank-accounts/usd-business-basic-account
https://www.td.com/ca/en/about-td/for-investors/policies-and-references,AgriInvest Account,link_text,https://www.td.com/ca/en/business-banking/small-business/bank-accounts/agriinvest-account
https://www.td.com/ca/en/about-td/for-investors/policies-and-references,Cheque Services,link_text,https://www.td.com/ca/en/business-banking/solutions/small-business/cheque-services
https://www.td.com/ca/en/about-td/for-investors/policies-and-references,Credit,link_text,https://www.td.com/ca/en/business-banking/small-business/credit/borrowing
https://www.td.com/ca/en/about-td/for-investors/policies-and-references,Overdraft Protection,link_text,https://www.td.com/ca/en/business-banking/small-business/credit/borrowing/business-overdraft-protection
https://www.td.com/ca/en/about-td/for-investors/policies-and-references,Line of Credit,link_text,https://www.td.com/ca/en/business-banking/small-business/credit/line-of-credit
https://www.td.com/ca/en/about-td/for-investors/policies-and-references,Business Credit Cards,link_text,https://www.td.com/ca/en/business-banking/small-business/credit-cards
https://www.td.com/ca/en/about-td/for-investors/policies-and-references,business loan,url,https://www.td.com/ca/en/business-banking/small-business/credit/business-loan
https://www.td.com/ca/en/about-td/for-investors/policies-and-references,Business Mortgage,link_text,https://www.td.com/ca/en/business-banking/small-business/credit/business-mortgage
https://www.td.com/ca/en/about-td/for-investors/policies-and-references,Canada Small Business Financial Loan,link_text,https://www.td.com/ca/en/business-banking/small-business/credit/canada-small-business-financing-loan
https://www.td.com/ca/en/about-td/for-investors/policies-and-references,Agriculture Credit Solutions,link_text,https://www.td.com/ca/en/business-banking/small-business/credit/agricultural-solutions
https://www.td.com/ca/en/about-td/for-investors/policies-and-references,TD Auto Finance Small Business Vehicle Lending,link_text,https://www.td.com/ca/en/business-banking/small-business/credit/auto-finance-small-business-vehicle-lending
https://www.td.com/ca/en/about-td/for-investors/policies-and-references,Invest for your Business,link_text,https://www.td.com/ca/en/business-banking/small-business/investment
https://www.td.com/ca/en/about-td/for-investors/policies-and-references,Advice for your Profession or Industry,link_text,https://www.td.com/ca/en/business-banking/solutions/small-business/small-business-banking-advice/industry-expertise
https://www.td.com/ca/en/about-td/for-investors/policies-and-references,TD Merchant Solutions,link_text,https://www.td.com/ca/en/business-banking/small-business/payment-options/processing-solutions
https://www.td.com/ca/en/about-td/for-investors/policies-and-references,Foreign Currency Services,link_text,https://www.td.com/ca/en/business-banking/solutions/small-business/currency-exchange
https://www.td.com/ca/en/about-td/for-investors/policies-and-references,Employer Services,link_text,https://www.td.com/ca/en/business-banking/how-to/small-business/tools-and-resources
https://www.td.com/ca/en/about-td/for-investors/policies-and-references,Investing Home,link_text,https://www.td.com/ca/en/investing
https://www.td.com/ca/en/about-td/for-investors/policies-and-references,Direct Investing,link_text,https://www.td.com/ca/en/investing/direct-investing
https://www.td.com/ca/en/about-td/for-investors/policies-and-references,Accounts,link_text,https://www.td.com/ca/en/investing/direct-investing/accounts
https://www.td.com/ca/en/about-td/for-investors/policies-and-references,Commissions and Fees,link_text,https://www.td.com/ca/en/investing/direct-investing/pricing
https://www.td.com/ca/en/about-td/for-investors/policies-and-references,Trading Platforms,link_text,https://www.td.com/ca/en/investing/direct-investing/trading
https://www.td.com/ca/en/about-td/for-investors/policies-and-references,Investment Types,link_text,https://www.td.com/ca/en/investing/direct-investing/investment-types
https://www.td.com/ca/en/about-td/for-investors/policies-and-references,Investor Education,link_text,https://www.td.com/ca/en/investing/direct-investing/education
https://www.td.com/ca/en/about-td/for-investors/policies-and-references,TD Wealth,link_text,https://www.td.com/ca/en/investing/wealth
https://www.td.com/ca/en/about-td/for-investors/policies-and-references,Financial Planning,link_text,https://www.td.com/ca/en/investing/wealth/financial-planning
https://www.td.com/ca/en/about-td/for-investors/policies-and-references,Private Wealth Management,link_text,https://www.td.com/ca/en/investing/wealth/private-wealth-management
https://www.td.com/ca/en/about-td/for-investors/policies-and-references,Markets and Research,link_text,https://www.td.com/ca/en/investing/markets-research
https://www.td.com/ca/en/about-td/for-investors/policies-and-references,About TD,link_text,https://www.td.com/ca/en/about-td
https://www.td.com/ca/en/about-td/for-investors/policies-and-references,Unknown Title,unknown,https://www.td.com/ca/en/about-td/for-investors/investor-relations
https://www.td.com/ca/en/about-td/for-investors/policies-and-references,Economics,link_text,https://economics.td.com/Canada
https://www.td.com/ca/en/about-td/for-investors/policies-and-references,environmental social governance reporting,url,https://www.td.com/ca/en/about-td/for-investors/environmental-social-governance-reporting
https://www.td.com/ca/en/about-td/for-investors/policies-and-references,Diversity,link_text,https://www.td.com/ca/en/about-td/diversity-and-inclusion
https://www.td.com/ca/en/about-td/for-investors/policies-and-references,Supplier Information,link_text,https://www.td.com/ca/en/about-td/supplier-information
https://www.td.com/ca/en/about-td/for-investors/policies-and-references,TD Newsroom,link_text,https://stories.td.com/ca/en/
https://www.td.com/ca/en/about-td/for-investors/policies-and-references,Careers,link_text,https://careers.td.com/
https://www.td.com/ca/en/about-td/for-investors/policies-and-references,TD Commercial Banking,link_text,https://www.td.com/ca/en/commercial-banking
https://www.td.com/ca/en/about-td/for-investors/policies-and-references,TD Asset Management,link_text,https://www.td.com/ca/en/asset-management
https://www.td.com/ca/en/about-td/for-investors/policies-and-references,TD Securities,link_text,https://www.tdsecurities.com/ca/en
https://www.td.com/ca/en/about-td/for-investors/policies-and-references,TD Auto Finance,link_text,https://www.td.com/ca/en/commercial-banking/business-expertise/automotive-dealer-financing-solutions
https://www.td.com/ca/en/about-td/for-investors/policies-and-references,TD Bank Personal Banking,link_text,https://www.td.com/us/en/personal-banking
https://www.td.com/ca/en/about-td/for-investors/policies-and-references,TD Bank Small Business Banking,link_text,https://www.td.com/us/en/small-business
https://www.td.com/ca/en/about-td/for-investors/policies-and-references,TD Bank Commercial Banking,link_text,https://www.td.com/us/en/commercial-banking
https://www.td.com/ca/en/about-td/for-investors/policies-and-references,TD Auto Finance,link_text,https://www.td.com/us/en/commercial-banking/industry/auto-finance
https://www.td.com/ca/en/about-td/for-investors/policies-and-references,TD Wealth Private Client Group,link_text,https://www.td.com/us/en/investing/retirement-wealth-planning
https://www.td.com/ca/en/about-td/for-investors/policies-and-references,TD Bank Personal Financial Services,link_text,https://www.td.com/us/en/investing
https://www.ril.com/investors/financial-reporting/online-annual-report,Home Investors Financial Reporting Online Annual Report,html_context,https://www.ril.com/investors/financial-reporting/online-annual-report#main-navigation
https://www.ril.com/investors/financial-reporting/online-annual-report,Home Investors Financial Reporting Online Annual Report,html_context,https://www.ril.com/investors/financial-reporting/online-annual-report#!
https://www.ril.com/investors/financial-reporting/online-annual-report,Unknown Title,unknown,https://www.ril.com/
https://www.ril.com/investors/financial-reporting/online-annual-report,Notice Inviting Offer - Sale Of Gas From CBM Block SP (West) - CBM-2001/1,html_context,https://www.ril.com/investors/financial-reporting/online-annual-report
https://www.ril.com/investors/financial-reporting/online-annual-report,Notice Inviting Offer - Sale Of Gas From CBM Block SP (West) - CBM-2001/1,html_context,https://www.ril.com/eb2b
https://www.ril.com/investors/financial-reporting/online-annual-report,Notice Inviting Offer - Sale Of Gas From CBM Block SP (West) - CBM-2001/1,html_context,https://www.ril.com/eb2b/customers
https://www.ril.com/investors/financial-reporting/online-annual-report,Petrochemical Product Datasheets,link_text,https://www.ril.com/eb2b/customers/petrochemical-product-datasheets
https://www.ril.com/investors/financial-reporting/online-annual-report,Petrochemicals: New Customer Inquiry,link_text,https://petchemenquiry.ril.com/ems/customer-enquiry
https://www.ril.com/investors/financial-reporting/online-annual-report,Notice Inviting Offer - Sale Of Gas From CBM Block SP (West) - CBM-2001/1,html_context,https://www.ril.com/eb2b/suppliers
https://www.ril.com/investors/financial-reporting/online-annual-report,E&P Notices for EOI,link_text,https://www.ril.com/eb2b/suppliers
https://www.ril.com/investors/financial-reporting/online-annual-report,eProcurement,link_text,https://scm.ril.com/
https://www.ril.com/investors/financial-reporting/online-annual-report,portal,url,https://ebiz.ril.com/irj/portal
https://www.ril.com/investors/financial-reporting/online-annual-report,Retail Vendor Registration,link_text,https://supplierregistration.ril.com/
https://www.ril.com/investors/financial-reporting/online-annual-report,RIL Business Partner Code Of Conduct (BPCOC),link_text,https://www.ril.com/eb2b/bpcoc
https://www.ril.com/investors/financial-reporting/online-annual-report,Notice Inviting Offer - Sale Of Gas From CBM Block SP (West) - CBM-2001/1,html_context,https://www.ril.com/eb2b/notices
https://www.ril.com/investors/financial-reporting/online-annual-report,Notice Inviting Offer - Sale Of Gas From Block KG-DWN-98/3,link_text,https://www.ril.com/eb2b/notices/notice-inviting-offer-sale-of-gas-from
https://www.ril.com/investors/financial-reporting/online-annual-report,Notice Inviting Offer - Sale Of Gas From CBM Block SP (West) - CBM-2001/1,link_text,https://www.ril.com/eb2b/notices/notice-inviting-offer-sale-of-gas-from-cbm
https://www.ril.com/investors/financial-reporting/online-annual-report,Notice Inviting Tender - Sale Of Crude Oil from Block KG-DWN-98/3,link_text,https://www.ril.com/eb2b/notices/notice-inviting-offer-sale-of-crude-oil-from-block-kg-dwn-98-3
https://www.ril.com/investors/financial-reporting/online-annual-report,Notice Inviting Offer – Sale of condensate from Block KG-DWN-98/3,link_text,https://www.ril.com/eb2b/notices/notice-inviting-offer-sale-of-condensate-from-block-kg-dwn-08-nov
https://www.ril.com/investors/financial-reporting/online-annual-report,Notice Inviting EOI for Purchase of Old Helicopters (RIL/E&P/EOI/2025/05),link_text,https://www.ril.com/eb2b/notices/notice-inviting-EOI-for-purchase-of-old-helicopters
https://www.ril.com/investors/financial-reporting/online-annual-report,Fraud Alert,link_text,https://www.ril.com/fraud-alert
https://www.ril.com/investors/financial-reporting/online-annual-report,Contact Us,link_text,https://www.ril.com/contact-us
https://www.ril.com/investors/financial-reporting/online-annual-report,Click to hear text to speech,aria_label,javascript:void(0)
https://www.ril.com/investors/financial-reporting/online-annual-report,Click to switch contrast,aria_label,javascript:void(0)
https://www.ril.com/investors/financial-reporting/online-annual-report,void(0),url,javascript:void(0)
https://www.ril.com/investors/financial-reporting/online-annual-report,Unknown Title,unknown,https://www.ril.com/
https://www.ril.com/investors/financial-reporting/online-annual-report,About Our History Founder-Chairman Chairman & Managing Director Board of Directors Board Committees Awards,html_context,https://www.ril.com/investors/financial-reporting/online-annual-report
https://www.ril.com/investors/financial-reporting/online-annual-report,About Our History Founder-Chairman Chairman & Managing Director Board of Directors Board Committees Awards,html_context,https://www.ril.com/about
https://www.ril.com/investors/financial-reporting/online-annual-report,Our History,link_text,https://www.ril.com/about/our-history
https://www.ril.com/investors/financial-reporting/online-annual-report,Founder-Chairman,link_text,https://www.ril.com/about/founder-chairman
https://www.ril.com/investors/financial-reporting/online-annual-report,Chairman & Managing Director,link_text,https://www.ril.com/about/chairman-managing-director
https://www.ril.com/investors/financial-reporting/online-annual-report,Board of Directors,link_text,https://www.ril.com/about/board-of-directors
https://www.ril.com/investors/financial-reporting/online-annual-report,Board Committees,link_text,https://www.ril.com/about/board-committees
https://www.ril.com/investors/financial-reporting/online-annual-report,About Our History Founder-Chairman Chairman & Managing Director Board of Directors Board Committees Awards,html_context,https://www.ril.com/about/awards
https://www.ril.com/investors/financial-reporting/online-annual-report,About Our History Founder-Chairman Chairman & Managing Director Board of Directors Board Committees Awards,html_context,https://www.ril.com/about/our-impact
https://www.ril.com/investors/financial-reporting/online-annual-report,About Our History Founder-Chairman Chairman & Managing Director Board of Directors Board Committees Awards,html_context,https://www.ril.com/about/corporate-social-responsibility
https://www.ril.com/investors/financial-reporting/online-annual-report,RF Founder-Chairperson,link_text,https://www.ril.com/about/corporate-social-responsibility/rf-founder-chairperson
https://www.ril.com/investors/financial-reporting/online-annual-report,Reliance Foundation,link_text,https://www.ril.com/about/corporate-social-responsibility/reliance-foundation
https://www.ril.com/investors/financial-reporting/online-annual-report,About Our History Founder-Chairman Chairman & Managing Director Board of Directors Board Committees Awards,html_context,https://www.ril.com/about/products-brands
https://www.ril.com/investors/financial-reporting/online-annual-report,About Our History Founder-Chairman Chairman & Managing Director Board of Directors Board Committees Awards,html_context,https://www.ril.com/about/innovation
https://www.ril.com/investors/financial-reporting/online-annual-report,About Our History Founder-Chairman Chairman & Managing Director Board of Directors Board Committees Awards,html_context,https://www.ril.com/about/research-development
https://www.ril.com/investors/financial-reporting/online-annual-report,About Our History Founder-Chairman Chairman & Managing Director Board of Directors Board Committees Awards,html_context,https://www.ril.com/about/jiogennext
https://www.ril.com/investors/financial-reporting/online-annual-report,About Our History Founder-Chairman Chairman & Managing Director Board of Directors Board Committees Awards,html_context,https://www.ril.com/about/manufacturing-locations
https://www.ril.com/investors/financial-reporting/online-annual-report,online annual report,url,https://www.ril.com/investors/financial-reporting/online-annual-report
https://www.ril.com/investors/financial-reporting/online-annual-report,Retail Digital Services-Jio New Energy Materials Reliance Bioenergy Media & Entertainment,html_context,https://www.ril.com/businesses
https://www.ril.com/investors/financial-reporting/online-annual-report,Retail Digital Services-Jio New Energy Materials Reliance Bioenergy Media & Entertainment,html_context,https://www.ril.com/businesses/energy
https://www.ril.com/investors/financial-reporting/online-annual-report,Oil and Gas Exploration & Production,link_text,https://www.ril.com/businesses/energy/oil-gas-exploration-production
https://www.ril.com/investors/financial-reporting/online-annual-report,Refining & Marketing,link_text,https://www.ril.com/businesses/energy/refining-marketing
https://www.ril.com/investors/financial-reporting/online-annual-report,Retail Digital Services-Jio New Energy Materials Reliance Bioenergy Media & Entertainment,html_context,https://www.ril.com/businesses/petrochemicals
https://www.ril.com/investors/financial-reporting/online-annual-report,Textiles,link_text,https://www.ril.com/businesses/petrochemicals/textiles
https://www.ril.com/investors/financial-reporting/online-annual-report,Polymers,link_text,https://www.ril.com/businesses/petrochemicals/polymers
https://www.ril.com/investors/financial-reporting/online-annual-report,Polyesters,link_text,https://www.ril.com/businesses/petrochemicals/polyesters
https://www.ril.com/investors/financial-reporting/online-annual-report,Fibre Intermediates,link_text,https://www.ril.com/businesses/petrochemicals/fibre-intermediates
https://www.ril.com/investors/financial-reporting/online-annual-report,Aromatics,link_text,https://www.ril.com/businesses/petrochemicals/aromatics
https://www.ril.com/investors/financial-reporting/online-annual-report,Elastomers,link_text,https://www.ril.com/businesses/petrochemicals/elastomers
https://www.ril.com/investors/financial-reporting/online-annual-report,Reliance Composites Solutions,link_text,https://www.ril.com/businesses/petrochemicals/reliance-composites-solutions
https://www.ril.com/investors/financial-reporting/online-annual-report,Retail Digital Services-Jio New Energy Materials Reliance Bioenergy Media & Entertainment,html_context,https://www.ril.com/businesses/retail
https://www.ril.com/investors/financial-reporting/online-annual-report,Retail Digital Services-Jio New Energy Materials Reliance Bioenergy Media & Entertainment,html_context,https://www.ril.com/businesses/digital-services-jio
https://www.ril.com/investors/financial-reporting/online-annual-report,Retail Digital Services-Jio New Energy Materials Reliance Bioenergy Media & Entertainment,html_context,https://www.ril.com/businesses/new-energy-materials
https://www.ril.com/investors/financial-reporting/online-annual-report,Reliance Bioenergy,link_text,https://www.ril.com/businesses/new-energy-materials/reliance-bioenergy
https://www.ril.com/investors/financial-reporting/online-annual-report,Retail Digital Services-Jio New Energy Materials Reliance Bioenergy Media & Entertainment,html_context,https://www.ril.com/businesses/media-entertainment
https://www.ril.com/investors/financial-reporting/online-annual-report,"Sustainability Decarbonisation Net-Zero Carbon Health, Safety & Environment",html_context,https://www.ril.com/investors/financial-reporting/online-annual-report
https://www.ril.com/investors/financial-reporting/online-annual-report,"Sustainability Decarbonisation Net-Zero Carbon Health, Safety & Environment",html_context,https://www.ril.com/sustainability
https://www.ril.com/investors/financial-reporting/online-annual-report,"Sustainability Decarbonisation Net-Zero Carbon Health, Safety & Environment",html_context,https://www.ril.com/sustainability/decarbonisation
https://www.ril.com/investors/financial-reporting/online-annual-report,"Sustainability Decarbonisation Net-Zero Carbon Health, Safety & Environment",html_context,https://www.ril.com/sustainability/net-zero-carbon
https://www.ril.com/investors/financial-reporting/online-annual-report,"Sustainability Decarbonisation Net-Zero Carbon Health, Safety & Environment",html_context,https://www.ril.com/sustainability/health-safety-environment
https://www.ril.com/investors/financial-reporting/online-annual-report,"Reports, Results & Presentations",html_context,https://www.ril.com/investors/financial-reporting/online-annual-report
https://www.ril.com/investors/financial-reporting/online-annual-report,"Reports, Results & Presentations",html_context,https://www.ril.com/investors/investor-relations
https://www.ril.com/investors/financial-reporting/online-annual-report,"Reports, Results & Presentations",html_context,https://www.ril.com/investors/financial-reporting
https://www.ril.com/investors/financial-reporting/online-annual-report,"Reports, Results & Presentations",link_text,https://www.ril.com/investors/financial-reporting
https://www.ril.com/investors/financial-reporting/online-annual-report,Webcast & Transcripts,link_text,https://www.ril.com/investors/events-presentations#webcast-sec
https://www.ril.com/investors/financial-reporting/online-annual-report,Online Annual Report,link_text,https://www.ril.com/investors/financial-reporting/online-annual-report
https://www.ril.com/investors/financial-reporting/online-annual-report,financial reporting,url,https://www.ril.com/investors/financial-reporting#credit-sec
https://www.ril.com/investors/financial-reporting/online-annual-report,"Reports, Results & Presentations",html_context,https://www.ril.com/investors/shares
https://www.ril.com/investors/financial-reporting/online-annual-report,Stock Quote,link_text,https://www.ril.com/investors/shares#quote-sec
https://www.ril.com/investors/financial-reporting/online-annual-report,Stock Chart,link_text,https://www.ril.com/investors/shares#chart-sec
https://www.ril.com/investors/financial-reporting/online-annual-report,Historical Stock Price,link_text,https://www.ril.com/investors/shares#history-sec
https://www.ril.com/investors/financial-reporting/online-annual-report,Investment Calculator,link_text,https://www.ril.com/investors/shares#calculator-sec
https://www.ril.com/investors/financial-reporting/online-annual-report,Dividend & Shares,link_text,https://www.ril.com/investors/shares/dividend-shares
https://www.ril.com/investors/financial-reporting/online-annual-report,Notice Of Forfeiture,link_text,https://www.ril.com/investors/notice-of-forfeiture
https://www.ril.com/investors/financial-reporting/online-annual-report,"Reports, Results & Presentations",html_context,https://www.ril.com/investors/shareholders-information
https://www.ril.com/investors/financial-reporting/online-annual-report,Integrated Filing,link_text,https://www.ril.com/investors/shareholders-information/integrated-filing
https://www.ril.com/investors/financial-reporting/online-annual-report,Corporate Governance Report,link_text,https://www.ril.com/investors/shareholders-information/corporate-governance
https://www.ril.com/investors/financial-reporting/online-annual-report,Shareholding Pattern,link_text,https://www.ril.com/investors/shareholders-information/shareholding-pattern
https://www.ril.com/investors/financial-reporting/online-annual-report,Corporate Announcements,link_text,https://www.ril.com/investor/resource-center/corporate-announcements
https://www.ril.com/investors/financial-reporting/online-annual-report,Other Filings with Stock Exchanges,link_text,https://www.ril.com/investors/shareholders-information/communication-to-shareholders#other
https://www.ril.com/investors/financial-reporting/online-annual-report,Policies,link_text,https://www.ril.com/investors/shareholders-information/policies
https://www.ril.com/investors/financial-reporting/online-annual-report,Notices,link_text,https://www.ril.com/investors/resource-center/notices
https://www.ril.com/investors/financial-reporting/online-annual-report,Statutory Filings,link_text,https://www.ril.com/investors/resource-center/statutory-filings
https://www.ril.com/investors/financial-reporting/online-annual-report,Scheme of Arrangement,link_text,https://www.ril.com/investors/shareholders-information/scheme-of-arrangement
https://www.ril.com/investors/financial-reporting/online-annual-report,Investor Contacts,link_text,https://www.ril.com/investors/shareholders-information/investor-contacts
https://www.ril.com/investors/financial-reporting/online-annual-report,Grievance Management,link_text,https://www.ril.com/investors/shareholders-information/grievance-management
https://www.ril.com/investors/financial-reporting/online-annual-report,Communication to Shareholders,link_text,https://www.ril.com/investors/shareholders-information/communication-to-shareholders
https://www.ril.com/investors/financial-reporting/online-annual-report,Chairman's Statement,link_text,https://www.ril.com/investors/events-presentations#chairmans-sec
https://www.ril.com/investors/financial-reporting/online-annual-report,Unknown Title,unknown,https://www.ril.com/investors/resource-center/forms
https://www.ril.com/investors/financial-reporting/online-annual-report,"Disclosures under Regulation 46 and 62 of SEBI (LODR) Regulations, 2015",link_text,https://www.ril.com/investors/shareholders-information/disclosures-under-regulation-46-and-62-of-sebi-lord-regulations-2015
https://www.ril.com/investors/financial-reporting/online-annual-report,"Reports, Results & Presentations",html_context,https://www.ril.com/investors/subsidiaries-associates
https://www.ril.com/investors/financial-reporting/online-annual-report,Financial Statements of Subsidiaries,link_text,https://www.ril.com/investors/subsidiaries-associates/financial-statements-of-subsidiaries
https://www.ril.com/investors/financial-reporting/online-annual-report,Major Subsidiaries & Associates,link_text,https://www.ril.com/investors/subsidiaries-associates/major-subsidiaries-associates-list
https://www.ril.com/investors/financial-reporting/online-annual-report,"Reports, Results & Presentations",html_context,https://www.ril.com/investors/resource-center
https://www.ril.com/investors/financial-reporting/online-annual-report,Other Important Documents,link_text,https://www.ril.com/investors/resource-center/other-important-documents
https://www.ril.com/investors/financial-reporting/online-annual-report,Tax Strategy & Policy,link_text,https://www.ril.com/investors/resource-center/tax-strategy-policy
https://www.ril.com/investors/financial-reporting/online-annual-report,Petitions,link_text,https://www.ril.com/investors/resource-center/petitions
https://www.ril.com/investors/financial-reporting/online-annual-report,Electricity Trading,link_text,https://www.ril.com/investors/resource-center/electricity_trading
https://www.ril.com/investors/financial-reporting/online-annual-report,online annual report,url,https://www.ril.com/investors/financial-reporting/online-annual-report
https://www.ril.com/investors/financial-reporting/online-annual-report,Careers Working at Reliance Group Search & Apply,html_context,https://www.ril.com/careers
https://www.ril.com/investors/financial-reporting/online-annual-report,Working at Reliance Group,link_text,https://www.ril.com/careers/working-at-reliance-group
https://www.ril.com/investors/financial-reporting/online-annual-report,Careers Working at Reliance Group Search & Apply,html_context,https://www.ril.com/careers/search-apply
https://www.ril.com/investors/financial-reporting/online-annual-report,online annual report,url,https://www.ril.com/investors/financial-reporting/online-annual-report
https://www.ril.com/investors/financial-reporting/online-annual-report,News & Media Press Releases Events Resource Center Media Kit Videos Publications & Brochures,html_context,https://www.ril.com/news-media
https://www.ril.com/investors/financial-reporting/online-annual-report,Press Releases,link_text,https://www.ril.com/news-media/press-releases
https://www.ril.com/investors/financial-reporting/online-annual-report,News & Media Press Releases Events Resource Center Media Kit Videos Publications & Brochures,html_context,https://www.ril.com/news-media/events
https://www.ril.com/investors/financial-reporting/online-annual-report,News & Media Press Releases Events Resource Center Media Kit Videos Publications & Brochures,html_context,https://www.ril.com/news-media/resource-center
https://www.ril.com/investors/financial-reporting/online-annual-report,Media Kit,link_text,https://www.ril.com/news-media/resource-center/media-kit
https://www.ril.com/investors/financial-reporting/online-annual-report,Videos,link_text,https://www.ril.com/news-media/resource-center/videos
https://www.ril.com/investors/financial-reporting/online-annual-report,Publications & Brochures,link_text,https://www.ril.com/news-media/resource-center/publications-brochures
https://www.ril.com/investors/financial-reporting/online-annual-report,Notice Inviting Offer - Sale Of Gas From CBM Block SP (West) - CBM-2001/1,html_context,https://www.ril.com/investors/financial-reporting/online-annual-report
https://www.ril.com/investors/financial-reporting/online-annual-report,Notice Inviting Offer - Sale Of Gas From CBM Block SP (West) - CBM-2001/1,html_context,https://www.ril.com/eb2b
https://www.ril.com/investors/financial-reporting/online-annual-report,Notice Inviting Offer - Sale Of Gas From CBM Block SP (West) - CBM-2001/1,html_context,https://www.ril.com/eb2b/customers
https://www.ril.com/investors/financial-reporting/online-annual-report,Petrochemical Product Datasheets,link_text,https://www.ril.com/eb2b/customers/petrochemical-product-datasheets
https://www.ril.com/investors/financial-reporting/online-annual-report,Petrochemicals: New Customer Inquiry,link_text,https://petchemenquiry.ril.com/ems/customer-enquiry
https://www.ril.com/investors/financial-reporting/online-annual-report,Notice Inviting Offer - Sale Of Gas From CBM Block SP (West) - CBM-2001/1,html_context,https://www.ril.com/eb2b/suppliers
https://www.ril.com/investors/financial-reporting/online-annual-report,E&P Notices for EOI,link_text,https://www.ril.com/eb2b/suppliers
https://www.ril.com/investors/financial-reporting/online-annual-report,eProcurement,link_text,https://scm.ril.com/
https://www.ril.com/investors/financial-reporting/online-annual-report,portal,url,https://ebiz.ril.com/irj/portal
https://www.ril.com/investors/financial-reporting/online-annual-report,Retail Vendor Registration,link_text,https://supplierregistration.ril.com/
https://www.ril.com/investors/financial-reporting/online-annual-report,RIL Business Partner Code Of Conduct (BPCOC),link_text,https://www.ril.com/eb2b/bpcoc
https://www.ril.com/investors/financial-reporting/online-annual-report,Notice Inviting Offer - Sale Of Gas From CBM Block SP (West) - CBM-2001/1,html_context,https://www.ril.com/eb2b/notices
https://www.ril.com/investors/financial-reporting/online-annual-report,Notice Inviting Offer - Sale Of Gas From Block KG-DWN-98/3,link_text,https://www.ril.com/eb2b/notices/notice-inviting-offer-sale-of-gas-from
https://www.ril.com/investors/financial-reporting/online-annual-report,Notice Inviting Offer - Sale Of Gas From CBM Block SP (West) - CBM-2001/1,link_text,https://www.ril.com/eb2b/notices/notice-inviting-offer-sale-of-gas-from-cbm
https://www.ril.com/investors/financial-reporting/online-annual-report,Notice Inviting Tender - Sale Of Crude Oil from Block KG-DWN-98/3,link_text,https://www.ril.com/eb2b/notices/notice-inviting-offer-sale-of-crude-oil-from-block-kg-dwn-98-3
https://www.ril.com/investors/financial-reporting/online-annual-report,Notice Inviting Offer – Sale of condensate from Block KG-DWN-98/3,link_text,https://www.ril.com/eb2b/notices/notice-inviting-offer-sale-of-condensate-from-block-kg-dwn-08-nov
https://www.ril.com/investors/financial-reporting/online-annual-report,Notice Inviting EOI for Purchase of Old Helicopters (RIL/E&P/EOI/2025/05),link_text,https://www.ril.com/eb2b/notices/notice-inviting-EOI-for-purchase-of-old-helicopters
https://www.ril.com/investors/financial-reporting/online-annual-report,Fraud Alert,link_text,https://www.ril.com/fraud-alert
https://www.ril.com/investors/financial-reporting/online-annual-report,Contact Us,link_text,https://www.ril.com/contact-us
https://www.ril.com/investors/financial-reporting/online-annual-report,Click to hear text to speech,aria_label,javascript:void(0)
https://www.ril.com/investors/financial-reporting/online-annual-report,Click to switch contrast,aria_label,javascript:void(0)
https://www.ril.com/investors/financial-reporting/online-annual-report,void(0),url,javascript:void(0)
https://www.ril.com/investors/financial-reporting/online-annual-report,Unknown Title,unknown,https://www.ril.com/
https://www.ril.com/investors/financial-reporting/online-annual-report,Investors,link_text,http://www.ril.com/investors/investor-relations
https://www.ril.com/investors/financial-reporting/online-annual-report,Financial Reporting,link_text,http://www.ril.com/investors/financial-reporting
https://www.ril.com/investors/financial-reporting/online-annual-report,Online Annual Report 2025-26,link_text,https://www.ril.com/ar2025-26/index.html
https://www.ril.com/investors/financial-reporting/online-annual-report,Business Responsibility and Sustainability Report 2025-26,link_text,https://rilstaticasset.akamaized.net/sites/default/files/reports/BRSR202526.pdf
https://www.ril.com/investors/financial-reporting/online-annual-report,Online Annual Report 2024-25,link_text,https://www.ril.com/ar2024-25/index.html
https://www.ril.com/investors/financial-reporting/online-annual-report,Business Responsibility and Sustainability Report 2024-25,link_text,https://rilstaticasset.akamaized.net/sites/default/files/2025-08/BRSR202425.pdf
https://www.ril.com/investors/financial-reporting/online-annual-report,Online Annual Report 2023-24,link_text,https://www.ril.com/ar2023-24/index.html
https://www.ril.com/investors/financial-reporting/online-annual-report,Business Responsibility and Sustainability Report 2023-24,link_text,https://rilstaticasset.akamaized.net/sites/default/files/2024-08/BRSR202324.pdf
https://www.ril.com/investors/financial-reporting/online-annual-report,Online Annual Report 2022-23,link_text,https://rilstaticasset.akamaized.net/sites/default/files/2023-09/RIL-Integrated-Annual-Report-2022-23.pdf
https://www.ril.com/investors/financial-reporting/online-annual-report,Business Responsibility and Sustainability Report 2022-23,link_text,https://rilstaticasset.akamaized.net/sites/default/files/2023-08/BRSR202223.pdf
https://www.ril.com/investors/financial-reporting/online-annual-report,Online Annual Report 2021-22,link_text,https://www.ril.com/ar2021-22/index.html
https://www.ril.com/investors/financial-reporting/online-annual-report,Business Responsibility Report 2021-22,link_text,https://rilstaticasset.akamaized.net/sites/default/files/2023-01/BRR202122.pdf
https://www.ril.com/investors/financial-reporting/online-annual-report,Online Annual Report 2020-21,link_text,https://www.ril.com/ar2020-21/index.html
https://www.ril.com/investors/financial-reporting/online-annual-report,Business Responsibility Report 2020-21,link_text,https://rilstaticasset.akamaized.net/sites/default/files/2023-01/BRR202021.pdf
https://www.ril.com/investors/financial-reporting/online-annual-report,Online Annual Report 2019-20,link_text,https://www.ril.com/ar2019-20/index.html
https://www.ril.com/investors/financial-reporting/online-annual-report,Business Responsibility Report 2019-20,link_text,https://rilstaticasset.akamaized.net/sites/default/files/2023-01/BRR201920.pdf
https://www.ril.com/investors/financial-reporting/online-annual-report,Online Annual Report 2018-19,link_text,https://rilstaticasset.akamaized.net/sites/default/files/2023-12/ril-annual-report-2019.pdf
https://www.ril.com/investors/financial-reporting/online-annual-report,Sustainability Report 2017-18,link_text,https://rilstaticasset.akamaized.net/sites/default/files/2023-11/RILs-Sustainability-Report-2017-18.pdf
https://www.ril.com/investors/financial-reporting/online-annual-report,Sustainability Report 2016-17,link_text,https://rilstaticasset.akamaized.net/sites/default/files/2023-11/RIL-Sustainability-Report-2016-17.pdf
https://www.ril.com/investors/financial-reporting/online-annual-report,Sustainability Report 2015-16,link_text,https://rilstaticasset.akamaized.net/sites/default/files/2023-11/RIL-G4-Sustainability-Report-2016.pdf
https://www.ril.com/investors/financial-reporting/online-annual-report,Sustainability Report 2014-15 (GRI G4),link_text,https://rilstaticasset.akamaized.net/sites/default/files/2023-11/RIL-G4-Sustainability-Report-2014-15.pdf
https://www.ril.com/investors/financial-reporting/online-annual-report,Sustainability Report 2014-15 (GRI G3.1),link_text,https://rilstaticasset.akamaized.net/sites/default/files/2023-11/RIL-G3.1-Sustainability-Report-2014-15.pdf
https://www.ril.com/investors/financial-reporting/online-annual-report,Sustainability Report 2013-14,link_text,https://rilstaticasset.akamaized.net/sites/default/files/2023-11/ril_sr2013_14.pdf
https://www.ril.com/investors/financial-reporting/online-annual-report,Sustainability Report 2012-13,link_text,https://rilstaticasset.akamaized.net/sites/default/files/2023-11/ril_sr2012_13.pdf
https://www.ril.com/investors/financial-reporting/online-annual-report,Sustainability Report 2011-12,link_text,https://rilstaticasset.akamaized.net/sites/default/files/2023-11/ril_sr2011_12.pdf
https://www.ril.com/investors/financial-reporting/online-annual-report,Sustainability Report 2010-11,link_text,https://rilstaticasset.akamaized.net/sites/default/files/2023-11/ril_sr2010_11.pdf
https://www.ril.com/investors/financial-reporting/online-annual-report,Sustainability Report 2009-10,link_text,https://rilstaticasset.akamaized.net/sites/default/files/2023-11/RIL_SR2009_10.pdf
https://www.ril.com/investors/financial-reporting/online-annual-report,Sustainability Report 2008-09,link_text,https://rilstaticasset.akamaized.net/sites/default/files/2023-11/RIL_SR2008_09.pdf
https://www.ril.com/investors/financial-reporting/online-annual-report,Sustainability Report 2007-08,link_text,https://rilstaticasset.akamaized.net/sites/default/files/2023-11/RIL_SR2007_08.pdf
https://www.ril.com/investors/financial-reporting/online-annual-report,Sustainability Report 2006-07,link_text,https://rilstaticasset.akamaized.net/sites/default/files/2023-11/RIL-SR2006-07.pdf
https://www.ril.com/investors/financial-reporting/online-annual-report,Sustainability Report 2005-06,link_text,https://rilstaticasset.akamaized.net/sites/default/files/2023-11/RIL_CSR_2006.pdf
https://www.ril.com/investors/financial-reporting/online-annual-report,Sustainability Report 2004-05,link_text,https://rilstaticasset.akamaized.net/sites/default/files/2023-11/RIL_CSR_2005.pdf
https://www.ril.com/investors/financial-reporting/online-annual-report,Reliance Industries Limited of Facebook,aria_label,https://www.facebook.com/RelianceIndustriesLimited
https://www.ril.com/investors/financial-reporting/online-annual-report,Reliance Industries Limited of Instagram,aria_label,https://www.instagram.com/relianceupdates/?hl=en
https://www.ril.com/investors/financial-reporting/online-annual-report,Reliance Industries Limited of Twitter,aria_label,https://twitter.com/RIL_Updates
https://www.ril.com/investors/financial-reporting/online-annual-report,Reliance Industries Limited of LinkedIn,aria_label,https://www.linkedin.com/company/reliance
https://www.ril.com/investors/financial-reporting/online-annual-report,Reliance Industries Limited of YouTube,aria_label,https://www.youtube.com/user/flameoftruth2014
https://www.ril.com/investors/financial-reporting/online-annual-report,Unknown Title,unknown,https://www.ril.com/about
https://www.ril.com/investors/financial-reporting/online-annual-report,Our History,link_text,https://www.ril.com/about/our-history
https://www.ril.com/investors/financial-reporting/online-annual-report,Founder-Chairman,link_text,https://www.ril.com/about/founder-chairman
https://www.ril.com/investors/financial-reporting/online-annual-report,Chairman & Managing Director,link_text,https://www.ril.com/about/chairman-managing-director
https://www.ril.com/investors/financial-reporting/online-annual-report,Board of Directors,link_text,https://www.ril.com/about/board-of-directors
https://www.ril.com/investors/financial-reporting/online-annual-report,Board Committees,link_text,https://www.ril.com/about/board-committees
https://www.ril.com/investors/financial-reporting/online-annual-report,Awards,link_text,https://www.ril.com/about/awards
https://www.ril.com/investors/financial-reporting/online-annual-report,Our Impact,link_text,https://www.ril.com/about/our-impact
https://www.ril.com/investors/financial-reporting/online-annual-report,Corporate Social Responsibility,link_text,https://www.ril.com/about/corporate-social-responsibility
https://www.ril.com/investors/financial-reporting/online-annual-report,JioGenNext,link_text,https://www.ril.com/about/jiogennext
https://www.ril.com/investors/financial-reporting/online-annual-report,Innovation,link_text,https://www.ril.com/about/innovation
https://www.ril.com/investors/financial-reporting/online-annual-report,Research & Technology Development,link_text,https://www.ril.com/about/research-development
https://www.ril.com/investors/financial-reporting/online-annual-report,Products & Brands,link_text,https://www.ril.com/about/products-brands
https://www.ril.com/investors/financial-reporting/online-annual-report,Manufacturing Locations,link_text,https://www.ril.com/about/manufacturing-locations
https://www.ril.com/investors/financial-reporting/online-annual-report,Sustainability,link_text,https://www.ril.com/sustainability
https://www.ril.com/investors/financial-reporting/online-annual-report,Decarbonisation,link_text,https://www.ril.com/sustainability/decarbonisation
https://www.ril.com/investors/financial-reporting/online-annual-report,Net-Zero Carbon,link_text,https://www.ril.com/sustainability/net-zero-carbon
https://www.ril.com/investors/financial-reporting/online-annual-report,"Health, Safety & Environment",link_text,https://www.ril.com/sustainability/health-safety-environment
https://www.ril.com/investors/financial-reporting/online-annual-report,Businesses,link_text,https://www.ril.com/businesses
https://www.ril.com/investors/financial-reporting/online-annual-report,Digital Services-Jio,link_text,https://www.ril.com/businesses/digital-services-jio
https://www.ril.com/investors/financial-reporting/online-annual-report,Retail,link_text,https://www.ril.com/businesses/retail
https://www.ril.com/investors/financial-reporting/online-annual-report,Energy,link_text,https://www.ril.com/businesses/energy
https://www.ril.com/investors/financial-reporting/online-annual-report,Petrochemicals,link_text,https://www.ril.com/businesses/petrochemicals
https://www.ril.com/investors/financial-reporting/online-annual-report,Media & Entertainment,link_text,https://www.ril.com/businesses/media-entertainment
https://www.ril.com/investors/financial-reporting/online-annual-report,Unknown Title,unknown,https://www.ril.com/eb2b
https://www.ril.com/investors/financial-reporting/online-annual-report,Customers,link_text,https://www.ril.com/eb2b/customers
https://www.ril.com/investors/financial-reporting/online-annual-report,Suppliers,link_text,https://www.ril.com/eb2b/suppliers
https://www.ril.com/investors/financial-reporting/online-annual-report,Notices,link_text,https://www.ril.com/eb2b/notices
https://www.ril.com/investors/financial-reporting/online-annual-report,Partner Code of Conduct,link_text,https://www.ril.com/eb2b/bpcoc
https://www.ril.com/investors/financial-reporting/online-annual-report,Investors,link_text,https://www.ril.com/investors/investor-relations
https://www.ril.com/investors/financial-reporting/online-annual-report,Financial Reporting,link_text,https://www.ril.com/investors/financial-reporting
https://www.ril.com/investors/financial-reporting/online-annual-report,Shares,link_text,https://www.ril.com/investors/shares
https://www.ril.com/investors/financial-reporting/online-annual-report,Events & Presentations,link_text,https://www.ril.com/investors/events-presentations
https://www.ril.com/investors/financial-reporting/online-annual-report,Subsidiaries & Associates,link_text,https://www.ril.com/investors/subsidiaries-associates
https://www.ril.com/investors/financial-reporting/online-annual-report,Shareholders' Information,link_text,https://www.ril.com/investors/shareholders-information
https://www.ril.com/investors/financial-reporting/online-annual-report,Resource Centre,link_text,https://www.ril.com/investors/resource-center
https://www.ril.com/investors/financial-reporting/online-annual-report,Notice Of Forfeiture,link_text,https://www.ril.com/investors/shares/notice-of-forfeiture
https://www.ril.com/investors/financial-reporting/online-annual-report,News & Media,link_text,https://www.ril.com/news-media
https://www.ril.com/investors/financial-reporting/online-annual-report,Press Releases,link_text,https://www.ril.com/news-media/press-releases
https://www.ril.com/investors/financial-reporting/online-annual-report,Resource Centre,link_text,https://www.ril.com/news-media/resource-center/media-kit
https://www.ril.com/investors/financial-reporting/online-annual-report,Events,link_text,https://www.ril.com/news-media/events
https://www.ril.com/investors/financial-reporting/online-annual-report,Careers,link_text,https://www.ril.com/careers
https://www.ril.com/investors/financial-reporting/online-annual-report,Working at Reliance Group,link_text,https://www.ril.com/careers/working-at-reliance-group
https://www.ril.com/investors/financial-reporting/online-annual-report,Equal Opportunity Policy,link_text,https://www.ril.com/careers/working-at-reliance-group#equal-opportunity
https://www.ril.com/investors/financial-reporting/online-annual-report,Search and Apply,link_text,https://www.ril.com/careers/search-apply
https://www.ril.com/investors/financial-reporting/online-annual-report,Unknown Title,unknown,https://www.ajio.com/
https://www.ril.com/investors/financial-reporting/online-annual-report,index.html,fallback_filename,https://www.jio.com/index.html
https://www.ril.com/investors/financial-reporting/online-annual-report,Jio-bp,link_text,https://www.jiobp.com/
https://www.ril.com/investors/financial-reporting/online-annual-report,JioMart,link_text,https://www.jiomart.com/
https://www.ril.com/investors/financial-reporting/online-annual-report,Jio World Centre,link_text,https://www.jioworldcentre.com/
https://www.ril.com/investors/financial-reporting/online-annual-report,Mumbai Indians,link_text,https://www.mumbaiindians.com/
https://www.ril.com/investors/financial-reporting/online-annual-report,Nita Mukesh Ambani Cultural Centre,link_text,https://nmacc.com/
https://www.ril.com/investors/financial-reporting/online-annual-report,Reliance Foundation,link_text,https://www.reliancefoundation.org/
https://www.ril.com/investors/financial-reporting/online-annual-report,Reliance Retail,link_text,https://relianceretail.com/
https://www.ril.com/investors/financial-reporting/online-annual-report,Unknown Title,unknown,https://www.tirabeauty.com/
https://www.ril.com/investors/financial-reporting/online-annual-report,Contact Us,link_text,https://www.ril.com/contact-us
https://www.ril.com/investors/financial-reporting/online-annual-report,Fraud Alert - Global,link_text,https://www.ril.com/careers/search-apply/fraud-alert-global
https://www.ril.com/investors/financial-reporting/online-annual-report,Unknown Title,unknown,https://www.ril.com/
https://www.ril.com/investors/financial-reporting/online-annual-report,Privacy Policy,link_text,https://www.ril.com/privacy-policy
https://www.ril.com/investors/financial-reporting/online-annual-report,Legal Notice,link_text,https://www.ril.com/legal-notice
https://www.ril.com/investors/financial-reporting/online-annual-report,Report Security Issue,link_text,mailto:infosecurity.alerts@zmail.ril.com
https://www.ril.com/investors/financial-reporting/online-annual-report,Home Investors Financial Reporting Online Annual Report,html_context,javascript:void(0)
https://www.ril.com/investors/financial-reporting/online-annual-report,RIL NIO RFP CBM 2026 001 14 Jan 2026,browser_or_html_text,https://rilstaticasset.akamaized.net/sites/default/files/2026-01/RIL-NIO-RFP-CBM-2026-001-14-Jan-2026.pdf
